peak_speed_dps,mean_speed_dps,speed_at_kill_dps,peak_accel,err_at_kill_deg,err_mean_last10_deg,err_min_deg,settled_ticks,err_units_at_kill,err_units_mean_last10,settled_ticks_units,distance_units,victim_speed_ups,victim_moved_5s,anchor_tick,kill_tick_to_first_shot,burst_shots,burst_hits,first_shot_hit,has_shot_data,demo,source,map,tick,player,weapon,headshot,penetrated,thrusmoke,noscope,attackerblind,attackerinair,attacker_ping_ms,attacker_duck,victim_duck,wclass,anomaly_score,flagged,goto_tick
28.1474609375,16.426407574531968,11.472993266369004,814.819548523027,17.386202455643602,18.860229984767464,17.386202455643602,0,291.95770480930264,323.1886470273145,0,932.332183744931,217.33861888839564,1089.305239674393,95191,73,6,1,False,True,luminosity-vs-nemiga-m2-dust2,pro,de_dust2,95264,95f0d4db09,fiveseven,True,False,False,False,False,False,0.0,0.0,0.0,pistol,0.6882949058315996,True,94999
0.0,0.0,0.0,0.0,0.1438299117983545,0.236404111581566,0.1438299117983545,52,3.0621076045568585,5.033144282943406,20,1219.7352111932244,79.78059306886655,327.50409948945617,57292,0,1,1,True,True,match730_003845735833772490759_0956054515_272,own,de_inferno,57292,132f8af47c,ak47,False,False,False,False,False,False,11.0,0.0,0.0,rifle,0.6765569396015353,True,57100
0.0,0.0,0.0,0.0,2.7190487958538045,2.5937328192083906,0.2517941143893719,42,32.344552900613344,30.85786552718924,0,680.1409842143207,121.74704792786042,279.2426655983536,9541,0,1,1,True,True,match730_003846224175849013887_1403891103_383,own,de_anubis,9541,04d29c9bb8,ak47,False,False,False,False,False,False,139.0,0.0,0.0,rifle,0.6704618538693733,True,9349
0.0,0.0,0.0,0.0,2.861028591447057,2.876135368463903,2.8555700565624766,12,38.41061776325407,38.5918922049619,0,768.4760166763502,71.33383667050362,487.8098514437712,61289,11,3,1,False,True,luminosity-vs-nemiga-m1-cache,pro,de_cache,61300,74c7d1f104,m4a1,True,False,False,False,False,False,0.0,1.0,0.0,rifle,0.6550199437567598,True,61097
1.384765625,0.1497039794921875,0.0,88.625,0.4156061304331017,0.4475529146415631,0.4156061304331017,65,10.154354134499712,10.934834695019584,22,1395.7518201697844,51.71667132407234,219.56601761190709,51893,7,2,2,True,True,match730_003845721267390906757_0873910189_273,own,de_anubis,51900,b0848df2ab,aug,True,False,False,False,False,False,38.0,0.0,0.0,rifle,0.6459937220799065,True,51701
0.0,0.0,0.0,0.0,1.095742812140988,1.083527151206772,0.9627647323983376,15,8.163423775248539,8.128402534028291,13,406.6008164540348,133.99858187125784,408.8038037426864,104494,0,1,1,True,True,match730_003833678395988770820_2132169428_161,own,de_dust2,104494,b2feea7c7d,ak47,True,False,False,False,False,False,24.0,0.0,0.0,rifle,0.6454882413814927,True,104302
595.4682094598547,117.15504196556056,286.0505628580761,13480.305975858457,7.139854367106377,9.728590761436177,2.2186558371072365,0,130.61253798143153,179.77081409646158,0,1038.4908018311537,5.19160168229336,91.50812871558448,31576,30,4,1,False,True,astralis-vs-fnatic-m2-ancient,pro,de_ancient,31606,95b933ed7c,ak47,True,False,False,False,False,False,0.0,0.0,0.1548792123794555,rifle,0.6332918036111296,True,31384
1.8896484375,0.0295257568359375,0.0,120.9375,0.4887103146305286,0.522925591848715,0.4409467098092765,65,10.939475209693745,11.70665540604976,11,1282.438329896817,78.68948338743743,281.57301976490044,110495,0,1,1,True,True,astralis-vs-fnatic-m1-dust2,pro,de_dust2,110495,fe19e6103c,usp_silencer,True,False,False,False,False,False,0.0,0.0,0.0,pistol,0.6325554834958643,True,110303
375.8905886546879,76.62443346403154,16.91032381160687,4504.454328607801,9.224269385605613,9.46636329492622,6.365351277577635,0,201.1721193220685,206.31104573838743,0,1238.141510089444,70.68130111823282,176.54862244566934,92811,125,10,3,False,True,luminosity-vs-nemiga-m1-cache,pro,de_cache,92936,524f4d4415,glock,False,False,False,False,False,False,0.0,0.0,0.0,pistol,0.6302055312221407,True,92619
0.263671875,0.00823974609375,0.0,16.875,0.5201062409983769,0.520099790947546,0.5031464150318634,65,21.15955145503724,21.159289072733685,0,2326.1395148996485,5.646897289519007,246.20554295230903,101795,0,1,1,True,True,match730_003845848209444307084_2046226831_274,own,de_dust2,101795,1d8a841068,awp,True,False,False,False,False,False,23.0,0.0,0.0,sniper,0.6289963515718805,True,101603
8.815004466332113,1.509629593345828,0.0,356.02826432742665,0.308653801602444,0.2739861275930118,0.1216323330540058,65,12.439186122533137,11.031234358988009,16,2304.765744460796,107.86720223134805,220.23896561277945,94780,0,1,1,True,True,match730_003845848209444307084_2046226831_274,own,de_dust2,94780,bfb8267f0c,ak47,True,False,False,False,False,False,31.0,0.0,0.0,rifle,0.6277580915175613,True,94588
24.70527710006268,4.957949904004639,1.1080768374453254,606.925054568484,1.4682413536085783,1.5860205763041193,1.161170349743111,65,39.48888292923271,42.65847138338266,0,1539.754546144689,60.52505371732103,66.49077219775567,13015,29,3,1,False,True,match730_003846224175849013887_1403891103_383,own,de_anubis,13044,cd1c592f75,mp7,True,False,False,False,False,False,15.0,0.0,0.0,smg,0.627443901992406,True,12823
42.991063198422125,7.735948892950914,4.623560926592549,2027.9185612392275,15.172369514706022,13.992012717432775,1.734187259154076,0,226.26217091501232,209.416272257186,0,823.784822005078,159.20936483117438,371.9492625222767,13544,63,7,1,False,True,match730_003846114907586035842_2006638891_196,own,de_mirage,13607,401def1742,ak47,True,False,False,False,False,False,21.0,1.0,0.0,rifle,0.6272815956937435,True,13352
576.0697385474521,97.35397938467406,419.4134553138345,17440.404097599785,6.533201704869979,30.900095957007363,2.439958343988851,0,77.14211606780096,437.0081960542205,0,671.7238421071356,72.90146725948563,34.33513612500963,19970,28,4,1,False,True,luminosity-vs-nemiga-m1-cache,pro,de_cache,19998,590a913841,ak47,True,False,False,False,False,False,0.0,0.0,0.2943226099014282,rifle,0.6272123713232483,True,19778
9.728205898204653,2.059768806766775,1.4501953125,393.7700887732586,0.3120473265456813,0.2005211257529967,0.070117312418452,65,8.74479798557105,5.619404515307113,65,1605.6133410605016,7.826620589974983,104.08375525411302,53976,26,5,2,True,True,match730_003833678395988770820_2132169428_161,own,de_dust2,54002,39c6a8b9b8,m4a1_silencer,False,False,False,False,False,False,144.0,0.0,1.0,rifle,0.625193074878235,True,53784
39.09812200541161,15.514220949737227,11.683010121122669,1132.2711030677735,4.468594619378201,5.459927876197799,1.1248231659826744,0,129.77073274795472,158.8400384490633,0,1656.6790380031357,144.85031802113485,455.8244010680205,202284,95,13,2,False,True,luminosity-vs-nemiga-m2-dust2,pro,de_dust2,202379,798c33b296,m4a1_silencer,True,False,False,False,False,False,0.0,0.0,0.0,rifle,0.6239868217557223,True,202092
208.9008592273833,43.28827858253182,15.422654501504867,7563.7984188441,14.230608691594217,10.390535794037945,3.032725601503396,0,266.70388946182175,193.60305812292864,0,1047.9491191042086,218.54685993867352,271.56180058777187,21305,54,5,2,False,True,luminosity-vs-nemiga-m2-dust2,pro,de_dust2,21359,c4ceacecd8,usp_silencer,True,False,False,False,False,False,0.0,0.0,0.0,pistol,0.6191924307785995,True,21113
2.8349609375,0.0442962646484375,0.0,181.4375,0.9934522306915992,0.9881003726703902,0.958761622752212,50,24.94515921548144,25.03919872003714,0,1437.0680270686726,143.8255997600313,196.6955190809072,35384,32,4,2,True,True,furia-vs-betboom-m2-cache,pro,de_cache,35416,c1aa9f613a,ak47,False,False,False,False,False,False,0.0,1.0,0.0,rifle,0.6158922088494447,True,35192
2.5048828125,0.1946563720703125,0.0,160.3125,1.71520640643997,1.544479624543348,1.4707832198137518,24,10.522891969987178,9.847400394851997,22,351.22250434608776,103.99822465713548,409.7028135421252,47643,40,8,4,True,True,match730_003833682433258029322_1216037504_161,own,de_dust2,47683,296e119cfc,m4a1,False,False,False,False,False,False,98.0,0.0,0.0,rifle,0.6131480763139621,True,47451
6.232686380567284,1.691884635791244,0.0,281.0883928060931,0.6796166653606582,0.5865047938505122,0.1664669793746259,65,22.956824280203293,19.80928573860557,0,1931.063219254252,64.30126783599914,80.56805465688058,51698,19,3,3,True,True,match730_003845848209444307084_2046226831_274,own,de_dust2,51717,bfb8267f0c,m4a1_silencer,False,False,False,False,False,False,30.0,0.0,0.0,rifle,0.6125566977321775,True,51506
1874.1672431565253,167.6714098788513,16.35193309106904,45131.21350896172,3.8476006099259994,3.290772036038092,0.5206490266183906,0,12.39378605726487,11.1540838649205,44,156.7570321996053,71.9781193613062,69.97452221123739,142794,0,1,1,True,True,furia-vs-betboom-m2-cache,pro,de_cache,142794,a7745f74db,ak47,True,False,False,False,False,False,0.0,1.0,0.0,rifle,0.6123977732562806,True,142602
0.1982421875,0.0147552490234375,0.0,12.6875,0.349223692385459,0.3382838453967179,0.3097614788036859,65,13.37851239789876,12.962141859426396,14,2192.577578321967,125.47697693628896,638.1598180067685,102500,0,1,1,True,True,match730_003833678395988770820_2132169428_161,own,de_dust2,102500,b2feea7c7d,ssg08,True,False,False,False,False,False,24.0,0.0,0.0,sniper,0.6062683985082299,True,102308
18.51949623296099,4.680229313079308,5.163411458333333,1089.295084561571,0.5044655124529143,0.6908853553636695,0.0331359168065685,65,9.251924587308858,12.742324152155495,27,1045.8201658634018,33.63894879723635,254.4131189656007,9263,30,5,3,True,True,match730_003846095210866016783_0292086677_161,own,de_ancient,9293,26eeb217ae,mac10,True,False,False,False,False,False,40.0,0.0,0.0,smg,0.6059694450262634,True,9071
128.9450232030194,41.23106543903681,122.54752966336356,2060.615946531382,8.760957778872925,15.794267823153763,8.760957778872925,0,126.3236373198323,234.3850638369146,0,819.6736151810526,200.9155032773387,466.99000933737074,91877,81,18,2,False,True,match730_003845735833772490759_0956054515_272,own,de_inferno,91958,db46f148b7,mac10,False,False,False,False,False,False,43.0,0.0,0.0,smg,0.6054663307503859,True,91685
39.00355972342408,9.302780079276529,26.982421875,1666.5403222991413,11.082972699041145,10.617001103274456,9.939151973034186,0,180.4625164825287,172.65997537405778,0,918.6742045277304,112.462204304498,223.60820849775683,29255,20,4,1,False,True,aurora-vs-9z-m1-dust2,pro,de_dust2,29275,6e8537eb46,ak47,True,False,False,False,False,False,0.0,0.0,0.0,rifle,0.6016613642883588,True,29063
3.185546875,0.2482223510742187,1.5891927083333333,102.6875,0.7738126989879462,0.9774921197171672,0.7738126989879462,45,17.00709476943528,21.35703546456848,4,1252.9879731437102,120.1906354756327,390.8954317211629,4492,37,3,1,False,True,match730_003845721267390906757_0873910189_273,own,de_anubis,4529,dd54131796,glock,False,False,False,False,False,False,24.0,0.0,0.0,pistol,0.5980478926893401,True,4300
4.939307932079188,0.8937724593591082,0.3951822916666667,167.3637988813668,1.9326425002313807,0.8771575004314631,0.1045790981597468,16,8.444664958276988,3.885935254475817,20,249.815304374773,108.866792464387,522.4528904885074,30733,17,4,4,True,True,match730_003846114907586035842_2006638891_196,own,de_mirage,30750,6f05066c08,m4a1,False,False,False,False,False,False,21.0,0.0,0.0,rifle,0.5979021841748167,True,30541
13.938614086562328,1.122376054261044,0.615234375,658.696301539989,0.4035907005800765,0.2595468190962041,0.081140208845462,65,10.3107437049109,6.630613475982176,65,1463.6791918628514,46.14360577583344,64.5915132823012,3280,19,2,1,False,True,match730_003846087479924883540_0606572273_161,own,de_mirage,3299,27f0cb0ba9,glock,True,False,False,False,False,False,18.0,0.0,1.0,pistol,0.5974411919981597,True,3088
802.688070909356,77.90051846467239,170.90812542667615,51372.03653819879,9.027335589807862,22.531591678533253,9.027335589807862,0,78.808361497538,207.5826995832232,0,488.307694802077,232.49409652411447,505.6864998198049,19747,115,19,3,False,True,match730_003846114907586035842_2006638891_196,own,de_mirage,19862,ccfd5f1e85,m4a1_silencer,True,False,False,False,False,False,39.0,0.0,0.0,rifle,0.5968981516712468,True,19555
7.268965168701427,1.1432118784270588,1.4145782592029856,465.2137707968913,0.5110865220425902,0.4815570444079752,0.4467577749465135,64,19.855903118959777,18.73825776017949,1,2225.808129466661,135.8430243767686,243.4766889718087,82786,13,3,1,False,True,match730_003831793800846508273_1359762374_161,own,de_mirage,82799,03d8a6e44d,m4a1_silencer,False,False,False,False,False,False,46.0,0.0,0.0,rifle,0.5948214976480647,True,82594
7.80029296875,1.5300860938994796,1.4794921875,404.4137327111352,0.6336030746203631,1.249462997422792,0.6336030746203631,24,8.627898174745036,17.15329087896152,7,779.982156787171,52.88597959284503,65.64178105504182,10079,16,4,3,True,True,match730_003833682433258029322_1216037504_161,own,de_dust2,10095,e2df927a56,mp7,True,False,False,False,False,False,24.0,0.0,0.0,smg,0.5907232090855824,True,9887
21.7529296875,5.484305037123699,2.185434843431294,869.0625,0.3895013095176028,0.6137570895429743,0.3895013095176028,65,8.904579112817677,14.018308342268847,10,1305.485241250986,110.8525440777508,426.6490689557617,109796,5,2,2,True,True,luminosity-vs-nemiga-m1-cache,pro,de_cache,109801,d61b8b9081,mp9,True,False,False,False,False,False,0.0,0.0,0.0,smg,0.5893979175112063,False,109604
54.08828148838207,21.716117928771844,0.9375,1153.4371268634825,9.235414754957734,8.3343342678608,1.6474680105198296,0,134.66712216039213,122.80385146704984,0,827.97780982239,10.942710182455327,71.91271675258156,117513,48,11,1,False,True,match730_003833678395988770820_2132169428_161,own,de_dust2,117561,7090249fd0,mac10,False,False,False,False,False,False,38.0,0.0,0.0,smg,0.5886417890560128,False,117321
11.363608934195966,3.712828342160068,0.0,419.11688245431424,1.2160639616660396,1.338912099186956,0.6703901073979357,41,34.76574593382483,38.27867824983033,0,1637.7527980383677,174.94197943859956,213.23737023421077,52674,70,6,2,True,True,match730_003846087479924883540_0606572273_161,own,de_mirage,52744,a6d0004234,ak47,False,False,False,False,False,False,56.0,0.0,0.7001039385795593,rifle,0.5871200419753622,True,52482
0.7437816965738019,0.0286889246947334,0.0,34.94577858072332,0.2781033912802625,0.2989298102438327,0.1770043166541058,41,10.267552671946046,11.102485833478683,10,2114.236214557445,191.94910947545876,941.7267325181012,52393,0,1,1,True,True,match730_003833682433258029322_1216037504_161,own,de_dust2,52393,916fd9f867,awp,False,False,False,False,False,False,19.0,0.0,0.0,sniper,0.5870661171192696,True,52201
30.768422648106327,9.206021785746673,4.6875,713.2522563932063,1.1398212737004865,1.6886852973144364,1.1398212737004865,47,44.06976543170126,65.31825767551666,0,2211.273321031115,86.18834801191495,71.83243692787502,84481,20,4,2,False,True,match730_003833678395988770820_2132169428_161,own,de_dust2,84501,5a6218ec0c,ak47,True,False,False,False,False,False,45.0,0.0648858547210693,0.0,rifle,0.5863368998118104,True,84289
17.49598882890274,2.782695668836744,0.52734375,406.40625,0.1770462541460204,0.1172408889066893,0.0510647732041019,65,4.177128560171641,2.763805652378693,54,1350.0977574646254,46.389524331037016,252.22522628270767,48211,0,1,1,True,True,match730_003845735833772490759_0956054515_272,own,de_inferno,48211,11a0f5ab5d,deagle,True,False,False,False,False,False,53.0,0.0,0.0,pistol,0.5856294911520672,True,48019
3.812247095943838,0.0863455356788099,1.2707490319812793,243.98381414040563,5.448574585859369,4.985161652433137,4.679856299687996,0,41.22719116905017,38.64649409015718,0,431.9734835013316,208.8247850316015,443.3728996581811,98074,12,3,1,False,True,match730_003829380948349157814_1390656678_161,own,de_dust2,98086,844038e231,ak47,False,False,False,False,False,False,40.0,1.0,0.0,rifle,0.5836865557709587,True,97882
50.02724919712701,7.790391044824263,0.0,1760.3064486161288,1.7643390399779688,1.6818746848390371,0.4686384127386264,65,17.988944374444205,17.198851330020506,55,582.2738725416951,89.44148499918876,448.8794844723337,125852,7,2,2,True,True,match730_003846114907586035842_2006638891_196,own,de_mirage,125859,e767760b4c,ak47,True,False,False,False,False,False,29.0,0.8859949111938477,0.0,rifle,0.5819454622738707,True,125660
2.5798348969852944,0.1743752677736144,0.3036719954554696,83.00357350811882,0.4202883253605458,0.415278600183197,0.4113744103418532,65,17.661536516760517,17.4510356514118,37,2403.659946060041,20.840756684836165,172.1759285863767,42663,0,1,1,True,True,match730_003829380948349157814_1390656678_161,own,de_dust2,42663,9a711e878c,awp,False,False,False,False,False,False,40.0,0.0,1.0,sniper,0.5819429396531929,True,42471
293.536498862794,15.097251723843318,275.50884094210227,11547.93006006426,3.7861547492085976,9.339447736731223,1.6200333669022111,0,71.96491268857972,181.68137127785448,0,1087.456594804842,151.29101449117607,153.93803628855693,98959,25,5,3,True,True,astralis-vs-fnatic-m1-dust2,pro,de_dust2,98984,dd32420517,ak47,False,False,False,False,False,False,0.0,1.0,0.0,rifle,0.5810736263659857,True,98767
80.1291289374088,15.482456432666304,10.78857421875,3522.65625,10.983095055833624,11.157070294604596,5.050191762056877,0,159.85007051070136,162.51835724288804,0,820.6809638245172,68.96778206423097,177.3432610539962,29204,45,8,1,False,True,aurora-vs-9z-m1-dust2,pro,de_dust2,29249,6e8537eb46,ak47,False,False,False,False,False,False,0.0,0.0,0.0,rifle,0.5794091701096188,True,29012
4.027164370133743,0.3494770996540011,0.4079383614890795,152.66821212619445,0.2633041977349965,0.2681860201645433,0.2633041977349965,65,8.843671846026544,9.017342534658315,65,1918.5700808475835,34.192464791608934,161.27438183600265,48448,0,1,1,True,True,match730_003845735833772490759_0956054515_272,own,de_inferno,48448,8b02ca5490,awp,True,False,False,False,False,False,32.0,0.0,0.0,sniper,0.5768533247361878,True,48256
153.1985506035242,11.25960964501475,136.6317719215011,3155.47370402502,0.5105796774806802,5.827073241675079,0.2542958172662002,2,9.673618432918254,111.36069551723756,1,1085.3668891467007,219.52293780726933,438.3779317888769,129923,0,1,1,True,True,aurora-vs-9z-m1-dust2,pro,de_dust2,129923,4044fff327,ssg08,False,False,False,False,False,False,0.0,0.0,0.0,sniper,0.5760178194897811,True,129731
8.814415960151125,1.605720829151195,3.4395718768494894,412.533023754415,0.6504293981070943,0.589924626027549,0.3683276408530452,65,19.294637933769035,17.499591982448955,42,1699.4481578459772,107.46653056685078,358.9898259126602,94579,22,2,2,True,True,match730_003831793800846508273_1359762374_161,own,de_mirage,94601,60b48394d1,usp_silencer,True,False,False,False,False,False,19.0,0.0,0.260892242193222,pistol,0.574273539666121,True,94387
1.0546875,0.2637381980259411,0.3364845578005751,50.625,0.6417043666042664,0.7452125978489639,0.6397170444894665,56,7.927435972652709,9.2354148479867,42,707.706602878318,52.60644099181508,306.613163364524,99107,0,1,1,True,True,match730_003845848209444307084_2046226831_274,own,de_dust2,99107,1d8a841068,awp,False,False,False,False,False,False,24.0,0.0,0.0,sniper,0.5734499001173895,True,98915
144.26843308234388,16.45803874214668,3.627611433484603,4218.024608020813,0.1371931069380728,0.1536584668688997,0.0600575133974772,41,4.8302480054031705,5.409357529413005,32,2017.2421078142745,117.63252557746225,652.1930067941018,34571,13,3,3,True,True,aurora-vs-9z-m2-mirage-p1,pro,de_mirage,34584,6c2b13b080,ak47,True,False,False,False,False,False,0.0,0.0,0.0,rifle,0.5729986032476266,True,34379
8.398958582126848,1.1778837163180262,0.0,354.375,0.9200519581854412,0.6025740502761109,0.3866659403819965,65,23.05109184456747,15.09691746882684,0,1435.2808372927657,140.46273072711824,80.01412118824278,29471,0,1,1,True,True,match730_003846114907586035842_2006638891_196,own,de_mirage,29471,8a33bc3a37,ak47,True,False,False,False,False,False,32.0,0.0,0.0,rifle,0.5728553518084033,True,29279
2.197265625,0.1572418212890625,0.0,140.625,2.430011528508213,2.2637328850196736,2.1297495864530003,14,27.44935373183251,25.68295963203122,0,646.6944820399856,177.2113820383778,667.4292000127843,42835,0,1,1,True,True,match730_003846087479924883540_0606572273_161,own,de_mirage,42835,7b600d11e9,ak47,True,False,False,False,False,False,5.0,1.0,0.0,rifle,0.5727809417601302,True,42643
16.429951584489828,3.007368331747165,1.5169068644530264,402.5176718238309,0.690210229077687,0.8414930732883142,0.690210229077687,65,27.155599472868914,33.096924102767225,0,2254.0750301750118,105.66355156908696,164.22663878595424,4969,87,5,2,False,True,aurora-vs-9z-m2-mirage-p1,pro,de_mirage,5056,4044fff327,p250,False,False,False,False,False,False,0.0,1.0,1.0,pistol,0.5726832843136589,True,4777
3.9502534048668,0.723518204062126,0.5859375,252.8162179114752,0.4984367754440531,0.7079592705680315,0.4984367754440531,23,6.422176289655462,9.120537735103728,14,738.1056467888902,144.54156903925215,74.76149494706455,7793,0,1,1,True,True,match730_003846055312767320440_2034169741_274,own,de_nuke,7793,b3b8926d79,usp_silencer,False,False,False,False,False,False,25.0,0.0,0.0,pistol,0.5718657136282039,True,7601
0.5754340150921716,0.0616652565682882,0.0,36.82777696589898,1.0528349448468484,0.952277645378547,0.9165066023223032,22,11.19770457692928,10.15026740791846,16,609.1699248888954,190.21496889001577,666.3506714476327,17520,0,1,1,True,True,match730_003846224175849013887_1403891103_383,own,de_anubis,17520,9c0b0079af,awp,False,False,False,False,False,False,53.0,1.0,0.0,sniper,0.5716331977003017,False,17328
10.032829184132872,1.642231675561396,0.0,354.7489047075574,0.7779612531903684,0.6659776494009286,0.5996596154998005,46,11.780138616146452,10.1175522241642,36,867.4444118926099,106.16755013368332,380.26780442159054,32425,6,2,2,True,True,match730_003845721267390906757_0873910189_273,own,de_anubis,32431,dd54131796,ak47,True,False,False,False,False,False,24.0,0.0,0.0,rifle,0.5703933200520804,True,32233
203.06283018884324,38.23813835998383,161.9471480350235,4916.699382000366,2.4645110017264327,6.87742712965044,1.4115585970283728,3,29.36689647734567,82.44599071704195,0,680.9262448026225,27.846885252723865,397.7687940131889,55811,0,1,1,True,True,match730_003833678395988770820_2132169428_161,own,de_dust2,55811,343338d9f7,ssg08,True,False,False,False,False,False,40.0,0.0,0.0,sniper,0.5702781991828886,False,55619
20.5234375,2.8093111816806657,0.76171875,1021.0,0.1067693276982644,0.2739527570443167,0.0922943143016503,65,3.8648705180636185,9.917079696044656,9,2070.2856219577857,112.9042369228546,100.7873280315128,36475,0,1,1,True,True,match730_003845848209444307084_2046226831_274,own,de_dust2,36475,3e06735caf,ak47,True,False,False,False,False,False,38.0,0.0,0.0,rifle,0.5687824531418527,False,36283
21.27633686460093,3.736292601474158,0.795307332396345,881.6287918579455,0.2170723249430115,0.1911738437835173,0.1535685921878445,65,7.470849771134605,6.579507992975157,14,1971.8997124048783,29.749050960588608,360.8909545156212,80981,35,4,1,False,True,match730_003831793800846508273_1359762374_161,own,de_mirage,81016,9f98d2dad8,m4a1,False,False,False,False,False,False,47.0,0.0,1.0,rifle,0.5664790405079793,False,80789
6.2334593289267,1.566831927098648,3.3266682774954446,282.3624111846334,0.3006372685805506,0.4353352838784766,0.3006372685805506,65,6.1850300959333175,8.958753763931067,39,1173.0961390724683,17.76330195015146,357.7080360221743,66066,0,1,1,True,True,match730_003846087479924883540_0606572273_161,own,de_mirage,66066,bea1536d33,deagle,True,False,False,False,False,False,37.0,0.0,0.2644409537315368,pistol,0.566392336331065,False,65874
1120.364748343944,116.0441895183708,1.5895182291666667,30110.4372210723,1.0844838887833703,0.5668994187960527,0.1419441261150511,15,13.944876466505407,7.321114617029268,14,736.5407202636484,210.8316239031355,581.2508736553151,79047,0,1,1,True,True,luminosity-vs-nemiga-m1-cache,pro,de_cache,79047,c4ceacecd8,awp,False,False,False,False,False,False,0.0,0.0,0.0,sniper,0.5658160578282253,False,78855
596.91365087902,52.35958525355433,12.32017722562828,17117.065905779553,10.793369132845042,10.183894488895683,1.2029017831709812,0,153.42130411488463,144.02041179550184,0,803.7604254893357,62.301383650769786,75.91743095843904,8200,40,3,2,False,True,astralis-vs-fnatic-m1-dust2,pro,de_dust2,8240,7097f9c9f2,glock,False,False,False,False,False,False,0.0,0.0,0.0,pistol,0.5656690974947846,False,8008
23.79145786396424,9.19378117324151,19.52494215503296,629.4315766251862,2.4991719724347456,2.384906323032072,0.5055961016735755,62,56.64147970543906,54.07780727885756,0,1297.6212451843355,98.44388199371882,362.5167697240135,82349,0,1,1,True,True,match730_003846087479924883540_0606572273_161,own,de_mirage,82349,26d15ffc47,deagle,True,False,False,False,False,False,67.0,1.0,0.0,pistol,0.564461540880799,False,82157
3.0169594534809985,1.0395512314856004,0.5304441407343571,99.289473566177,0.4060130097720335,0.3455308826975343,0.2415721846911174,65,20.32160781200109,17.294267595575615,0,2866.305139862009,30.415587818832048,79.66954322918171,26238,0,1,1,True,True,match730_003845848209444307084_2046226831_274,own,de_dust2,26238,cc23b0e440,awp,False,False,False,False,False,False,28.0,1.0,0.0,sniper,0.5638008922595984,False,26046
30.649011595379086,5.08752635416595,0.0,946.375,0.2291267553304284,0.1925766008954462,0.1814094789547408,65,6.475177277715747,5.442532950228646,33,1619.1039597571453,80.02990138051325,427.1695155171199,71173,0,1,1,True,True,match730_003846087479924883540_0606572273_161,own,de_mirage,71173,9c0b0079af,glock,False,False,False,False,False,False,7.0,0.0,0.0,pistol,0.5630172990261328,False,70981
7.1915645882385455,2.071775855762096,0.46875,202.47688911330104,1.0685626045754333,0.9806998849277716,0.413134495397339,65,24.685182163234185,22.655096435081383,0,1323.3132810437908,87.84606462670044,441.03196082336746,3532,0,1,1,True,True,match730_003846087479924883540_0606572273_161,own,de_mirage,3532,a6d0004234,p250,True,False,False,False,False,False,42.0,1.0,0.0,pistol,0.5628311071261236,False,3340
46.69596172287996,8.199020306564758,0.0,1908.234642193745,0.4810590462364677,0.4153405352669203,0.1728708495190314,65,16.163762716716505,13.955792335420847,29,1925.1140788234209,31.95999887301277,92.8575958270744,15094,0,1,1,True,True,match730_003831793800846508273_1359762374_161,own,de_mirage,15094,9f98d2dad8,usp_silencer,True,False,False,False,False,False,48.0,0.0,1.0,pistol,0.5623277801469082,False,14902
29.33783419353304,4.156983485887547,0.0,539.6511589755498,0.1349541386135307,0.1054622941989696,0.0721917926481691,65,4.230514185042414,3.2894399277529325,61,1791.4703527362824,47.781165737492,45.7500020314435,56553,0,1,1,True,True,match730_003845735833772490759_0956054515_272,own,de_inferno,56553,11a0f5ab5d,awp,False,False,False,False,False,False,54.0,0.0,0.0,sniper,0.5620540784232799,False,56361
167.82531513816423,29.055772829652923,4.113485903203197,9918.260078308656,19.97699333066621,19.531730380944506,6.58598168222311,0,134.8591121567934,131.61990582544846,0,370.5448050412104,94.04746573121682,943.1954875861665,18608,51,9,1,False,True,match730_003845735833772490759_0956054515_272,own,de_inferno,18659,8b02ca5490,ak47,True,False,False,False,False,False,32.0,0.0,0.0,rifle,0.5620172912070557,False,18416
9.84375,2.0387269802969312,0.0,378.28125,0.2943038458452183,0.3336266269389537,0.2943038458452183,65,6.132555713509756,6.971687677488293,16,1193.1780049943245,85.86272129836465,271.2206229674755,43145,23,5,4,True,True,match730_003846095210866016783_0292086677_161,own,de_ancient,43168,bea1536d33,m4a1,True,False,False,False,False,False,38.0,0.0,0.0,rifle,0.5619879466156156,False,42953
722.3873677017638,116.67908978326652,30.62016273159653,25458.098806340524,3.477271057017066,2.922349680948438,1.3823096397343493,0,86.88095499582028,73.13268163937677,0,1429.7341232831382,165.71209338210224,237.69748409517385,134589,21,2,1,False,True,astralis-vs-fnatic-m1-dust2,pro,de_dust2,134610,7097f9c9f2,m4a1,True,False,False,False,False,False,0.0,0.0,0.1123353540897369,rifle,0.5614043582672965,False,134397
3.66943359375,0.5502075215671492,0.60791015625,166.0625852700195,1.0810405513467047,1.225951301247929,1.0747434648808538,19,13.21433614457575,15.072851464125405,10,700.2141996971521,176.08543369875957,687.9881344049221,7710,13,3,3,True,True,match730_003846087479924883540_0606572273_161,own,de_mirage,7723,27f0cb0ba9,ak47,False,False,False,False,False,False,18.0,0.0,0.0,rifle,0.5606740972588338,False,7518
369.1987665658456,77.24243128127169,246.40649149850688,7780.8017159728515,2.352350255946856,19.25127713062468,1.3642676187764524,2,31.548417548629697,294.0612516264383,0,760.4688370269703,213.4866804183521,767.004558455862,25600,34,4,2,False,True,match730_003846114907586035842_2006638891_196,own,de_mirage,25634,1c49a0cc75,m4a1,True,False,False,False,False,False,20.0,0.0,0.0,rifle,0.5604971998605824,False,25408
3.052943207278457,0.724903595334707,0.1611328125,94.43153662109808,2.580160755983098,1.5527187166989942,1.0417886258620737,16,20.877073663891288,12.752601170351436,0,457.0747088036604,142.7024110246389,325.42602394160986,36133,0,1,1,True,True,match730_003833678395988770820_2132169428_161,own,de_dust2,36133,b2feea7c7d,awp,False,False,False,False,False,False,24.0,0.0,0.0,sniper,0.5604522810861903,False,35941
104.46384052559029,16.785563479552476,3.71244645705124,1710.8805706760754,16.145809504737336,18.358832213236497,16.145809504737336,0,122.88910399685405,138.49415748155786,0,422.8698574561732,166.25055270041014,225.85486216505623,10923,57,11,4,False,True,furia-vs-betboom-m2-cache,pro,de_cache,10980,52f704f8ce,galilar,False,False,False,False,False,False,0.0,1.0,0.0,rifle,0.5603715526940133,False,10731
23.276401767661014,4.464670812054871,1.23046875,961.7356439566968,0.1523603636379817,0.1188978798265575,0.0416681318971794,65,5.367682483066004,4.188794927164038,13,2015.2801746973876,8.160895272856493,276.19398980901246,91690,0,1,1,True,True,match730_003829380948349157814_1390656678_161,own,de_dust2,91690,40a412aa4d,ak47,True,False,False,False,False,False,85.0,0.0,1.0,rifle,0.5598779500205062,False,91498
463.114417326117,50.80682387984821,17.816075530925406,10043.861077871046,0.4424455427239782,0.5122519731390426,0.2915450396808525,50,5.184400897093748,6.016146810479532,49,668.8073160565777,95.16445052575432,122.07776623497342,10604,10,2,2,True,True,astralis-vs-fnatic-m2-ancient,pro,de_ancient,10614,3f5c0f1ef2,fiveseven,False,False,False,False,False,False,0.0,0.0,0.0,pistol,0.5592488193990384,False,10412
21.90624240869671,5.840863032166338,0.0,634.960556040458,1.1529461002354473,1.165824723425677,0.7737396363429492,58,15.840429431698254,16.01741977997288,42,786.9305409510971,0.0,616.2447459293753,93445,6,2,2,True,True,match730_003845721267390906757_0873910189_273,own,de_anubis,93451,342f3c4029,aug,False,False,False,False,False,False,38.0,1.0,0.0,rifle,0.5586232755736176,False,93253
514.4422062517331,57.05325461636451,1.5159505208333333,15662.109654848984,0.8009771815256218,0.5638868594792937,0.1881303827029209,46,7.77789162766484,5.59377066774893,36,549.9165986476856,155.23731265531998,632.791763984402,33482,13,3,2,True,True,match730_003845848209444307084_2046226831_274,own,de_dust2,33495,3e06735caf,ak47,False,False,False,False,False,False,38.0,0.0,0.0,rifle,0.5584030174966118,False,33290
476.2946523374186,70.68750047688494,0.7922888201731725,9025.083981881646,0.1581467588374593,0.2734657585527997,0.1581467588374593,49,4.74653612631565,8.235010416495076,11,1718.444487283193,52.756246624575,445.8221382340038,134965,39,7,4,True,True,furia-vs-betboom-m1-mirage,pro,de_mirage,135004,372a892754,ak47,False,False,False,False,False,False,0.0,0.0,0.1636739671230316,rifle,0.5576478978573919,False,134773
50.97784211989861,11.929380531075896,28.418953839825093,2058.1456125096533,17.584863550207974,17.529573870911427,10.167263971676247,0,134.86751422703162,134.31184656974898,0,424.41009297533066,50.53850402171649,94.80474785597808,124813,32,6,1,False,True,astralis-vs-fnatic-m1-dust2,pro,de_dust2,124845,3f5c0f1ef2,m4a1_silencer,False,False,False,False,False,False,0.0,0.0,1.0,rifle,0.5570297109320628,False,124621
11.2237653227435,1.895330987244973,6.462313362235918,718.3209806555841,2.271790839772516,2.072735897693008,1.9807153107903688,16,12.252020421125444,11.25846310251202,20,308.5301115827725,61.32297452367558,448.9624639246198,112629,31,8,4,False,True,match730_003829380948349157814_1390656678_161,own,de_dust2,112660,301b246229,mp9,False,False,False,False,False,False,36.0,0.0,1.0,smg,0.5562171154938856,False,112437
259.3796889651114,29.191218862574637,123.1231168993534,9016.28387101511,4.473813943811177,12.852478111971305,1.3112935947218016,0,71.38659150465132,212.32096619052808,0,907.3180038403076,73.36577083105855,366.1344774484107,19120,38,7,4,False,True,aurora-vs-9z-m2-mirage-p2,pro,de_mirage,19158,6e8537eb46,m4a1_silencer,False,False,False,False,False,False,0.0,0.0,0.0,rifle,0.5560527115432893,False,18928
1297.7687377403677,149.57064588635384,15.65732075234417,60615.53410841723,1.3237533896781482,1.444785311577078,1.210552362450197,17,11.59895979787573,12.665053426206036,11,501.934792853966,98.49384791735136,432.3280651365548,202146,0,1,1,True,True,luminosity-vs-nemiga-m2-dust2,pro,de_dust2,202146,3b306c71b2,awp,False,False,False,False,False,False,0.0,0.0,0.0,sniper,0.5558902963451793,False,201954
18.07564926669741,4.834376891483668,11.676581942863338,472.5,11.863990363724223,13.466052025119737,11.863990363724223,0,87.09834960793523,101.4165262330136,0,413.1120887686287,201.82261687269815,322.17680881207497,92044,25,5,1,False,True,match730_003846095210866016783_0292086677_161,own,de_ancient,92069,9c0b0079af,ak47,True,False,False,False,False,False,8.0,0.0,0.0,rifle,0.5553368459148417,False,91852
15.96015161940612,1.1799890826761206,13.07118115770541,505.6187470642406,3.4807142870724705,3.783550705516925,3.4455579726116614,0,9.64660153838119,10.740421507598798,14,157.85880805640315,97.07040021472504,373.3819424233338,82291,4,2,2,True,True,match730_003833682433258029322_1216037504_161,own,de_dust2,82295,296e119cfc,mac10,True,False,False,False,False,False,98.0,0.0,0.0,smg,0.5549873090808336,False,82099
583.401424946449,74.59558983638605,67.09264529043702,22641.42548243537,0.4880429462010686,13.43932125772763,0.4880429462010686,5,6.427100606101233,198.3140630177533,1,754.4308052096385,50.18862657002784,71.93782901326182,102191,18,5,3,False,True,luminosity-vs-nemiga-m2-dust2,pro,de_dust2,102209,f730a5e684,mp9,False,False,False,False,False,False,0.0,0.0,0.0884551107883453,smg,0.5537894442497747,False,101999
77.59923513031839,11.006253785472678,0.0,2805.8651408544447,0.8643288186364979,0.6325115908111638,0.2660169850479614,55,15.01206390947487,11.022619056634843,43,983.3464914993492,17.53910545526047,340.2716456326568,64890,0,1,1,True,True,match730_003829380948349157814_1390656678_161,own,de_dust2,64890,0ecd5d7027,ak47,False,False,False,False,False,False,72.0,0.0,0.0,rifle,0.5530088022906465,False,64698
9.695096882674928,1.2737009356900773,0.76171875,329.4237004911954,1.265049416960487,1.2832747224342844,1.2133837511357266,65,27.761992644407368,28.16209622814352,0,1257.0728617526831,62.24349282200701,267.04194002278695,85699,0,1,1,True,True,match730_003845848209444307084_2046226831_274,own,de_dust2,85699,3e06735caf,ak47,True,False,False,False,False,False,38.0,1.0,0.0,rifle,0.553003568428455,False,85507
0.703125,0.0751800537109375,0.4612630208333333,45.0,0.9074757466576172,0.827690018575507,0.7154986395813537,65,18.424253987482423,16.802922257858036,17,1163.057351826489,62.60165409624125,197.9659700628004,59292,0,1,1,True,True,luminosity-vs-nemiga-m1-cache,pro,de_cache,59292,456b773fab,awp,False,False,False,False,False,False,0.0,1.0,0.0,sniper,0.5529102571817084,False,59100
18.684856955103463,3.985527756086788,1.2159830729166667,585.0,0.4966468211124231,0.3547728633586874,0.1626414418080571,65,16.541727023860197,11.848530094873928,10,1904.83610722189,120.43956217186442,501.9765743919472,92690,0,1,1,True,True,match730_003833682433258029322_1216037504_161,own,de_dust2,92690,c2d6ff7eff,m4a1,False,False,False,False,False,False,48.0,0.0,0.0,rifle,0.5527038126743994,False,92498
16.70325494899462,3.647205213020965,0.0,562.5,1.864436458934753,1.8948063860148625,0.1119148726061347,65,35.34316226315549,35.92159140801522,0,1085.74319845368,69.71089717266098,703.6860406396935,93597,32,6,2,False,True,match730_003833678395988770820_2132169428_161,own,de_dust2,93629,9517c1c552,ak47,True,False,False,False,False,False,80.0,1.0,0.0764128267765045,rifle,0.5521740119707711,False,93405
5.193399039666129,0.9161766468725578,0.1829427083333333,332.3775385386323,0.6051712517642546,0.6043006430008164,0.5396390749146565,65,13.706115423581949,13.6857077580033,65,1295.64461502548,1.3306884765625,375.888904218792,18288,0,1,1,True,True,match730_003846095210866016783_0292086677_161,own,de_ancient,18288,7bbb0d4a11,ssg08,True,False,False,False,False,False,18.0,0.0,0.0,sniper,0.5521342122448151,False,18096
27.71615256404081,4.019343026360621,5.124441893309033,1485.3984734743738,0.3866927644663191,0.3000528482500624,0.2158124270110751,64,8.403180693800685,6.519006036145859,46,1233.5817803396158,67.09641229142368,253.8509500657314,134496,25,5,2,False,True,luminosity-vs-nemiga-m1-cache,pro,de_cache,134521,d61b8b9081,m4a1_silencer,False,False,False,False,False,False,0.0,0.0,0.5182550549507141,rifle,0.5520735392916757,False,134304
5.4931640625,0.7268501711750119,1.22314453125,234.84375,0.5894858153892556,0.5719707150192923,0.5507403462914968,28,9.930910356530084,9.635746470021932,19,965.1200648912142,123.94826147074828,202.48019064583076,86552,0,1,1,True,True,match730_003846087479924883540_0606572273_161,own,de_mirage,86552,27f0cb0ba9,deagle,True,False,False,False,False,False,18.0,0.0,0.0,pistol,0.5519619863470767,False,86360
14.959038596497647,1.3036267410305302,0.0,541.40625,0.5329702908650249,0.5579325876767709,0.4928188079663552,44,12.35152764509096,12.929674919783563,25,1322.667954577886,111.55183180435918,201.8136191048465,27569,48,6,4,True,True,match730_003845735833772490759_0956054515_272,own,de_inferno,27617,8b02ca5490,m4a1_silencer,False,False,False,False,False,False,32.0,0.0,0.0,rifle,0.5519311193196094,False,27377
18.431512254755237,2.696396981941348,5.18074214903323,792.2780551053794,0.8672605523580751,1.1719269697413366,0.6889226513221002,60,29.532605210579412,40.04847256919791,0,1920.5767420113332,171.93404662975902,233.3904318579182,57451,23,5,2,False,True,match730_003846055312767320440_2034169741_274,own,de_nuke,57474,f9d25d950a,m4a1,True,False,False,False,False,False,20.0,0.0,0.0,rifle,0.5516814807541804,False,57259
1170.68274015278,231.2931023306417,43.944908863478,25982.78493197394,0.6364521141746513,1.605030231211675,0.6148972364251456,9,7.579420518303034,19.12564654108462,6,682.160096083449,152.67111185774831,733.3883871085228,215709,0,1,1,True,True,luminosity-vs-nemiga-m2-dust2,pro,de_dust2,215709,c4ceacecd8,awp,False,False,False,False,False,False,0.0,0.0,0.5821041464805603,sniper,0.5516417385497804,False,215517
481.25143036964187,45.57066064582654,428.4119784338307,8766.894677983062,11.018682585461692,30.869841372291187,11.018682585461692,0,63.0235364133162,197.3234434726693,0,323.66111537940816,128.72368781967216,238.5553361378233,29049,39,7,2,False,True,match730_003845848209444307084_2046226831_274,own,de_dust2,29088,71f78fbbc6,m4a1_silencer,True,False,False,False,False,False,28.0,0.0,0.0,rifle,0.5514680201745886,False,28857
178.85578192764834,74.36197738177083,166.09639193798978,4552.192637894403,18.91432430176047,25.70353662866525,18.91432430176047,0,121.6476439866175,165.51498525203246,0,348.67281641399063,167.3612486857453,418.1846385499289,85283,44,10,4,False,True,match730_003846055312767320440_2034169741_274,own,de_nuke,85327,f9d25d950a,mac10,False,False,False,False,False,False,20.0,0.0,0.0,smg,0.5504026410960123,False,85091
38.73552321455254,1.4879148463235796,0.9269393637664028,1712.059589894886,3.496671413170559,4.066198004446304,3.496671413170559,0,69.11625549006831,80.97761150748104,0,1131.0849555409511,181.29501207329864,366.4115316637479,2302,70,12,5,False,True,aurora-vs-9z-m2-mirage-p2,pro,de_mirage,2372,ac7afcf085,m4a1_silencer,False,False,False,False,False,False,0.0,0.228515625,0.0,rifle,0.5488413596924303,False,2110
29.648055368405988,3.972347959228428,1.3966181896465455,1180.2113634144762,0.5755054409843331,0.5357720415339305,0.1575005369144009,65,22.77149552063445,21.199606269891284,0,2260.8812215913595,43.87394916073866,111.4115877558746,55185,74,6,4,False,True,match730_003833682433258029322_1216037504_161,own,de_dust2,55259,c782b3ec74,ak47,False,False,False,False,False,False,64.0,0.0,0.0,rifle,0.5487011641804117,False,54993
7.170496190989853,0.9540966021172416,1.0481568644530264,281.07950630558946,0.4494388659443968,0.398360361305238,0.340597643038106,65,11.020815380635666,9.725724298612636,13,1404.86781210686,103.69524802735472,286.0374509514875,104849,38,3,2,True,True,aurora-vs-9z-m2-mirage-p1,pro,de_mirage,104887,4044fff327,hkp2000,True,False,False,False,False,False,0.0,0.0,0.0,pistol,0.5468585986167596,False,104657
9.943689110435823,1.586420241975247,0.46875,281.07950630558946,0.432694820731461,0.7129899177622325,0.432694820731461,45,5.373836091322029,8.936537312880695,16,706.9027665243796,46.46992845290629,294.7162092947199,14993,7,2,2,True,True,luminosity-vs-nemiga-m2-dust2,pro,de_dust2,15000,95f0d4db09,ak47,True,False,False,False,False,False,0.0,0.0,0.0,rifle,0.5467242078188222,False,14801
1399.553797904896,288.9871222778463,19.964762508551345,29168.949651116265,4.798160747154249,3.566320327867827,2.2406175636995997,0,17.61251448929639,12.88885583445697,10,209.42279198621253,79.75994461479704,216.9592934085366,35588,27,7,2,False,True,luminosity-vs-nemiga-m2-dust2,pro,de_dust2,35615,f730a5e684,mp9,True,False,False,False,False,False,0.0,0.0,0.0,smg,0.5463694554102954,False,35396
8.931796941967995,2.1811486097761508,1.1883079947703428,253.0625,0.7153920177635905,0.7384239776787066,0.6372018352810215,35,19.579247168044475,20.33249948244679,7,1567.9960057222402,222.7671590914801,1056.7784764631388,39419,0,1,1,True,True,aurora-vs-9z-m2-mirage-p1,pro,de_mirage,39419,fe43c71f39,m4a1_silencer,True,False,False,False,False,False,0.0,0.0,0.0,rifle,0.5463512113447324,False,39227
13.878871205846906,4.288479879246602,10.116895205750335,598.1333542772165,0.7573808090636063,0.73934583873206,0.0270511097575333,54,15.841819008674609,15.535342297048462,41,1197.561447989268,119.59853171845054,518.5464905457148,22817,7,2,2,True,True,match730_003845848209444307084_2046226831_274,own,de_dust2,22824,3e06735caf,ak47,False,False,False,False,False,False,38.0,0.0,0.0,rifle,0.5461164848301172,False,22625
127.9075937543044,24.00561724137325,7.673372237556987,2481.727625547671,16.885711641043837,16.060190301702796,11.147586318707608,0,131.74675817797896,127.82409685366956,0,410.75617797513365,205.7033207818452,596.9564214796876,210641,45,8,2,False,True,luminosity-vs-nemiga-m2-dust2,pro,de_dust2,210686,590a913841,m4a1_silencer,False,False,False,False,False,False,0.0,0.0,0.0,rifle,0.5459910437537749,False,210449
658.9375,46.796115225147865,505.4728362339149,26797.797569353654,2.779649524300896,26.01468104652568,2.779649524300896,1,16.41481625516935,180.50026976836543,1,337.9718605456105,109.18616379599766,249.8781474244735,77592,28,6,4,False,True,match730_003845721267390906757_0873910189_273,own,de_anubis,77620,2a309cc914,m4a1,False,False,False,False,False,False,48.0,0.0,0.0,rifle,0.5457581978327749,False,77400
2309.415921667421,217.1078611278013,117.89553538638766,85444.30113471605,2.6025214455405754,7.974605669340581,1.0452998190146978,4,20.553864327891283,65.33872595722889,0,452.1882027150053,0.0339907591535893,62.8759373091729,3730,13,2,1,False,True,astralis-vs-fnatic-m2-ancient,pro,de_ancient,3743,f100e9403c,glock,True,False,False,False,False,False,0.0,0.0,0.0,pistol,0.5454273095161548,False,3538
66.01921847884242,9.879880315514102,0.63671875,1731.793473528428,2.2561117060960867,1.993149628028113,0.2448826342291285,61,49.3359537105148,43.63843313754511,0,1251.955001918157,112.21033088399082,439.6617899706746,75863,84,7,2,False,True,match730_003845735833772490759_0956054515_272,own,de_inferno,75947,c0d4e00ddc,usp_silencer,False,False,False,False,False,False,4.0,0.0,0.0,pistol,0.5453377412295074,False,75671
0.76953125,0.01202392578125,0.2565104166666667,49.25,0.7485976373972719,0.8085368627237317,0.7485976373972719,39,10.911797573326515,11.809179980950343,15,835.0624359387334,98.55382319393722,522.4141111671595,48006,0,1,1,True,True,match730_003846224175849013887_1403891103_383,own,de_anubis,48006,04d29c9bb8,awp,False,False,False,False,False,False,139.0,0.0,0.0,sniper,0.5448446283838195,False,47814
716.5352834898874,84.8414526938224,52.45542333774758,16288.59307777062,3.77397845377145,2.5170209303759274,0.7144115883763911,0,15.145765317917588,10.093891127686543,20,215.2938008820514,147.85401011144697,672.177196099395,83030,0,1,1,True,True,luminosity-vs-nemiga-m1-cache,pro,de_cache,83030,456b773fab,awp,False,False,False,False,False,False,0.0,1.0,1.0,sniper,0.5446618230383687,False,82838
48.89939205361239,5.203861617462852,1.1793619791666667,1759.2907539776504,3.5993446401079114,3.631507492086812,2.625051612676923,0,81.5166906958104,82.61168227256948,0,1284.9975521344395,66.49175588835502,460.8542644942052,110348,118,10,3,False,True,match730_003846095210866016783_0292086677_161,own,de_ancient,110466,abfcba6be4,m4a1_silencer,True,False,False,False,False,False,18.0,0.0,0.0,rifle,0.5441303968198589,False,110156
121.7464955195638,33.45925607935855,0.0,2496.748853681225,0.6160604808015449,0.6019278519662585,0.4645675504042845,30,12.285633676452145,12.075902399392971,10,1134.125414399865,30.908612798065384,657.6224001359267,13316,10,3,3,True,True,match730_003845848209444307084_2046226831_274,own,de_dust2,13326,3a84a7ef32,mac10,True,False,False,False,False,False,59.0,0.0,0.0,smg,0.5439133636611884,False,13124
15.228515625,2.803444274148456,3.322369382837692,572.4678299663432,0.6964298191687843,0.6913203684397351,0.6536221003601985,65,10.148038187629451,10.087022259881916,64,834.5186468904956,83.19863460990027,418.5789503161729,97826,39,3,2,False,True,luminosity-vs-nemiga-m1-cache,pro,de_cache,97865,3b306c71b2,usp_silencer,True,False,False,False,False,False,0.0,0.0,0.0,pistol,0.5428873748379793,False,97634
12.50244140625,3.611926909591103,2.518037868418632,400.78125,1.2161442075327258,1.3147154349398185,1.2133361807198837,65,14.559273433599664,15.90258625722262,33,685.642880727373,111.79851508675306,527.7424341259322,75799,5,2,2,True,True,match730_003833678395988770820_2132169428_161,own,de_dust2,75804,4ccc3c6dfc,m4a1,True,False,False,False,False,False,46.0,0.0,0.0,rifle,0.5427221853992892,False,75607
15.46875,3.1758521009879943,4.954672926437122,898.625,1.249177583960404,2.0191230073724684,0.7299496288091857,65,21.14293366668717,34.166656534605146,0,969.6047391150424,129.78706311047728,223.3949577925333,16418,17,3,1,False,True,aurora-vs-9z-m2-mirage-p1,pro,de_mirage,16435,4044fff327,mac10,True,False,False,False,False,False,0.0,0.3439998030662536,0.0,smg,0.5423704659801138,False,16226
601.4423574612016,55.064701104759656,0.0,16534.88254934144,0.8690039413944672,0.7886222347937194,0.5262777350247785,44,10.6614524454178,9.699130562790378,21,699.9001684063305,50.77877570955873,498.1414762108734,33320,0,1,1,True,True,luminosity-vs-nemiga-m2-dust2,pro,de_dust2,33320,3b306c71b2,m4a1_silencer,True,False,False,False,False,False,0.0,0.0,0.0,rifle,0.5422790140040465,False,33128
6.225903044160441,1.5688728633921327,0.926941878710544,281.74526705485664,3.0118566330199035,2.937886915032288,2.8164318720620027,0,31.4886929026489,31.162103347720794,0,598.3335197704406,142.6851160582815,406.2788003261999,118267,0,1,1,True,True,match730_003846055312767320440_2034169741_274,own,de_nuke,118267,0218c18796,deagle,True,False,False,False,False,False,33.0,1.0,0.0,pistol,0.5414377935499951,False,118075
7.0537109375,0.5893531625172013,4.0576171875,306.625,1.0073621343433112,0.7713151035298991,0.4743062112554153,21,8.499852305398882,6.449011558540361,17,482.9831402363213,111.72192330561109,425.17471337528434,120540,11,3,3,True,True,match730_003829380948349157814_1390656678_161,own,de_dust2,120551,0ecd5d7027,famas,True,False,False,False,False,False,74.0,0.0,0.0,rifle,0.5407754103760642,False,120348
658.0242996692971,126.8677779963106,0.0,29915.4677024299,3.0307005230240724,3.346192643916246,3.0307005230240724,0,12.012520102465368,13.722231742999789,17,226.32433981888835,77.52461984164935,197.7826314431277,78102,0,1,1,True,True,match730_003833682433258029322_1216037504_161,own,de_dust2,78102,8a33bc3a37,glock,True,False,False,False,False,False,10.0,0.0,0.0,pistol,0.5406736964921706,False,77910
34.58350335657693,10.191077296623448,4.93033017419084,1066.8334345333394,6.189776387348389,6.070771973254541,1.4380534829157614,0,105.99120656254118,104.22168679204636,0,977.2897320427168,154.2052006389834,554.1017636636773,105885,63,9,4,False,True,astralis-vs-fnatic-m2-ancient,pro,de_ancient,105948,ca06492643,m4a1_silencer,False,False,False,False,False,False,0.0,0.0,0.0,rifle,0.5397279312473198,False,105693
35.404324943012405,7.482255913476807,0.5784505208333334,817.4202727452505,0.3620287022847142,0.3917829238948765,0.0887999345948064,44,9.625572707453903,10.416700273083464,37,1523.3330332897349,26.838770243970785,44.55851118047178,17394,18,2,1,False,True,match730_003845848209444307084_2046226831_274,own,de_dust2,17412,71f78fbbc6,m4a1_silencer,False,False,False,False,False,False,28.0,0.0,0.0,rifle,0.5388449398066301,False,17202
15.149757992665366,3.4266503910609925,2.6241151640412954,503.8301114959288,0.4648576927839973,0.4792419901121425,0.3942759835875351,58,7.738313200625149,7.977678903471393,35,953.6974620038654,59.81899818999651,273.9837184611045,86312,0,1,1,True,True,match730_003833682433258029322_1216037504_161,own,de_dust2,86312,296e119cfc,famas,True,False,False,False,False,False,98.0,0.0,0.0,rifle,0.5386278412228362,False,86120
579.4750360866828,87.85809449316486,70.26508256775627,14444.64499409113,4.026883610427397,2.732794655509118,1.076788311673489,0,17.700630857847315,11.73783588426044,25,251.1093619022508,44.91944415712,309.08485346249006,54585,41,10,7,False,True,match730_003831793800846508273_1359762374_161,own,de_mirage,54626,03d8a6e44d,mp9,False,False,False,False,False,False,43.0,0.0,0.0,smg,0.5384039003149512,False,54393
343.66228091095894,47.593740565385296,296.2567608505744,8898.803411375862,5.346574109986109,21.613052280088937,5.346574109986109,0,49.58188636787676,219.0004165975677,0,526.2979026393735,112.88712882252476,521.8159320722915,138110,77,13,3,False,True,match730_003846114907586035842_2006638891_196,own,de_mirage,138187,6f05066c08,ak47,True,False,False,False,False,False,21.0,0.0,0.0,rifle,0.5382973889986762,False,137918
8.814133080205131,1.11712754316556,3.5544260017473603,398.8821293627981,0.6038880953501917,0.4832393586401119,0.3443003992710784,61,9.931684354109557,7.946776303674907,21,942.2255592041316,94.0854312448688,134.70672362857852,117106,5,2,2,True,True,aurora-vs-9z-m2-mirage-p1,pro,de_mirage,117111,ac7afcf085,famas,True,False,False,False,False,False,0.0,0.0,0.0,rifle,0.5381901720407343,False,116914
85.52279731843326,31.53297706362696,24.07181789930296,1514.7267595577505,15.900042038448175,15.980703255211433,8.177664043784192,0,129.7150732657009,130.51562339265175,0,455.10871130585855,181.14467113063165,911.7687469541064,73426,47,9,5,False,True,match730_003833682433258029322_1216037504_161,own,de_dust2,73473,aa97ccafe5,mp9,False,False,False,False,False,False,9.0,0.0,0.0,smg,0.5374929797552453,False,73234
1145.1668835173714,234.44425050409276,16.07557129833463,22644.64429339412,0.2284375981728316,2.211687558362649,0.2284375981728316,6,4.173432890940235,40.83162388375361,5,1039.1408269830208,101.89391326820066,502.67208599550327,47257,19,5,3,True,True,astralis-vs-fnatic-m2-ancient,pro,de_ancient,47276,d8f9528a3a,mac10,False,False,False,False,False,False,0.0,0.0,0.0,smg,0.5368473426142742,False,47065
813.5595703125,57.19983488727264,8.581184772630685,29379.22074816074,0.3009209408152662,0.4224497540823396,0.1003313797569989,59,4.357960594872807,6.14627894222382,15,819.2768853115663,159.10231784764431,413.1097331454773,46182,0,1,1,True,True,aurora-vs-9z-m2-mirage-p1,pro,de_mirage,46182,7a9df6b20d,ak47,False,False,False,False,False,False,0.0,0.0,1.0,rifle,0.5362665275690353,False,45990
506.3895304828503,62.14185903690173,2.1911907028057382,13961.729017574864,0.5067845083552546,0.4410278204858812,0.3339960134805416,43,12.495058954522465,10.873143299097476,13,1412.618694772844,115.21309318110649,210.8418441685072,68214,0,1,1,True,True,astralis-vs-fnatic-m2-ancient,pro,de_ancient,68214,c023f685ab,awp,False,False,False,False,False,False,0.0,0.0,0.0,sniper,0.5362363651711599,False,68022
457.0707086540365,52.22874444426324,248.19667289186316,12056.165372115596,5.620513320693437,17.998568398170903,1.5191861799867303,0,45.22518096228949,161.1201623293124,0,459.5280562465426,89.54630627412067,123.3398920796376,82945,41,5,1,False,True,astralis-vs-fnatic-m2-ancient,pro,de_ancient,82986,ca06492643,glock,False,False,False,False,False,False,0.0,0.0,0.0,pistol,0.5358320135654709,False,82753
23.293770821871405,3.591790046345513,19.77352998575488,949.7058314077548,2.4684314643820864,3.227541274355048,2.4684314643820864,3,12.732204696871785,16.6531365755868,28,294.46977306785567,56.87555067643821,323.13755152337745,51126,0,1,1,True,True,match730_003846095210866016783_0292086677_161,own,de_ancient,51126,cd1c592f75,mp7,True,False,False,False,False,False,46.0,1.0,0.0411813855171203,smg,0.5355627451696304,False,50934
222.6843180122624,40.972592885186494,0.6588541666666666,5690.0030931138845,0.6561296144776851,0.7248419151116441,0.6561296144776851,46,10.974763179178758,12.117384189527916,36,958.293501276122,36.12860443532445,378.3684613203704,14313,13,3,3,True,True,match730_003846087479924883540_0606572273_161,own,de_mirage,14326,bea1536d33,m4a1_silencer,False,False,False,False,False,False,37.0,0.7389346957206726,0.0,rifle,0.5354994517333488,False,14121
37.90577379196444,7.810734188029237,3.370260960850469,1817.7892322906805,1.2936979784779905,1.266701091427136,0.4277163260419221,65,29.49623935887942,28.791143827228712,0,1306.0737230720774,75.78342737959608,660.5591976561866,36338,10,3,2,False,True,match730_003829380948349157814_1390656678_161,own,de_dust2,36348,0ecd5d7027,mp7,False,False,False,False,False,False,72.0,0.0,0.0,smg,0.535399546855778,False,36146
633.5564977604841,151.86522033500074,6.451947052277549,30832.836598692447,0.4092831235902252,0.6305574311750417,0.4092012727600815,28,9.19495743389923,14.172383267318986,9,1287.134374532856,33.68447729786379,296.30739881946425,62754,0,1,1,True,True,match730_003833678395988770820_2132169428_161,own,de_dust2,62754,8a33bc3a37,deagle,False,False,False,False,False,False,9.0,0.4967674314975738,0.0,pistol,0.5350810518511236,False,62562
66.28904400602138,10.819174009857369,37.45167472758802,2440.9988163853686,15.75886855010946,16.084727070377205,15.689460923611708,0,117.51575244426876,119.13500608034776,0,416.2937027555992,206.04246557165072,473.9436890347541,87786,51,9,4,False,True,astralis-vs-fnatic-m1-dust2,pro,de_dust2,87837,95b933ed7c,ak47,False,False,False,False,False,False,0.0,1.0,0.0,rifle,0.5350530363925502,False,87594
714.1985937819074,68.40514761184843,20.885011478554706,16950.303441076616,0.2061913336205165,0.5961366242917598,0.0686503297770567,23,1.4911192338508106,4.404807100761064,23,413.7481741608861,210.0307453849992,717.4826888485038,47864,0,1,1,True,True,astralis-vs-fnatic-m1-dust2,pro,de_dust2,47864,ca06492643,awp,False,False,False,False,False,False,0.0,0.0,0.0,sniper,0.5349687692975539,False,47672
18.073805310244968,1.1634442705385928,0.0,292.80669227039823,3.855325608100998,2.900152195140582,2.457145480129393,0,24.943442987682385,18.867653827218327,0,369.7240028555776,186.49183134927355,359.5370489796739,59112,0,1,1,True,True,match730_003833678395988770820_2132169428_161,own,de_dust2,59112,b2feea7c7d,deagle,True,False,False,False,False,False,24.0,0.0,0.0,pistol,0.5349579580999437,False,58920
15.4921875,2.0893743173821044,2.196358416110475,893.125,0.6709663076629361,0.6581466439895225,0.0491852604297689,65,21.0457484659162,20.649187950055417,0,1797.0629348746825,34.05918525457356,81.35844905703021,36167,21,3,1,False,True,match730_003831793800846508273_1359762374_161,own,de_mirage,36188,f86f118666,ak47,True,False,False,False,False,False,22.0,0.0,0.0,rifle,0.5342334198509816,False,35975
34.0462462116386,10.593478792939646,17.850170623545523,1651.382141809517,4.1604060490606,3.915811881777342,3.798099085368639,0,98.22258774798598,92.36219178118418,0,1350.2511072752204,226.9385712695518,811.3010587942197,8455,19,4,1,False,True,luminosity-vs-nemiga-m1-cache,pro,de_cache,8474,c4ceacecd8,ak47,True,False,False,False,False,False,0.0,0.9747314453125,0.0,rifle,0.5336269879446092,False,8263
40.20150973013973,13.907832456426602,0.0,766.5987167898368,1.1870492923150844,0.9073912481733094,0.4466533194225465,53,16.421680357392713,12.551370627782784,33,792.4642155688069,48.18217940200344,33.34753147203333,61878,6,2,1,False,True,match730_003846095210866016783_0292086677_161,own,de_ancient,61884,bea1536d33,m4a1,True,False,False,False,False,False,37.0,0.0,0.0,rifle,0.5325575368007985,False,61686
19.77062090433665,4.538996425582951,0.0,503.0718441038072,1.5494567887949393,1.032055129147894,0.1556981646912642,38,18.91218010029429,12.590017362577765,30,697.6359253652794,125.31881679838683,183.4702732477475,90392,20,4,3,True,True,match730_003845721267390906757_0873910189_273,own,de_anubis,90412,342f3c4029,aug,False,False,False,False,False,False,38.0,0.0,0.0,rifle,0.532457268366678,False,90200
10.744140625,0.5689872368399003,7.300689163822651,371.1073194539491,5.682502445412224,4.693532722909923,1.3488143341379002,0,42.49322079615069,35.82465702487782,0,403.16772420952566,149.73467034942274,694.1561274230331,78015,45,8,2,False,True,match730_003846114907586035842_2006638891_196,own,de_mirage,78060,b372556378,ak47,True,False,False,False,False,False,10.0,0.0,0.0,rifle,0.5320013589127643,False,77823
7.573562365416111,1.4493854950335083,0.79833984375,331.42674138663114,1.24118766886444,0.9258754992949,0.0990338827003491,14,9.061568584683362,6.948995070316569,12,417.8570963312585,171.0641626434669,604.9763332246688,56128,23,5,3,False,True,match730_003846114907586035842_2006638891_196,own,de_mirage,56151,6f05066c08,m4a1,False,False,False,False,False,False,21.0,0.0,0.0,rifle,0.5318835156247164,False,55936
1198.6092275978529,141.3211001209138,0.0,34435.33091209146,1.7741489098164989,1.9069334848822797,1.746754328212956,16,14.423056578244095,15.606686894614896,11,465.3376704570837,112.40151197020457,455.0913554415225,122966,0,1,1,True,True,match730_003845735833772490759_0956054515_272,own,de_inferno,122966,6f17506be7,ak47,True,False,False,False,False,False,35.0,0.0,0.0,rifle,0.5314958089857714,False,122774
1028.733742325204,101.50631371815786,12.160628092889022,27925.86111044901,1.0281675498619174,1.3304614898413143,0.5690376159816295,22,9.8178308225712,12.634009670255924,22,545.4282442811887,173.72002185417995,418.36307392555017,157928,0,1,1,True,True,astralis-vs-fnatic-m1-dust2,pro,de_dust2,157928,ca06492643,awp,False,False,False,False,False,False,0.0,0.0,0.0,sniper,0.5314566430954787,False,157736
1439.1902787728457,262.9868156693421,51.26958367194941,46670.01344081454,1.821014237228663,3.1622050711496903,1.821014237228663,1,12.170004061383374,21.44639853452528,1,382.5699033166128,51.28200524164215,46.14531921205448,106490,15,4,2,False,True,furia-vs-betboom-m1-mirage,pro,de_mirage,106505,e1ccb1699e,mac10,False,False,False,False,False,False,0.0,0.0,0.0,smg,0.5314011405374511,False,106298
68.69043387342225,16.038124309453725,55.46601067755156,2975.378463972209,1.6344082660413364,3.305343577556117,1.6344082660413364,3,6.101356560390943,12.89209563419254,51,213.44762331047136,69.74950082671242,336.69450691886294,42621,19,4,4,True,True,luminosity-vs-nemiga-m1-cache,pro,de_cache,42640,590a913841,ak47,True,False,False,False,False,False,0.0,0.1001794934272766,0.0,rifle,0.5312298341023225,False,42429
1685.8403955614633,246.2084812012337,96.3873066472368,45784.53706482738,5.637248164480136,4.741507004606885,1.7740750302797956,0,16.777848839762733,13.995463247806049,9,169.97186281050244,59.79711457649972,256.49061435511464,54283,13,3,1,False,True,astralis-vs-fnatic-m1-dust2,pro,de_dust2,54296,dd32420517,ak47,True,False,False,False,False,False,0.0,0.0,1.0,rifle,0.5309415554025785,False,54091
842.9783316483986,128.18521073781733,51.33966539863533,23377.33899348852,0.8642635481682027,3.923162103147279,0.8642635481682027,4,21.522614253895476,98.67296456782672,0,1419.9515289397175,217.03731049097456,964.8007172443612,196169,32,6,3,False,True,luminosity-vs-nemiga-m2-dust2,pro,de_dust2,196201,d61b8b9081,ak47,True,False,False,False,False,False,0.0,0.0,0.0,rifle,0.5307997668391168,False,195977
1261.038703160018,251.33962700738937,12.520617425912045,53319.256685036176,3.019226374539285,1.3776669590948625,0.1026001998745294,0,19.53299861663132,8.824087398813706,13,370.1297196643316,110.92827720935836,148.41512430256907,111361,26,5,4,True,True,match730_003846055312767320440_2034169741_274,own,de_nuke,111387,0218c18796,m4a1_silencer,False,False,False,False,False,False,33.0,1.0,0.0,rifle,0.5304007294144466,False,111169
31.552106509489303,1.3803705525536292,14.308828311250432,1594.0973266660326,0.3967249003881248,0.4523929811200092,0.0693067603176467,65,20.56639955680691,23.451997735741926,0,2969.1580995385048,123.31998323998496,324.4169452007089,58237,0,1,1,True,True,match730_003833678395988770820_2132169428_161,own,de_dust2,58237,5a6218ec0c,awp,True,False,False,False,False,False,45.0,0.0,0.0,sniper,0.5303794616386384,False,58045
95.92414420041638,9.764105762129578,1.0481568644530264,2316.9998497964634,0.5302775594059683,0.8320385324982252,0.5081303378806652,63,17.683007727531663,27.760093674185164,4,1907.1506909403656,24.71693242336932,173.2961062976293,196034,19,4,3,False,True,luminosity-vs-nemiga-m2-dust2,pro,de_dust2,196053,95f0d4db09,m4a1_silencer,False,False,False,False,False,False,0.0,0.0,0.0584968328475952,rifle,0.5303130075686309,False,195842
732.625730256096,112.72435742769818,410.4443066617989,26625.5443501318,4.453794513205294,27.42356617123233,3.4877332926217237,0,14.435750953138738,101.584584121738,2,184.89178595971867,53.64396286597582,454.3543023104763,120528,38,7,3,True,True,match730_003846055312767320440_2034169741_274,own,de_nuke,120566,b9026ee78e,ak47,True,False,False,False,False,False,18.0,0.0,0.0,rifle,0.530234200309136,False,120336
166.03899157709307,8.068152977675611,136.1174185804605,3357.780210587098,2.350213781779174,4.51612300163006,0.6511859946958298,3,31.722102115417528,61.069628766650204,0,770.2805278654446,190.8624052450448,280.4051626546405,185790,0,1,1,True,True,furia-vs-betboom-m2-cache,pro,de_cache,185790,52f704f8ce,awp,False,False,False,False,False,False,0.0,0.0,0.0,sniper,0.5301219482033377,False,185598
9.580078125,1.2696171934309,5.621992961349002,382.5,1.3155788732484195,0.8706865300926605,0.110368696043104,32,13.150853071670271,8.765322322766467,26,572.4611290306889,84.14674234813958,139.2465621768801,130212,26,5,4,True,True,match730_003846114907586035842_2006638891_196,own,de_mirage,130238,6f05066c08,ak47,False,False,False,False,False,False,21.0,0.0,0.0,rifle,0.5295251483232808,False,130020
28.936129642608524,10.40670671227349,1.2606997841893346,866.125,0.1331441038697426,0.227906115286976,0.092015202443498,62,3.766215692897558,6.46503767241038,16,1614.2428044488854,112.25064312562056,303.86389985278595,63634,0,1,1,True,True,match730_003845848209444307084_2046226831_274,own,de_dust2,63634,3a84a7ef32,ak47,False,False,False,False,False,False,59.0,0.0,0.0,rifle,0.5293525277641081,False,63442
5.712890625,0.8512014483342687,3.251258992059546,365.625,1.0504679162252772,0.5696253373266005,0.2638382002012321,25,18.99380141979372,10.332582396695168,13,1035.2095721551214,207.8176140768464,395.5758491415455,3724,0,1,1,True,True,match730_003846095210866016783_0292086677_161,own,de_ancient,3724,c8d7238405,glock,False,False,False,False,False,False,25.0,0.0,0.0,pistol,0.5292063843622414,False,3532
12.283525018391154,0.713001820701111,1.2233072916666667,622.7182062521732,0.9571723135177423,0.946944258008885,0.8566067527358372,34,14.219606928441856,13.819062615162816,25,850.7368402169676,218.65840338818828,313.502134885048,67399,7,2,1,False,True,match730_003846087479924883540_0606572273_161,own,de_mirage,67406,27f0cb0ba9,ak47,False,False,False,False,False,False,18.0,0.0,0.0,rifle,0.5290121683920384,False,67207
38.71484375,16.532066373692167,11.036513644311986,1216.2606197079012,2.136872774436501,2.6522183466206872,2.136872774436501,30,12.771558184588862,16.245045828238126,29,342.1839142207604,52.645533758232936,450.9447875734168,17166,24,6,4,True,True,match730_003845721267390906757_0873910189_273,own,de_anubis,17190,6b4b6c808f,mac10,True,False,False,False,False,False,30.0,0.0,0.0,smg,0.5287790631862135,False,16974
22.888602209713504,2.8472827256208904,4.962929422121122,978.3705414216644,10.14988318311126,9.591779076455296,8.748455136848241,0,82.83735702366569,77.40023822514547,0,462.53548560019925,17.474910763617746,500.53108324837865,53477,32,6,3,False,True,luminosity-vs-nemiga-m1-cache,pro,de_cache,53509,3b306c71b2,ak47,False,False,False,False,False,False,0.0,0.0,0.0,rifle,0.5283360572472762,False,53285
1483.3079303611114,180.85532052362967,7.918433702421474,41670.01139734598,0.160699600421306,0.9133072508722896,0.1187056022772527,12,3.122999058224544,17.700151640749354,6,1113.0975562231872,23.94696782811942,304.13577843123744,86885,6,2,1,False,True,aurora-vs-9z-m2-mirage-p1,pro,de_mirage,86891,fe43c71f39,m4a1_silencer,True,False,False,False,False,False,0.0,0.0,1.0,rifle,0.5280985427545889,False,86693
1585.7500158807145,129.27233267685102,3.426923104572652,50826.50101636573,8.398372789891916,8.168256813673334,7.818033070445633,0,40.49867864893577,39.28622587052399,0,274.1528034600334,174.86612096605984,322.54858944191983,81393,29,4,1,False,True,match730_003831793800846508273_1359762374_161,own,de_mirage,81422,237144b7d2,ak47,True,False,False,False,False,False,45.0,0.0,0.0,rifle,0.5280938149295087,False,81201
28.389302837549774,5.792596227417146,2.34375,802.9778816031858,0.989685633287808,0.9719772599705852,0.3790787250121154,65,13.366785840106186,13.12693092637238,65,773.5765704916632,23.78695168806036,37.76669589266558,117804,60,5,2,False,True,astralis-vs-fnatic-m1-dust2,pro,de_dust2,117864,ca06492643,glock,True,False,False,False,False,False,0.0,0.0,0.0,pistol,0.5271682747082721,False,117612
25.899564278372917,6.163157659862287,4.577473958333333,876.9813529915618,0.1593430300589791,0.465252749681791,0.0860714997025561,65,5.568827771191395,16.260639700919597,6,1997.8880456250297,24.81082590908913,156.8437520023764,86537,7,2,2,True,True,match730_003829380948349157814_1390656678_161,own,de_dust2,86544,f3383df9e7,ak47,True,False,False,False,False,False,45.0,0.0,0.0,rifle,0.5269592287193826,False,86345
9.826470604247122,1.5192058532042216,4.935108613814694,375.43079538815016,8.194243202806765,6.451564476432511,1.6664812808454472,0,44.68397724590454,36.409678864060304,0,307.3650844866784,231.01394623514864,384.2255814797928,6505,49,4,4,True,True,match730_003846055312767320440_2034169741_274,own,de_nuke,6554,6a8c9faae0,fiveseven,False,False,False,False,False,False,42.0,0.0,0.0,pistol,0.5269322896593426,False,6313
10.701171875,2.1707999517347867,1.6307204866944849,454.25,0.166143301050722,0.5820811496294047,0.1501844676943366,57,2.5511680412221915,8.938898344204508,12,879.6893599692322,24.86348471584493,113.87646827148,25391,23,4,3,True,True,match730_003829380948349157814_1390656678_161,own,de_dust2,25414,301b246229,m4a1_silencer,False,False,False,False,False,False,36.0,0.0,0.0,rifle,0.5265150009342942,False,25199
9.4697265625,0.8590414130268673,8.671875,302.3125,1.142184575021893,1.142110970972737,0.365089985655096,52,25.337481690916423,25.3405195827513,0,1264.5597106938462,122.8698925941529,197.53788945150745,60576,6,2,1,False,True,match730_003846095210866016783_0292086677_161,own,de_ancient,60582,cd1c592f75,m4a1,True,False,False,False,False,False,47.0,0.0,0.0,rifle,0.5264042913902672,False,60384
141.93437766534112,11.060557652384558,90.22327762641936,3634.166549439675,0.4747035877881796,6.113344648978044,0.4747035877881796,3,11.621665093153974,151.7098411663786,2,1402.5255538001384,189.3076584782642,557.3596854946929,123853,29,3,2,True,True,match730_003846055312767320440_2034169741_274,own,de_nuke,123882,9f3aebc0e3,ak47,False,False,False,False,False,False,12.0,0.0,0.0,rifle,0.5263938794405127,False,123661
76.09886565196373,10.411818728636026,18.639153677919527,2641.182372235673,1.5592632739777903,1.629909920342224,1.1696533461173433,65,15.250927904900058,15.984448093334972,42,553.7349702732806,20.764984171506832,212.67623973871108,132364,19,4,2,True,True,aurora-vs-9z-m2-mirage-p1,pro,de_mirage,132383,fea287be28,m4a1_silencer,True,False,False,False,False,False,0.0,0.0,0.0,rifle,0.5263480933318208,False,132172
21.77658887162096,1.636345557246207,0.0,626.8003536800643,0.6490031931723458,0.5138763680733155,0.382295848556492,52,9.655523723322585,7.742733301180415,28,839.2479500494139,186.0842934597095,209.07504369429827,66332,0,1,1,True,True,match730_003846087479924883540_0606572273_161,own,de_mirage,66332,bea1536d33,deagle,False,False,False,False,False,False,37.0,0.0,0.0,pistol,0.5259765509459845,False,66140
162.04128291852257,56.27076513660887,52.86773090780696,2259.6656271545853,5.611509647740186,3.1623713830588454,1.6852617695177845,0,44.03682433715103,24.430337834294523,0,412.0459605092518,189.1193163602289,1174.09008874838,70458,0,1,1,True,True,match730_003833678395988770820_2132169428_161,own,de_dust2,70458,9517c1c552,awp,False,False,False,False,False,False,79.0,0.0,0.0,sniper,0.5258806781244642,False,70266
30.501407028012277,9.795988293229229,0.5211460832680996,758.0865225284365,0.5166753200947014,0.5416564776672881,0.4640776762296119,55,23.169425567915617,24.28576645014405,0,2564.975714809764,44.36461651943516,646.9456669681502,93042,0,1,1,True,True,match730_003845848209444307084_2046226831_274,own,de_dust2,93042,cc23b0e440,awp,True,False,False,False,False,False,28.0,0.0,0.0,sniper,0.5255909591126706,False,92850
7.318359375,1.5099747627833078,5.486328125,370.4809216157426,0.6504116238289164,0.9273231172166152,0.528936090615105,32,9.484368913624465,13.620420908997248,23,806.9498330707183,111.0701348297753,131.44321980843998,32825,13,3,2,False,True,match730_003845848209444307084_2046226831_274,own,de_dust2,32838,1d8a841068,m4a1_silencer,False,False,False,False,False,False,24.0,0.0,1.0,rifle,0.5253799727486123,False,32633
446.4996533045432,144.78029421296117,429.45981989015087,12273.298120545744,9.264653399777036,28.59941348482034,2.197402735463774,0,32.560704278661035,116.4293361894319,0,160.6866633843967,115.64662136238324,94.53504331630944,221472,19,4,1,False,True,furia-vs-betboom-m2-cache,pro,de_cache,221491,52f704f8ce,m4a1_silencer,False,False,False,False,False,False,0.0,0.0,0.0,rifle,0.5249710949378122,False,221280
21.40638601997765,7.749728521970449,0.8286407592029854,677.8125,1.373960018991396,1.3241576575557998,0.3807544335318656,65,35.02893227745354,33.47981400756316,0,1460.4455003524515,210.81683565436757,1050.2670278791538,23693,0,1,1,True,True,match730_003831793800846508273_1359762374_161,own,de_mirage,23693,34f759c543,deagle,True,False,False,False,False,False,79.0,1.0,0.0,pistol,0.5249415443011728,False,23501
37.93206668074521,10.696003389774347,7.243933152994093,1226.7147675676931,0.3290901473880473,0.4841485479539769,0.1518260928294469,65,4.856042026481155,7.140285976059687,41,845.2320191503468,1.4154544283782946,14.72282995079528,69830,19,4,2,False,True,match730_003846114907586035842_2006638891_196,own,de_mirage,69849,b372556378,ak47,True,False,False,False,False,False,10.0,0.0,1.0,rifle,0.5248435529211821,False,69638
120.17774442138372,24.218680540928617,79.40699609839164,7691.375642968558,5.171921453457205,3.411509093665211,0.7274925845379203,0,49.80321037766529,32.803374615500005,0,550.081858123909,162.4542240256883,624.4548976527627,45901,0,1,1,True,True,match730_003846224175849013887_1403891103_383,own,de_anubis,45901,04d29c9bb8,awp,False,False,False,False,False,False,139.0,0.0,0.0,sniper,0.5246957820269065,False,45709
25.84293830085837,7.501025222763268,4.838897756677736,689.0063501115796,0.2010794773489348,0.2226280800101991,0.0931989824073439,65,4.890629992442936,5.427400271370823,25,1391.477097645901,21.427156498333083,662.4429719429376,145877,0,1,1,True,True,astralis-vs-fnatic-m1-dust2,pro,de_dust2,145877,fe19e6103c,ak47,False,False,False,False,False,False,0.0,0.0,0.6220054626464844,rifle,0.523208050558993,False,145685
1225.8040792671657,221.9876083752228,15.949650123580255,43428.20394608147,0.1820640674056982,1.0746276119642268,0.1820640674056982,20,3.1740129962953305,18.37133501699373,7,998.7657371300188,167.70622522000872,533.934641095271,58975,47,7,5,True,True,match730_003833678395988770820_2132169428_161,own,de_dust2,59022,4ccc3c6dfc,m4a1,False,False,False,False,False,False,70.0,0.0,0.0,rifle,0.5231248527053184,False,58783
53.5005124682544,9.715966872133524,1.8566608298282432,2293.510744542852,0.7648341664657604,0.6714843406172293,0.3973678597900313,49,13.524624915942214,11.875840818205011,45,1011.8799279111588,0.0,19.67578139701769,91670,121,13,5,False,True,match730_003829380948349157814_1390656678_161,own,de_dust2,91791,9a711e878c,m4a1,False,False,False,False,False,False,40.0,0.0,1.0,rifle,0.5231055071009081,False,91478
20.43397153207245,5.106256792468619,19.753312010552477,383.9375,3.109778551810776,4.427607746919758,3.109778551810776,0,44.64961881663376,65.47756615460385,0,819.4193996248653,215.1664501385236,552.9004981063783,118730,17,4,1,False,True,match730_003846114907586035842_2006638891_196,own,de_mirage,118747,6f05066c08,ump45,False,False,False,False,False,False,21.0,0.0,0.0,smg,0.5229925355222101,False,118538
999.3335898719168,142.67635745036063,19.81264026487298,14316.16263148023,0.1670369342396116,1.3091197498774343,0.1670369342396116,17,2.219989242040375,17.40516499652407,5,760.9373926969448,85.85911825711233,114.85375846642184,130986,0,1,1,True,True,luminosity-vs-nemiga-m1-cache,pro,de_cache,130986,456b773fab,awp,False,False,False,False,False,False,0.0,1.0,0.5889873504638672,sniper,0.5229521979671609,False,130794
1967.7042475710027,200.1228411501628,91.30847317144509,84296.87300413408,1.1966627414826625,4.84041779439987,1.1966627414826625,2,14.840134313449116,61.30799981730151,1,710.3740077928702,228.6138937643632,283.56343954595326,15371,7,2,1,False,True,aurora-vs-9z-m2-mirage-p1,pro,de_mirage,15378,7a9df6b20d,ak47,True,False,False,False,False,False,0.0,0.0,0.0,rifle,0.5229174003837866,False,15179
948.5232439068668,135.1019966299123,386.5893068202343,16425.401949572843,4.20298618688549,20.647235565993164,2.1491515447038667,0,14.147607690091302,82.16711423256359,1,191.3522025965801,210.6727204282653,431.7240407457394,106483,16,3,1,False,True,astralis-vs-fnatic-m2-ancient,pro,de_ancient,106499,fe19e6103c,tec9,True,False,False,False,False,False,0.0,0.0,0.0,pistol,0.5225225218121348,False,106291
546.7981161113006,31.27276928727025,259.16808485858,22495.82475256215,10.17692741758397,14.758073061268172,3.5385712540154346,0,53.21004223723129,84.11020345203096,0,296.15333931374494,167.47878340185397,644.5134745271976,3657,189,20,4,False,True,match730_003829380948349157814_1390656678_161,own,de_dust2,3846,40a412aa4d,glock,False,False,False,False,False,False,129.0,0.0,0.0,pistol,0.5225188368819752,False,3465
16.8974609375,4.423740134945289,0.9375,595.4376888824955,0.9445388841405132,0.9811879842569896,0.932407539124947,65,14.441168601500856,15.054553864735462,27,875.8505380743429,1.2180257880536989,159.7812553109568,149580,0,1,1,True,True,luminosity-vs-nemiga-m2-dust2,pro,de_dust2,149580,95f0d4db09,m4a1,True,False,False,False,False,False,0.0,0.0,0.0,rifle,0.522281732546673,False,149388
23.5546875,2.363234026578343,17.019928413652746,543.562266069275,0.5674862785064972,0.8433022893692564,0.3359872665503328,65,7.507446939180804,11.358489449801864,24,757.8131629884514,111.6376294026478,585.0014277389442,63471,12,3,1,False,True,match730_003833682433258029322_1216037504_161,own,de_dust2,63483,aa97ccafe5,ak47,False,False,False,False,False,False,9.0,0.0,0.0,rifle,0.5222754888878358,False,63279
26.93245401937819,7.995867538944351,1.1793619791666667,1117.8460164375724,0.5986117440034975,0.5815708236405277,0.0657203160420894,65,9.16603580295648,8.90759118861261,54,877.1264200953689,51.78848302048368,20.24426357312146,2278,0,1,1,True,True,furia-vs-betboom-m1-mirage,pro,de_mirage,2278,6c3df85cda,usp_silencer,True,False,False,False,False,False,0.0,0.0,0.0,pistol,0.5222320698758234,False,2086
184.5191664109172,20.28032749562624,5.027645687548731,8931.976650298699,2.6446887742553025,2.25934133176651,1.3172458127931226,48,48.553935437399375,41.80370643895344,0,1050.710759592239,209.69775640012097,482.16178068941736,49185,107,22,7,False,True,match730_003846087479924883540_0606572273_161,own,de_mirage,49292,cd1c592f75,mp7,False,False,False,False,False,False,46.0,0.0,0.0,smg,0.5220592611315045,False,48993
375.6280092385425,69.88458538700944,16.16838757366082,9638.78634126672,0.4265882697065372,2.012891045355078,0.4265882697065372,7,15.91556901279268,75.24064156610186,2,2116.3372044532102,119.4930779746854,329.6659452828656,40629,56,6,5,True,True,match730_003846055312767320440_2034169741_274,own,de_nuke,40685,f9d25d950a,m4a1_silencer,False,False,False,False,False,False,20.0,0.0,0.0,rifle,0.5220249823508724,False,40437
223.76707693390344,43.28349486891484,2.1647189083047644,7434.729293810063,0.7190688766069125,0.4995882882157188,0.2763843442338223,47,8.285292791766379,5.720665154288962,31,651.7441187243369,6.495411888000106,132.25312880370555,31476,0,1,1,True,True,match730_003846114907586035842_2006638891_196,own,de_mirage,31476,b372556378,deagle,False,False,False,False,False,False,10.0,0.2755075097084045,0.0,pistol,0.5219590810081349,False,31284
21.1524908425244,5.320801035464115,4.217617792580956,676.40625,1.373411979972173,1.744257492238086,1.3393674156646502,65,32.91824901300769,41.86231448464855,0,1372.9633526222228,75.84261565890176,194.61984161054704,117533,0,1,1,True,True,match730_003833678395988770820_2132169428_161,own,de_dust2,117533,9517c1c552,awp,False,False,False,False,False,False,82.0,1.0,0.0,sniper,0.5216699714940455,False,117341
1031.4129099047914,131.06854154206442,177.1483493772483,48801.40280663709,4.542977790938901,12.250542020937946,4.372586606134363,0,31.80075338309808,88.45408458180108,0,363.8139377887557,194.8611423449954,240.91515302548885,5216,66,7,3,False,True,match730_003846224175849013887_1403891103_383,own,de_anubis,5282,bc3a159fd7,glock,False,False,False,False,False,False,74.0,0.0,0.0,pistol,0.5212291509846408,False,5024
1327.3961479657028,226.4420881044328,7.41294216576772,25866.42209981187,0.4407319536839327,0.4775790480170269,0.2118060765320284,21,8.41885462453148,9.124990496571993,10,1093.2293697439256,62.083264677887016,523.9334678895196,73613,38,7,3,True,True,astralis-vs-fnatic-m1-dust2,pro,de_dust2,73651,95b933ed7c,ak47,True,False,False,False,False,False,0.0,0.0,0.0,rifle,0.5210260655284314,False,73421
445.04208424587904,76.01443286326743,355.76670728120445,9037.971415315476,1.788418000365565,18.75098262145729,1.788418000365565,1,15.850067005665212,179.92034051176688,1,507.2660103310028,166.59479798447651,273.12276077242564,57265,26,5,3,True,True,aurora-vs-9z-m2-mirage-p1,pro,de_mirage,57291,6c2b13b080,m4a1_silencer,False,False,False,False,False,False,0.0,0.0,0.8955668210983276,rifle,0.5205794800621639,False,57073
13.93636478197172,3.999921764721793,0.9375,485.6429515915064,0.185483045551031,0.2406254039507702,0.1806261420566909,31,3.974942032275874,5.163248668275318,14,1227.7966051573271,90.07894969796578,98.5359174032652,12759,0,1,1,True,True,astralis-vs-fnatic-m1-dust2,pro,de_dust2,12759,dd32420517,m4a1,True,False,False,False,False,False,0.0,0.0,0.0,rifle,0.5203102043818951,False,12567
8.534735222739227,1.943754030355108,0.9739583333333334,265.47049665340217,1.6647713310751853,1.675959601622813,1.6551852168284038,37,27.09874451617998,27.286624683935536,0,932.2589995047148,85.43665214672035,145.3658054058744,115208,0,1,1,True,True,match730_003845735833772490759_0956054515_272,own,de_inferno,115208,db46f148b7,ak47,True,False,False,False,False,False,43.0,1.0,0.0,rifle,0.52019695617865,False,115016
10.39604061941891,0.8924891258434262,7.1602118694508805,321.3221911812872,1.0792757879481525,0.9838687374997456,0.8858854042136289,30,12.147081866127476,11.335451284103923,17,644.5834110887106,237.8961417829283,891.4169144232374,72181,0,1,1,True,True,match730_003833678395988770820_2132169428_161,own,de_dust2,72181,b2feea7c7d,ak47,True,False,False,False,False,False,24.0,0.0,0.0,rifle,0.5199028015106641,False,71989
15.507159671446756,2.9625648477622843,8.543001090992718,586.0832189725924,0.9923268706709056,1.245255710409801,0.9923268706709056,65,11.551297747270818,14.642820240312073,47,666.7871744910146,53.229133303510224,272.2184311504257,12933,40,3,2,True,True,match730_003846114907586035842_2006638891_196,own,de_mirage,12973,476a8ccf25,usp_silencer,True,False,False,False,False,False,19.0,0.0,0.2632043957710266,pistol,0.5197491201658291,False,12741
32.453125,8.604937104563888,10.520186296215602,957.5,2.108776023787779,2.2651218926845926,0.5882745552268392,65,38.04550599260737,40.73467765768332,0,1033.2350983430756,197.14464902171068,302.4039246215082,24911,37,6,5,True,True,match730_003831793800846508273_1359762374_161,own,de_mirage,24948,237144b7d2,mac10,False,False,False,False,False,False,40.0,0.0,0.0,smg,0.519747785704354,False,24719
7.488105242535726,0.8942385173586547,3.288598628825574,165.5828042443204,1.5943400575392563,1.6435258829115729,1.5730502468877978,22,18.43457276817161,19.107499186803903,8,647.172754459148,109.44709497671477,145.58783644408075,104383,13,3,3,True,True,match730_003846055312767320440_2034169741_274,own,de_nuke,104396,f9d25d950a,ak47,False,False,False,False,False,False,20.0,0.0,0.0,rifle,0.5196438284554379,False,104191
42.24670935687986,22.989172245834624,18.30484075510179,1068.75,2.498745118451,2.15646944158288,0.3568000233611592,56,44.77624988878964,38.035229402450014,0,1025.9887227620864,247.20555687116263,569.8303759778674,68033,39,7,2,False,True,match730_003833682433258029322_1216037504_161,own,de_dust2,68072,e2df927a56,mp7,False,False,False,False,False,False,24.0,0.0,0.0,smg,0.5196301946813265,False,67841
29.38394100392456,4.000898155008999,23.359064569619814,1114.9523569214375,0.8391808023541091,0.5583590637547092,0.1695898408798153,65,11.17021091795891,7.387091461266223,33,759.9130656942144,40.15734113262791,195.0429121302611,64700,26,5,4,True,True,furia-vs-betboom-m1-mirage,pro,de_mirage,64726,c1aa9f613a,ak47,False,False,False,False,False,False,0.0,0.0,0.0,rifle,0.5191331072207628,False,64508
836.8782906340103,78.7061744339446,9.891217984485914,13728.133014641608,12.86417669123148,12.957368689432707,8.396340862342502,0,86.77807637800413,85.57442516020646,0,379.7442777202113,183.1596024384456,923.34252484535,23833,87,13,1,False,True,match730_003845848209444307084_2046226831_274,own,de_dust2,23920,71f78fbbc6,ak47,True,False,False,False,False,False,28.0,0.4733398258686065,0.0,rifle,0.5190663257350911,False,23641
111.0873621309948,11.879790909543164,9.124382482450107,2653.434491555616,0.5762021241750533,0.969486416783468,0.4054135190984533,58,12.974748170324892,21.837511382541877,3,1290.0886339486706,159.11102827837104,470.2793484872741,59625,5,2,1,False,True,furia-vs-betboom-m1-mirage,pro,de_mirage,59630,6c3df85cda,mp9,False,False,False,False,False,False,0.0,0.0,0.7241683602333069,smg,0.5186816465302132,False,59433
132.95263964803937,21.2790239285447,5.545045484569473,2802.8609209421074,0.2462571741084603,0.2247546810710081,0.0902033349354144,44,2.9424203162435134,2.694253957743275,43,669.518763065095,115.39042815144974,674.9580141454901,121079,0,1,1,True,True,aurora-vs-9z-m1-dust2,pro,de_dust2,121079,6c2b13b080,usp_silencer,True,False,False,False,False,False,0.0,0.0,0.8491604328155518,pistol,0.5185302595794296,False,120887
441.9560732191046,42.933745798496346,3.575800930688269,22431.865185651302,0.945461272681092,0.790912668934667,0.5982103697144637,48,19.48131378332317,16.323596087788513,19,1180.3881538288051,25.967255521030037,156.2357130055837,135496,0,1,1,True,True,match730_003829380948349157814_1390656678_161,own,de_dust2,135496,0ecd5d7027,m4a1_silencer,True,False,False,False,False,False,73.0,0.0,0.0,rifle,0.5182583341831948,False,135304
6.021543133177069,0.8634875513715187,1.9584204698984389,244.40123017718116,0.0734566018064541,0.0781985442568276,0.0194342801722559,47,1.3190050828644402,1.4039309285677053,29,1022.8943345559398,58.01991553190272,477.0616181138958,178034,0,1,1,True,True,luminosity-vs-nemiga-m2-dust2,pro,de_dust2,178034,456b773fab,awp,False,False,False,False,False,False,0.0,0.0,0.0,sniper,0.5178295322663158,False,177842
33.43565463384046,7.449431004621084,4.827309670815722,970.2839417485338,2.123575889588538,1.6404289986992424,0.3565287857220328,39,17.797594330396088,13.73536596286537,18,475.1463273511405,70.62562966951423,476.5530899364928,14551,0,1,1,True,True,match730_003846224175849013887_1403891103_383,own,de_anubis,14551,cd1c592f75,mp7,True,False,False,False,False,False,15.0,0.0,0.0,smg,0.5175838503392876,False,14359
1679.7484998760176,121.69926768027582,126.71712951976382,107503.90399206513,3.1782917760650005,12.3222804996143,3.1782917760650005,0,19.058853908445563,76.23593129495967,1,342.98699814201984,36.79272193696773,279.94723262076445,138325,13,3,2,False,True,match730_003846114907586035842_2006638891_196,own,de_mirage,138338,ccfd5f1e85,ak47,False,False,False,False,False,False,39.0,0.0,0.0211400985717773,rifle,0.5173510153485463,False,138133
1139.4903524978183,140.64421136536885,13.244352897388536,27706.587354439183,0.5307409720431049,0.5740650103915506,0.4046512095518534,13,11.6036446612013,12.556099953224768,10,1247.319184412907,143.18573686402942,527.3950797489882,81504,46,4,1,False,True,furia-vs-betboom-m1-mirage,pro,de_mirage,81550,52f704f8ce,usp_silencer,False,False,False,False,False,False,0.0,0.0,0.0,pistol,0.5172721365528941,False,81312
18.778505045383724,3.243717461591646,4.907552083333333,745.6652231397144,0.2880031939599142,0.4203960941469437,0.2880031939599142,65,7.047567276586316,10.337724610107204,19,1397.1584253256733,5.576811193980098,120.46322243053189,92183,6,2,2,True,True,match730_003829380948349157814_1390656678_161,own,de_dust2,92189,40a412aa4d,ak47,False,False,False,False,False,False,97.0,0.0,0.0,rifle,0.5171658864229737,False,91991
26.806830137934387,4.530521413748049,1.3108723958333333,675.0529441927949,0.7202440614015645,0.7166883074041192,0.1952927138985579,65,18.035186941366398,17.94612225206224,39,1434.5703652006755,37.233348632167534,251.28652559415136,77193,0,1,1,True,True,match730_003846087479924883540_0606572273_161,own,de_mirage,77193,bea1536d33,deagle,True,False,False,False,False,False,37.0,1.0,0.9714380502700806,pistol,0.5170459895155459,False,77001
120.6842331723191,16.858124679866403,10.715051395072862,4501.247160597685,0.6801324833828378,0.5435451810850515,0.0387316226278514,48,12.778320840330542,10.14980801879512,17,1076.4210012531712,122.5197364568994,545.7185476460696,69115,4,2,2,True,True,match730_003846224175849013887_1403891103_383,own,de_anubis,69119,0c250789aa,mp9,False,False,False,False,False,False,62.0,0.0,0.0,smg,0.5168400648493758,False,68923
6.859648401464278,1.7073975856146473,4.001456936191765,259.03026358487955,0.4370908983595272,0.7978524031885332,0.2581150046506644,16,7.067791893819802,13.030294857148323,8,926.435750162711,236.6735198270125,928.1965922040454,134171,0,1,1,True,True,astralis-vs-fnatic-m1-dust2,pro,de_dust2,134171,38f757d48e,m4a1,False,False,False,False,False,False,0.0,1.0,0.0,rifle,0.5167609187783792,False,133979
436.77374933738537,35.39082146326869,366.89333112305457,10693.14409887076,16.709389880617554,33.46238995523862,16.709389880617554,0,50.13180606063738,123.12843143650272,0,165.2243226942656,132.128397325459,454.2172785009014,33494,58,10,4,False,True,furia-vs-betboom-m1-mirage,pro,de_mirage,33552,6c3df85cda,m4a1_silencer,True,False,False,False,False,False,0.0,0.0,0.0,rifle,0.5167591017908119,False,33302
119.20624320846665,17.258755664269795,0.0,3490.318534804981,0.1743912431061645,0.3772877416335443,0.1743912431061645,33,4.007532929364234,8.58680198512026,26,1316.0910680515474,192.42154327148404,457.2914498125125,82261,102,8,4,True,True,match730_003845848209444307084_2046226831_274,own,de_dust2,82363,1d8a841068,tec9,True,False,False,False,False,False,24.0,0.0,0.0,pistol,0.516678805819215,False,82069
9.826470604247122,1.296127313091192,7.701332692824164,285.382360321392,2.666956836138102,2.155963696542087,1.8207361220906677,28,39.16289717030043,31.914467480896235,0,840.6280027208229,236.75880030118543,508.5614523727347,19830,32,6,3,True,True,match730_003846095210866016783_0292086677_161,own,de_ancient,19862,26d15ffc47,m4a1_silencer,False,False,False,False,False,False,69.0,1.0,0.0,rifle,0.5162865068704948,False,19638
1098.677734375,122.71861240852996,0.0,20834.875,2.832756912783425,1.7435093959389325,0.1730955668366098,20,30.1759394732061,18.640152151982665,0,608.9916791392989,175.13702523999785,603.9614567509393,32663,32,6,4,True,True,match730_003845721267390906757_0873910189_273,own,de_anubis,32695,88df3b8433,m4a1_silencer,False,False,False,False,False,False,52.0,0.0,0.0,rifle,0.5160965370872885,False,32471
24.58563919298549,3.08402272134603,18.00075378355675,718.3317385923312,0.1953758990963161,0.9467168477540152,0.1496924828411876,65,5.376450836437656,26.08356595341574,2,1576.591635765707,99.2852607966368,270.3816604994234,119749,0,1,1,True,True,aurora-vs-9z-m1-dust2,pro,de_dust2,119749,c1c75a4da6,usp_silencer,True,False,False,False,False,False,0.0,0.0,0.8803152441978455,pistol,0.5160011819033525,False,119557
178.95157164506773,30.43014133074699,27.833134766409245,4527.649658062068,0.7267670712422308,4.818646643283094,0.3518140710566433,5,18.99806629517173,127.22770250907828,3,1497.5845531870534,0.3735882214828926,177.0330560191526,4829,0,1,1,True,True,aurora-vs-9z-m2-mirage-p1,pro,de_mirage,4829,4044fff327,p250,True,False,False,False,False,False,0.0,0.0,1.0,pistol,0.5155821180796416,False,4637
56.68756450914373,9.721615368804237,0.3515625,1139.5397202738434,0.3090854701936559,0.3558560589257717,0.1782677247052041,56,5.675000701711856,6.533761511570522,53,1048.646711620819,0.0359492407154868,348.4243042009164,96127,0,1,1,True,True,match730_003845848209444307084_2046226831_274,own,de_dust2,96127,1d8a841068,ssg08,True,False,False,False,False,False,23.0,0.0,0.0,sniper,0.5155326179995376,False,95935
868.6957583612271,54.48661785109858,1.9479166666666667,24319.96245822161,0.6858446429326639,0.9000834457130157,0.6824891737042421,41,9.733530737301622,12.816940040635451,18,813.020733803594,37.89913398588613,182.3759864853433,57675,0,1,1,True,True,match730_003845735833772490759_0956054515_272,own,de_inferno,57675,6f17506be7,ak47,True,False,False,False,False,False,40.0,0.0,0.0,rifle,0.5152379216621886,False,57483
10.40924711856032,1.2144083252152047,6.413759456186774,289.31681558786056,0.99938798705395,1.2771230866705845,0.2671837562401295,10,5.762010602659152,7.155725148837877,11,330.07874051801616,211.4153915574099,1028.635529967886,62848,29,6,4,True,True,match730_003833682433258029322_1216037504_161,own,de_dust2,62877,aa97ccafe5,galilar,False,False,False,False,False,False,9.0,0.0,0.0,rifle,0.515218523645811,False,62656
1613.0456149506267,151.66246505049244,14.61360113959563,46817.40045230827,1.6454922930960143,1.755143541352875,1.6454922930960143,18,17.098485071891822,18.16291386440673,13,594.9806907061085,79.4972770606706,75.25645050690268,158390,7,2,1,False,True,astralis-vs-fnatic-m1-dust2,pro,de_dust2,158397,38f757d48e,ak47,True,False,False,False,False,False,0.0,0.0,0.0,rifle,0.5151752300535785,False,158198
5.90047628775536,0.5708348585765761,0.1246744791666666,377.6304824163431,0.1050059465995923,0.1295030668597819,0.1050059465995923,36,2.7591664700802747,3.402628312400981,15,1503.953827825071,135.73188087679128,272.205530038879,44150,0,1,1,True,True,match730_003846095210866016783_0292086677_161,own,de_ancient,44150,7bbb0d4a11,awp,False,False,False,False,False,False,18.0,0.0,0.0,sniper,0.5144696789715779,False,43958
9.888295940476564,2.5304757815216865,3.558497812610248,433.2062157726182,0.4847981134859337,0.7659698961582929,0.4847981134859337,65,10.205487254913496,16.12676245247888,7,1206.1042718345225,27.15586871713092,342.3398688608002,29186,7,2,2,True,True,match730_003833678395988770820_2132169428_161,own,de_dust2,29193,4ccc3c6dfc,m4a1_silencer,True,False,False,False,False,False,47.0,0.0,1.0,rifle,0.5141521701858169,False,28994
15.896197636913948,3.401589866150958,3.288411458333333,378.25,0.5531441879663622,0.557208426492657,0.5255650853100324,46,14.213034241248144,14.31723424534413,29,1472.1211515241346,134.7748372485553,561.1876607594037,59361,0,1,1,True,True,match730_003846087479924883540_0606572273_161,own,de_mirage,59361,bea1536d33,deagle,True,False,False,False,False,False,37.0,0.0,0.0,pistol,0.5133848953491461,False,59169
1757.5128509217154,346.22986888760425,83.75297043148258,38948.67265046721,2.5157177655811718,10.550517062293997,1.9847066973869296,3,16.282375639249178,70.16145399927268,3,370.3736416413306,23.46042189850304,346.0733220067148,229379,19,4,2,False,True,furia-vs-betboom-m2-cache,pro,de_cache,229398,a7745f74db,m4a1_silencer,False,False,False,False,False,False,0.0,0.0,0.0,rifle,0.5133644170388522,False,229187
518.0326766980344,55.07813543713874,3.9404296875,11354.421855520144,0.3371463629933409,0.4084397755010417,0.2569428585060073,38,9.114344417107809,11.03846504451942,17,1548.5569392587818,172.132805458515,991.4324811340022,52664,53,8,4,False,True,match730_003846087479924883540_0606572273_161,own,de_mirage,52717,cd1c592f75,m4a1,True,False,False,False,False,False,47.0,0.0,0.0,rifle,0.5133345968174794,False,52472
1084.243833546324,147.0642161675247,95.44690634683984,34067.980346964745,16.442240500350657,18.23387347323596,2.515938453252583,0,57.43083283495464,65.69486565591455,0,194.2798294415608,76.53798118435986,75.63085764242253,25936,7,2,1,False,True,match730_003846095210866016783_0292086677_161,own,de_ancient,25943,26eeb217ae,ak47,True,False,False,False,False,False,41.0,0.0,0.0,rifle,0.5132960171884143,False,25744
2166.121905353745,232.1964102432273,18.772000629765675,61258.527967244765,0.8288455187857766,2.1628301105645757,0.6224532128590377,6,11.519521909483435,29.88328002483077,4,796.2525030713679,28.98296130491584,42.83337236210453,32568,0,1,1,True,True,astralis-vs-fnatic-m2-ancient,pro,de_ancient,32568,38f757d48e,m4a1,True,False,False,False,False,False,0.0,0.0754181444644928,0.6141126155853271,rifle,0.5132098680558674,False,32376
833.5438792069588,222.57511823926947,259.3772040652654,26998.30659035181,5.001700830813285,16.206481392709716,0.9152165115947898,0,13.738843003095624,53.26499665175111,2,156.96690884253337,200.4840363719871,228.13347521142188,25855,6,2,1,False,True,match730_003846095210866016783_0292086677_161,own,de_ancient,25861,26eeb217ae,ak47,False,False,False,False,False,False,41.0,0.0,0.0,rifle,0.5130090473005521,False,25663
945.5833350911914,127.19859822715614,209.85766094191695,26019.397949859947,0.8330892476272429,10.546917174665126,0.1582896272916372,2,7.718625385145558,99.70506361642305,2,530.7113812354146,110.65339716593397,541.9870259370836,147307,45,8,4,False,True,luminosity-vs-nemiga-m2-dust2,pro,de_dust2,147352,798c33b296,m4a1_silencer,False,False,False,False,False,False,0.0,0.0,0.0517845153808593,rifle,0.5127485920641975,False,147115
26.67578125,5.021601474274123,10.158528645833334,1057.5,0.4662431554350522,0.9765606591834904,0.3694592391931555,65,5.4039823610474125,11.43848601733081,65,659.0265970107624,116.42687771936188,503.5882203353596,35788,0,1,1,True,True,match730_003846095210866016783_0292086677_161,own,de_ancient,35788,c8d7238405,awp,False,False,False,False,False,False,25.0,0.0,0.0,sniper,0.5127260564073937,False,35596
46.011380404960896,10.330423955909712,0.0,910.977127225484,0.4101028778352524,0.5522489814042294,0.3283159293802848,14,12.653779030170613,17.0380846310065,7,1764.7070280003827,236.15724871408668,1022.2102566650002,8550,0,1,1,True,True,match730_003845848209444307084_2046226831_274,own,de_dust2,8550,bfb8267f0c,usp_silencer,True,False,False,False,False,False,29.0,0.0,0.0,pistol,0.5127251052082238,False,8358
988.3105591554882,86.31007464047251,0.0,30844.443953673806,0.8768108515138916,1.1692080113041134,0.7982364797817507,21,13.140875483232266,17.74202795979985,6,855.1948036803975,36.3322493405302,294.1598681228946,97157,6,2,2,True,True,match730_003833678395988770820_2132169428_161,own,de_dust2,97163,4ccc3c6dfc,galilar,True,False,False,False,False,False,46.0,0.0,1.0,rifle,0.5124368067836894,False,96965
46.987119532996026,6.005835956676419,6.963073962022127,1317.787187115076,0.2789856027990007,0.641865114125244,0.2777750582525188,64,5.952933910101249,13.696656094932488,35,1219.2231635014296,52.31900439058751,181.454704086722,60896,29,3,2,True,True,match730_003845735833772490759_0956054515_272,own,de_inferno,60925,6f17506be7,ak47,True,False,False,False,False,False,40.0,0.0,0.0,rifle,0.5121684855793986,False,60704
457.8766714789864,80.48993607749135,7.748116060119902,11612.849089903732,0.390060412311282,0.3820811450847552,0.0400854204873657,18,2.795144056714763,2.820923938072789,16,407.0471852556168,205.0827709654647,526.5220525470811,138553,0,1,1,True,True,match730_003846095210866016783_0292086677_161,own,de_ancient,138553,abfcba6be4,awp,True,False,False,False,False,False,18.0,0.0,0.160096138715744,sniper,0.5119002567122704,False,138361
30.66810115969776,6.277004126789192,7.056771798843129,1056.2357480162882,2.335615562470403,2.240318618698756,0.2101107561511833,65,46.02404385335588,44.28800352937989,0,1128.3334216433752,222.446193923593,254.8610521523296,3133,118,10,1,False,True,match730_003845721267390906757_0873910189_273,own,de_anubis,3251,2929a724e6,usp_silencer,True,False,False,False,False,False,57.0,0.0,0.0,pistol,0.5118653786187743,False,2941
1664.0943076046883,173.4422405034378,101.31410165901582,48133.27562245025,0.8883044538057078,7.894397328467178,0.5622309982308619,3,6.087188120760055,55.19938550331364,3,391.95651600093936,73.99556470143017,432.1177603042891,71493,41,8,5,False,True,astralis-vs-fnatic-m2-ancient,pro,de_ancient,71534,38f757d48e,m4a1,False,False,False,False,False,False,0.0,0.0,0.4164197444915771,rifle,0.5112594334110311,False,71301
609.0351010254204,83.88476835075535,8.47075890384778,16220.057770684823,0.4070731397491772,0.7298296950384329,0.4070731397491772,19,9.941988561512035,17.825503147870783,7,1399.2502505153243,17.366014283831102,425.512598753416,16929,0,1,1,True,True,match730_003829380948349157814_1390656678_161,own,de_dust2,16929,857d0f207c,awp,False,False,False,False,False,False,37.0,0.0,0.0,sniper,0.5111238465061188,False,16737
4.875355634188592,0.2454952409574745,4.214333016053516,112.79646486827096,0.603008897215043,0.7090704972959531,0.603008897215043,65,18.11998240926473,21.307410621654707,2,1721.6265870931536,48.75029844217991,103.69099612612084,59792,0,1,1,True,True,match730_003846087479924883540_0606572273_161,own,de_mirage,59792,9c0b0079af,ssg08,True,False,False,False,False,False,7.0,1.0,0.7464888095855713,sniper,0.5110228416172826,False,59600
2.170674163586716,0.2786291020568417,1.5298513886889424,100.92314646954983,0.3977058658219146,0.2465179160542739,0.1409622695046004,65,12.881705800356556,7.984802744173545,21,1855.7381944991037,97.42501697316928,118.25802480244234,33357,0,1,1,True,True,match730_003846055312767320440_2034169741_274,own,de_nuke,33357,30df2fc581,awp,False,False,False,False,False,False,24.0,0.0,0.0,sniper,0.5108254248917717,False,33165
7.97607421875,2.486233029967896,0.6592960963549189,250.3125,0.1446223806089711,0.1977147620784593,0.1443447502375512,65,7.4577496572798365,10.195507334066274,13,2953.5380726638896,34.132582406755795,515.218234460587,57983,0,1,1,True,True,match730_003833678395988770820_2132169428_161,own,de_dust2,57983,5a6218ec0c,awp,False,False,False,False,False,False,45.0,0.0,0.0,sniper,0.5108140225523532,False,57791
13.324917191468202,0.6654618215574203,7.589127077575081,481.9770016135144,3.985042095248356,3.3032365028489616,2.139431433060297,0,22.58404102553893,18.944998796435407,0,284.19524159577253,64.10555751480896,63.4151783980461,72243,0,1,1,True,True,match730_003845848209444307084_2046226831_274,own,de_dust2,72243,1d8a841068,mp7,True,False,False,False,False,False,23.0,0.0,0.0,smg,0.5105368506787191,False,72051
25.490594382137324,11.42473279843605,0.9375,745.160540519553,0.4312388338978586,0.5798848812726446,0.2790426643656308,65,10.036572652668315,13.496686953213608,20,1331.8907535715273,94.69575110049044,114.05705263466156,35052,19,4,3,True,True,furia-vs-betboom-m2-cache,pro,de_cache,35071,c1aa9f613a,ak47,False,False,False,False,False,False,0.0,0.0,0.0,rifle,0.5105101705292295,False,34860
941.4926027448256,228.2170648635665,125.98579788401088,24569.433030504148,0.4709299210127918,5.8957913464528575,0.4709299210127918,3,6.518061074280218,83.53739808516329,2,751.0711431164301,185.64351352954333,389.52040528009206,165633,0,1,1,True,True,luminosity-vs-nemiga-m2-dust2,pro,de_dust2,165633,798c33b296,ak47,True,False,False,False,False,False,0.0,0.0,0.0,rifle,0.5104973547153138,False,165441
14.362060162986513,2.9262411606961214,0.9375,451.375,0.46004037760625,0.451426610094788,0.3847772924565177,24,6.072131120846847,5.945560926549692,18,752.6639379090617,72.55903976575999,195.40405118863083,202286,5,2,2,True,True,luminosity-vs-nemiga-m2-dust2,pro,de_dust2,202291,95f0d4db09,m4a1,True,False,False,False,False,False,0.0,0.0,0.0,rifle,0.5104010174796272,False,202094
252.146506101981,25.992188740948208,0.46875,5226.398472180628,0.3348010914860276,0.3818658567812968,0.2477117062042314,22,8.80977771515222,10.024650543664931,20,1507.521373771803,84.32959645728953,123.16448984645152,43723,13,3,3,True,True,aurora-vs-9z-m2-mirage-p2,pro,de_mirage,43736,c1c75a4da6,ak47,True,False,False,False,False,False,0.0,0.0,0.0,rifle,0.5103679167651334,False,43531
593.9542876910518,36.91341218943861,313.4168233689801,18519.26429168841,2.045640755565695,19.26939284990869,2.045640755565695,2,14.93865968778021,152.7119740100117,2,415.7853089499389,61.38733872387531,277.96307910821747,72264,18,4,1,False,True,match730_003846224175849013887_1403891103_383,own,de_anubis,72282,29b1cdb2be,m4a1,False,False,False,False,False,False,61.0,0.0,0.0,rifle,0.5103472332264368,False,72072
321.3352388232138,37.67856355868825,14.436718385019397,6954.618226614791,0.7087690143799547,0.3444092339882019,0.0568299749476221,45,14.95529259384102,7.266405528126124,27,1207.140862416721,11.061143624323195,11.568682054730242,42441,0,1,1,True,True,luminosity-vs-nemiga-m2-dust2,pro,de_dust2,42441,456b773fab,ak47,False,False,False,False,False,False,0.0,0.0,0.0,rifle,0.5102268957579423,False,42249
72.30316766576962,23.88302689077172,5.739921308071122,1900.163623290104,2.7125069805084427,3.0039850638664154,2.697228686008804,6,11.37739490597099,12.603042506604387,45,231.63053430142784,2.5338522139925312,186.50724151788089,166134,6,2,2,True,True,luminosity-vs-nemiga-m1-cache,pro,de_cache,166140,f730a5e684,m4a1_silencer,False,False,False,False,False,False,0.0,0.0,0.942647397518158,rifle,0.5101450158083071,False,165942
2.8496764752316657,0.6997782091097868,2.1448759654498457,163.125,1.6345816686808214,1.5593117085925392,1.237789794682892,12,16.022977354777538,15.230009643304268,9,559.6769497608465,196.32292275189545,875.4782375213086,137802,0,1,1,True,True,match730_003846095210866016783_0292086677_161,own,de_ancient,137802,c8d7238405,awp,False,False,False,False,False,False,25.0,0.0,0.0,sniper,0.510142593109186,False,137610
11.031582143824489,1.7953144025503955,2.673177083333333,382.3960694178877,0.5196441485896435,0.4349760749958114,0.3122645619974591,65,9.08548733593482,7.596243612463208,24,1000.586991794156,73.57583367405886,343.5903635353245,98017,0,1,1,True,True,furia-vs-betboom-m1-mirage,pro,de_mirage,98017,52f704f8ce,p250,True,False,False,False,False,False,0.0,0.0,0.0,pistol,0.5099625533243387,False,97825
714.8783668042573,74.84448826448362,92.5672501622332,19925.074881321256,2.991203040500789,8.2813942850938,2.991203040500789,1,49.32650755765938,136.00753922587208,0,932.177376337149,88.22314040498318,425.3074535704811,166189,39,7,2,False,True,luminosity-vs-nemiga-m1-cache,pro,de_cache,166228,f730a5e684,m4a1_silencer,True,False,False,False,False,False,0.0,0.0,0.0,rifle,0.5096865724208133,False,165997
29.190912688421868,2.674031551956602,15.265372856964524,1323.216872474638,1.0933181351541337,1.136916611101854,0.075455468581276,54,13.745700737877314,14.423572470615476,35,711.3834970071819,121.59160584659912,468.3797673056613,78310,13,3,3,True,True,aurora-vs-9z-m2-mirage-p1,pro,de_mirage,78323,b793b85286,ak47,False,False,False,False,False,False,0.0,0.0,0.0,rifle,0.5094374808829479,False,78118
1022.05713674738,203.6628149162502,111.64875844652325,23219.15227389134,4.538388433884833,7.817619928505882,1.880420803290325,0,43.54905809665123,76.1547613759419,0,548.4940164863443,53.82249802698196,389.5978807901229,81361,43,10,2,False,True,match730_003846055312767320440_2034169741_274,own,de_nuke,81404,f9d25d950a,mac10,True,False,False,False,False,False,20.0,0.0,0.0,smg,0.5094230449689106,False,81169
12.886995264597877,2.8583758508784216,9.190131767533934,210.80962972919207,0.6322275344089934,1.1805718406507382,0.6322275344089934,65,13.323482604522564,24.88339979326538,4,1202.1695898108658,25.248753197075864,557.6833162247598,110299,0,1,1,True,True,match730_003846095210866016783_0292086677_161,own,de_ancient,110299,9c0b0079af,deagle,True,False,False,False,False,False,8.0,0.0,0.0,pistol,0.5093832358432842,False,110107
568.5133583559408,110.64562531639228,351.7378894299054,13977.10011514339,4.682055491410197,20.812657580657287,1.7350982749358237,0,29.330021112598043,145.9115532975027,0,358.0132395906843,21.04997419236441,269.738950844413,129309,26,5,2,False,True,furia-vs-betboom-m2-cache,pro,de_cache,129335,867e1a2fd2,ak47,False,False,False,False,False,False,0.0,0.0,1.0,rifle,0.5093193812117888,False,129117
53.79877888027561,14.78180677095722,4.295534070724834,1012.1198942634304,0.7058647594092065,1.3939191731300882,0.7058647594092065,48,6.7935027635195,13.471079239853193,41,545.2443023457334,40.94844791463504,72.03569226675505,124057,12,3,2,False,True,match730_003846114907586035842_2006638891_196,own,de_mirage,124069,a0aa94d8fe,m4a1_silencer,False,False,False,False,False,False,36.0,0.0,0.0,rifle,0.5088616271847453,False,123865
21.324005243281068,10.587521342890565,1.680393529950713,566.75,0.558738106989841,0.539569734052444,0.1495095039387001,65,14.289923343293076,13.794560683155012,30,1465.268261937054,78.10402825772422,98.2558306249009,105402,0,1,1,True,True,aurora-vs-9z-m2-mirage-p1,pro,de_mirage,105402,fe43c71f39,glock,True,False,False,False,False,False,0.0,0.0,0.0,pistol,0.5082086565859877,False,105210
11.137766338892884,0.2517126702204812,3.712588779630961,712.8170456891446,4.533928116692075,3.1537976761864206,1.4276850001127448,0,32.91477314890955,22.843010041825604,0,414.8330721033435,234.97025979741483,1038.715115091785,110994,0,1,1,True,True,match730_003829380948349157814_1390656678_161,own,de_dust2,110994,f41ec87e6d,ak47,True,False,False,False,False,False,72.0,0.0,0.0,rifle,0.5080934176144322,False,110802
12.964984393068123,1.4293149490461898,1.7945752147247769,468.3840011563599,1.9391179791962232,1.2444290140053742,0.5238472733184297,47,30.974089578119287,19.934313269252847,0,911.0472290286676,134.2702326090305,608.5756525914719,47605,71,9,3,True,True,match730_003846095210866016783_0292086677_161,own,de_ancient,47676,26eeb217ae,ak47,True,False,False,False,False,False,40.0,0.0,0.0,rifle,0.5078788354379944,False,47413
134.67365075089293,13.627329466747916,123.94504874824445,2555.740698359737,7.896700573805646,14.017793516517012,7.896700573805646,0,75.82073554455012,138.4465040385454,0,546.6366926054928,216.31237455013968,857.976287314612,19203,19,4,4,True,True,match730_003833682433258029322_1216037504_161,own,de_dust2,19222,296e119cfc,ak47,False,False,False,False,False,False,98.0,0.0,0.0,rifle,0.5077798848120199,False,19011
1199.00656805912,191.2890947448546,50.83767076170551,44545.09921123837,9.765297379297856,13.140638964272409,9.765297379297856,0,47.40101224009492,61.36746636859406,0,275.11944630307767,116.74799073857984,176.17968543036474,78445,38,7,3,False,True,match730_003845721267390906757_0873910189_273,own,de_anubis,78483,a4c1cf00e8,m4a1_silencer,False,False,False,False,False,False,57.0,0.0,0.0,rifle,0.5077073923491843,False,78253
2.548828125,0.478051055276763,0.4248046875,163.125,0.7934748818268972,0.4091569810982428,0.1059342488068934,56,16.727036790620357,8.634206956939884,21,1200.7467820783536,95.30464871893744,267.108401817073,126557,0,1,1,True,True,match730_003846095210866016783_0292086677_161,own,de_ancient,126557,c8d7238405,awp,False,False,False,False,False,False,25.0,0.0,0.0,sniper,0.5073291414499368,False,126365
22.527764123467467,5.075606452548206,1.171875,636.3961030678928,0.5028832903844532,0.517153125222702,0.4239492896616038,44,8.463741653216706,8.710898142913583,30,953.8938759254232,69.42803964705496,330.0513252157099,33477,23,3,3,True,True,match730_003845721267390906757_0873910189_273,own,de_anubis,33500,6b4b6c808f,ak47,True,False,False,False,False,False,31.0,0.0,0.0,rifle,0.5070980183789342,False,33285
13.27935598892989,2.4024149639015446,2.4609375,615.0229510993952,0.4932725116151742,0.8246580327662398,0.4932725116151742,65,11.143349709151504,18.407353682888136,6,1294.2708343668278,135.0361037693365,187.3394728482141,97404,16,3,3,True,True,match730_003829380948349157814_1390656678_161,own,de_dust2,97420,40a412aa4d,ak47,True,False,False,False,False,False,88.0,0.0,0.0,rifle,0.5070500884721796,False,97212
808.5714187855554,206.43569088599355,310.3366292048088,21498.88794035133,2.595257793044536,12.32662314900294,2.595257793044536,1,7.317084152150722,37.31228923378259,2,160.93883126310078,168.98137150535177,187.1566340377165,36331,26,5,3,True,True,aurora-vs-9z-m1-dust2,pro,de_dust2,36357,7a9df6b20d,m4a1_silencer,True,False,False,False,False,False,0.0,0.0,0.0,rifle,0.5069844672391345,False,36139
131.087890625,24.44310513873955,0.0,3937.375,0.2092146811239021,0.4090988776670037,0.0402411335979089,23,1.7159624099740938,3.502475082401117,22,464.50996345116914,212.5531237107853,490.4352248605098,207091,0,1,1,True,True,furia-vs-betboom-m2-cache,pro,de_cache,207091,52f704f8ce,awp,False,False,False,False,False,False,0.0,0.0,0.2622093260288238,sniper,0.5069692985834972,False,206899
978.8375596987364,96.15139117956912,39.30395775053395,22185.698623405344,0.8195442893381283,1.9527598043438397,0.8195442893381283,25,19.387077835861,46.38706625553615,1,1355.28337808909,232.33335693297045,839.7583561275021,79154,32,6,4,True,True,match730_003831793800846508273_1359762374_161,own,de_mirage,79186,60b48394d1,ak47,False,False,False,False,False,False,18.0,0.0,0.0,rifle,0.5067191903823755,False,78962
105.96285980872727,14.629099846217423,7.935294330101004,2674.6592511241265,0.5519345404881182,0.7240164595427846,0.2749242726283467,44,12.691165589942845,16.647591075577235,41,1317.4044664846608,114.31185759077482,197.508950063771,18935,6,2,1,False,True,match730_003846087479924883540_0606572273_161,own,de_mirage,18941,bea1536d33,m4a1_silencer,False,False,False,False,False,False,37.0,0.0,0.0,rifle,0.5067181813983163,False,18743
56.75267480436721,27.218462734993555,20.951270734068316,1131.2227384843509,0.3969926519897737,0.7953939207900703,0.0078103565615151,29,13.797085398392388,27.64208159916824,3,1988.859405516817,0.0,80.21770139870027,80880,135,10,5,True,True,match730_003833678395988770820_2132169428_161,own,de_dust2,81015,5a6218ec0c,glock,True,False,False,False,False,False,45.0,0.0,0.0,pistol,0.5063191313486906,False,80688
27.71968672243702,5.889683386142893,6.909195342739454,1055.329991276243,1.123638948571254,1.5772231335588454,0.9768989881860196,65,15.912740152539016,22.60309751226,4,807.8184029343809,140.94228248996455,704.1246833314283,71873,16,4,4,True,True,match730_003845721267390906757_0873910189_273,own,de_anubis,71889,dd54131796,mp7,False,False,False,False,False,False,24.0,0.0,0.0,smg,0.5060537201993919,False,71681
183.08746736773227,27.607716549221674,174.76004361069252,6557.23195794024,2.760707502648439,10.434574468505538,2.760707502648439,1,40.81656266944928,156.5613431020908,0,846.2629764740441,107.10075725115192,437.7943390547621,14233,13,3,2,False,True,furia-vs-betboom-m1-mirage,pro,de_mirage,14246,0f3b1e9da0,m4a1_silencer,True,False,False,False,False,False,0.0,0.0,0.3264451622962951,rifle,0.5053739366359883,False,14041
134.4916719886014,54.873345546032525,0.46875,8204.194053196206,11.323389793790463,9.242513259540155,1.9883567640120356,0,82.88105635742266,67.76204645134553,0,413.7916983221462,121.90060584408184,590.3353921251096,75734,36,4,1,False,True,match730_003845735833772490759_0956054515_272,own,de_inferno,75770,68a903afd4,usp_silencer,True,False,False,False,False,False,32.0,0.0,0.0,pistol,0.5053324323486703,False,75542
57.59398871717486,6.455569357798868,0.7760416666666666,2345.3095256619545,1.9044240269984416,1.6471097097797678,0.1261939642099966,58,28.959117491513688,25.03369020378213,0,870.8622793037703,103.5211642138365,133.61808010488528,41182,0,1,1,True,True,match730_003846224175849013887_1403891103_383,own,de_anubis,41182,04d29c9bb8,awp,False,False,False,False,False,False,139.0,0.0,0.0,sniper,0.5050273915251561,False,40990
459.2509765625,44.50627249820624,3.765811259473793,11912.419539114486,0.5783444585852632,0.8655805329428514,0.5633749184939557,32,8.196138230060836,12.280346897113615,30,811.8515156743351,23.81102713091483,81.81249105976383,130940,6,2,2,True,True,luminosity-vs-nemiga-m1-cache,pro,de_cache,130946,d61b8b9081,m4a1_silencer,False,False,False,False,False,False,0.0,0.0,0.0,rifle,0.5048599443204959,False,130748
421.7739594578351,124.09378527970657,114.62069528211784,15377.868721058416,17.525198530571135,13.381965596951233,0.4739382787278668,0,90.46102517494776,70.72729446108511,0,280.1718582747254,204.13665120303543,713.841296985754,92524,87,9,2,False,True,match730_003846095210866016783_0292086677_161,own,de_ancient,92611,26eeb217ae,usp_silencer,True,False,False,False,False,False,40.0,0.0,0.0,pistol,0.5045071456815597,False,92332
14.55423485650485,0.4560603727844918,0.0,758.5335308163104,1.7937084533350265,1.185827921147117,0.5834994217543015,20,23.67542840997642,15.645006068836436,0,746.4979294319052,220.6293890185169,304.252784465318,10038,0,1,1,True,True,match730_003846087479924883540_0606572273_161,own,de_mirage,10038,7a2108eafc,ak47,True,False,False,False,False,False,19.0,0.0,0.0,rifle,0.5044713786515886,False,9846
153.85344585369515,19.096290647883883,0.76171875,5725.327503317314,0.4690843908933225,0.546757437347148,0.4368378105547634,27,16.608541066138436,19.237684449760337,6,2023.385747274596,92.34334420131312,84.26221465609048,41345,24,3,2,False,True,match730_003845848209444307084_2046226831_274,own,de_dust2,41369,3e06735caf,ak47,True,False,False,False,False,False,38.0,0.0,0.0,rifle,0.5044038814837148,False,41153
130.5535753558975,9.066593707119242,2.152353381551413,3774.026515126581,1.119764403348299,3.617017508103831,1.002738466002765,6,19.4043166208452,62.71689659439554,4,992.6058584970748,144.67670320723704,166.36891095522023,33868,0,1,1,True,True,match730_003846224175849013887_1403891103_383,own,de_anubis,33868,29b1cdb2be,awp,False,False,False,False,False,False,61.0,0.0,0.0,sniper,0.5044006745238421,False,33676
31.108842953434127,3.1243918237076604,7.5256909938056,1270.965949019784,0.5138771574061729,0.7299243514387724,0.5138771574061729,65,15.69186246895724,22.28750476267196,3,1749.4494546773417,180.6158178131941,871.9143182602338,7775,0,1,1,True,True,match730_003846114907586035842_2006638891_196,own,de_mirage,7775,a0aa94d8fe,deagle,True,False,False,False,False,False,37.0,0.0,0.0,pistol,0.5034969926163262,False,7583
25.639328016619288,4.300073767315499,2.332405443784033,1017.2828786704248,0.6762243079281021,0.9958684259135084,0.64738503160329,58,20.584887608659496,30.31823452941697,0,1744.0002363837696,148.0796063575949,534.2716571289903,87734,19,4,2,False,True,aurora-vs-9z-m2-mirage-p1,pro,de_mirage,87753,fe43c71f39,m4a1_silencer,True,False,False,False,False,False,0.0,0.0,0.0,rifle,0.5034714701080342,False,87542
145.03447151839242,14.324147338008322,9.016394720145056,4751.618725615232,0.7520567914702726,0.4076635985711164,0.1155512528828245,48,10.496641120099383,5.689886570538906,38,799.4909349843391,11.781918680030476,543.1295376422186,62509,0,1,1,True,True,match730_003831793800846508273_1359762374_161,own,de_mirage,62509,f86f118666,deagle,True,False,False,False,False,False,8.0,0.0,0.0,pistol,0.5032195665330553,False,62317
3.94697931413084,0.1243679582838207,2.4188081100548438,105.22523540541738,0.5297690346345947,0.3970321925585708,0.2873810551812054,38,8.394927771363307,6.307430028564706,22,906.3041270616347,102.65047729764652,538.5376472207181,78666,0,1,1,True,True,luminosity-vs-nemiga-m2-dust2,pro,de_dust2,78666,456b773fab,awp,False,False,False,False,False,False,0.0,0.0,0.3429268598556518,sniper,0.5031013003943704,False,78474
13.938614086562328,1.224011551980602,0.0,608.7999378602416,1.2952401484285154,1.2946910223085408,0.6977915661693498,15,13.988006720237616,13.982345110032018,11,618.5879743841346,62.57241345989807,253.7962592391497,21760,0,1,1,True,True,match730_003833678395988770820_2132169428_161,own,de_dust2,21760,343338d9f7,galilar,True,False,False,False,False,False,47.0,0.0,0.0,rifle,0.5028235955096095,False,21568
25.18502797379492,4.675203297038644,16.48170105630623,1192.6448124879212,0.8888788456533708,0.496985042267006,0.1086926806147341,64,14.914653365763128,8.343393623395968,38,961.2159927680538,103.28198413570786,790.0050982476104,95329,49,6,1,False,True,luminosity-vs-nemiga-m2-dust2,pro,de_dust2,95378,95f0d4db09,fiveseven,False,False,False,False,False,False,0.0,0.2515344023704529,0.0,pistol,0.5027389711411901,False,95137
35.43114317539575,6.510960845822447,5.192752862987763,1226.446097770082,0.1936536391740355,0.331073600344418,0.1936536391740355,43,3.003825141528469,5.129609796865223,34,888.724673575415,58.43134474807046,731.9008809409316,41636,0,1,1,True,True,match730_003833682433258029322_1216037504_161,own,de_dust2,41636,aa97ccafe5,ak47,False,False,False,False,False,False,9.0,0.0,0.0,rifle,0.5026831140137074,False,41444
27.871888675594384,7.957275323522579,3.865595851403172,858.7945767178552,0.3843500256043775,0.6116275802797417,0.285432864668229,65,7.330420523751942,11.702056500462769,32,1089.5725857771174,31.11111171978361,146.42199575389753,15508,0,1,1,True,True,match730_003833682433258029322_1216037504_161,own,de_dust2,15508,296e119cfc,m4a1_silencer,True,False,False,False,False,False,98.0,0.0,1.0,rifle,0.5025305097143837,False,15316
18.00122373447763,4.518106541272958,0.0,1030.8125,0.8992487435156252,1.3400151060982144,0.8992487435156252,26,22.07335356532036,33.2618233426367,0,1406.258058880306,227.0571489375868,583.9749294279172,67937,23,4,2,False,True,match730_003846114907586035842_2006638891_196,own,de_mirage,67960,b372556378,ak47,True,False,False,False,False,False,10.0,1.0,0.0,rifle,0.5024572343159759,False,67745
22.66679452645012,7.337334803021384,16.76748195981349,840.1782088256205,0.957581929058161,1.2864268592740844,0.9451473782689096,65,9.024064616928795,12.345810456183465,25,539.6976452955463,76.34748229614529,222.3158418248064,230732,0,1,1,True,True,furia-vs-betboom-m2-cache,pro,de_cache,230732,6c3df85cda,ak47,True,False,False,False,False,False,0.0,0.0,0.0,rifle,0.5024308273186152,False,230540
26.63415608104058,2.260366894497391,3.1693112902896634,689.0341122280861,0.1970010266315514,0.1010785823089144,0.0717832827487711,65,10.380020976515572,5.325852093251654,20,3017.886637856217,117.42407921538576,180.66796228045445,116521,0,1,1,True,True,match730_003833678395988770820_2132169428_161,own,de_dust2,116521,343338d9f7,awp,True,False,False,False,False,False,38.0,0.0,0.8833330273628235,sniper,0.5023764897108101,False,116329
984.8597361290464,180.02935834054676,25.99833145656449,19582.906899094374,0.7964240433176984,6.282988575727812,0.4976184494626476,5,3.2122454876727278,26.672883774819148,6,231.04802776378853,0.0,297.64599504667467,86859,19,5,4,True,True,match730_003846095210866016783_0292086677_161,own,de_ancient,86878,bea1536d33,mac10,False,False,False,False,False,False,37.0,0.0,0.0,smg,0.5023375609514475,False,86667
59.69328148288248,1.0447465261542552,22.28792589129078,3361.4582586811284,3.749078598192455,3.4879202413493147,2.4491418665214426,0,14.380387357603697,13.6642604853394,25,218.9667185540734,111.79889824183536,452.6033271414854,66979,16,3,1,False,True,match730_003845735833772490759_0956054515_272,own,de_inferno,66995,68a903afd4,tec9,True,False,False,False,False,False,32.0,0.0,0.0,pistol,0.5023074094998063,False,66787
97.96653162925406,26.052813978667043,70.41509037140708,4678.445781708678,4.040577999608812,3.276990957305068,2.972881384142926,0,43.24790898660417,35.0653751226226,0,608.4932708924694,48.281039848647495,124.14806091561871,27983,0,1,1,True,True,match730_003846224175849013887_1403891103_383,own,de_anubis,27983,8a33bc3a37,awp,False,False,False,False,False,False,164.0,0.0,0.0,sniper,0.5022042021300431,False,27791
14.915533665653737,3.624255872399383,5.243248865808766,475.9049195139144,1.1726268322018214,1.1439142567493197,0.9893996839301584,65,13.625874327185471,13.293514149610957,43,665.5959841947905,3.869250667432098,591.9218707509124,35790,0,1,1,True,True,match730_003846095210866016783_0292086677_161,own,de_ancient,35790,9c0b0079af,deagle,True,False,False,False,False,False,8.0,1.0,0.6635587215423584,pistol,0.5020566173213539,False,35598
27.25700269192076,8.712668445798885,0.5638020833333334,785.9473403549932,0.3334344391781823,0.353395729947751,0.3170177247871181,55,7.438871567112733,7.884252366207898,18,1278.2291532216047,0.0,435.4572094555292,32787,7,2,2,True,True,match730_003845848209444307084_2046226831_274,own,de_dust2,32794,3a84a7ef32,ak47,True,False,False,False,False,False,59.0,0.0,0.0,rifle,0.5020318087221326,False,32595
59.8347896949462,11.917426531359844,15.379583397747922,2982.12344756942,0.6236576845838916,2.020287437750638,0.6236576845838916,7,19.83582580430652,63.81437010600162,1,1819.2261540770887,190.70672853584267,754.3565133932832,63827,33,3,2,False,True,match730_003829380948349157814_1390656678_161,own,de_dust2,63860,ba3ac6a90d,usp_silencer,False,False,False,False,False,False,44.0,0.0,0.0,pistol,0.5017948081432437,False,63635
340.9030131869033,61.02250645556332,73.90473701619894,8081.29280765568,1.8610166594856925,3.0624519333164697,1.8610166594856925,3,7.162954433166895,12.136385109865731,35,220.0789427038327,84.06388332894642,195.59540622370963,15243,0,1,1,True,True,match730_003831793800846508273_1359762374_161,own,de_mirage,15243,60b48394d1,glock,True,False,False,False,False,False,17.0,0.0,0.0,pistol,0.5017604699863852,False,15051
58.07378167801125,10.313064664511725,1.875,1776.785974161841,0.225511097552047,0.2787060244046039,0.2040051499132258,53,6.226681620245149,7.638191624173077,23,1580.8002523672417,64.46672402538879,64.45776413064603,156341,0,1,1,True,True,astralis-vs-fnatic-m1-dust2,pro,de_dust2,156341,95b933ed7c,deagle,False,False,False,False,False,False,0.0,1.0,0.0,pistol,0.5016903243753994,False,156149
25.50641024650669,5.717799563868206,1.7804839612415089,562.2945783311465,0.4170705067043355,0.235712088859989,0.0655501164012596,65,20.26911249643509,11.454890021666516,0,2782.640631343705,53.01428111729725,378.89462131213867,87929,0,1,1,True,True,match730_003845848209444307084_2046226831_274,own,de_dust2,87929,6c9253641d,awp,False,False,False,False,False,False,53.0,0.0,0.0,sniper,0.5016785205512286,False,87737
1688.533758001647,298.8319137817651,78.68248253662325,45004.854017124366,5.025038972080758,5.794574771602707,3.244029338225527,0,22.47358831820204,26.147338150515218,0,255.26707089900856,151.5617041167196,575.6465668174185,69429,38,7,4,False,True,match730_003831793800846508273_1359762374_161,own,de_mirage,69467,60b48394d1,ak47,False,False,False,False,False,False,18.0,0.0,1.0,rifle,0.5016026785596766,False,69237
1608.5735346809197,322.0317428761824,46.705600359510186,40261.97545829082,2.256430177757521,4.651268730296272,2.256430177757521,2,25.70077669398969,52.35650736968215,0,651.9757209684574,60.13306446614392,24.763270751173927,62983,29,6,2,False,True,aurora-vs-9z-m1-dust2,pro,de_dust2,63012,b793b85286,galilar,True,False,False,False,False,False,0.0,0.0,0.0,rifle,0.501448096194374,False,62791
8.015920295258159,2.1705743073444066,4.528404103136196,315.2827352155522,0.2007130245358643,0.2359541143551527,0.0125179156646427,65,8.458500451638898,9.943735889845255,42,2412.925779567631,29.582097832966117,338.0492858286117,90175,0,1,1,True,True,match730_003833682433258029322_1216037504_161,own,de_dust2,90175,c782b3ec74,ssg08,True,False,False,False,False,False,72.0,0.0,0.0,sniper,0.5014103421833169,False,89983
1647.1344745693805,202.80790358116224,20.870098181654544,40586.98175619911,2.1446286159619925,2.2825144487363502,1.5215948090942777,8,13.753649895416364,14.74714461369726,9,367.0470116752798,221.53213845761684,757.4133804061579,181355,6,2,2,True,True,furia-vs-betboom-m2-cache,pro,de_cache,181361,6c3df85cda,m4a1,False,False,False,False,False,False,0.0,0.0,0.0,rifle,0.5013290238424554,False,181163
886.1605962598351,118.98163275386912,23.90821064862529,21473.3662141158,1.9104474185607148,1.8788277917999192,0.2888089295447559,46,22.171805606842373,21.85171514284059,0,664.5151507802317,214.7530178490205,645.1918590275986,184829,45,8,4,False,True,furia-vs-betboom-m2-cache,pro,de_cache,184874,0f3b1e9da0,m4a1_silencer,False,False,False,False,False,False,0.0,0.4975877106189728,0.0,rifle,0.5012362183406207,False,184637
3.4948529135297,0.2598406222614574,2.204628334838455,163.23308646590078,0.3367205092406642,0.4308960082073,0.3356362989995815,28,4.590527773024886,5.873957918154905,18,780.9376545538513,55.93502134287253,374.59447384079687,176892,0,1,1,True,True,luminosity-vs-nemiga-m2-dust2,pro,de_dust2,176892,456b773fab,awp,False,False,False,False,False,False,0.0,0.0,0.0,sniper,0.5006679351351508,False,176700
1227.2763751788432,141.770710884395,39.76094026290352,45265.39048981256,8.63377180079371,16.498255997549485,8.63377180079371,0,37.93744242899453,74.56639744586725,0,228.90883340702496,216.99427232528583,829.1226745904778,12965,38,7,3,False,True,aurora-vs-9z-m2-mirage-p2,pro,de_mirage,13003,7a9df6b20d,ak47,False,False,False,False,False,False,0.0,0.0,0.0,rifle,0.5004157654913602,False,12773
502.2977626879437,63.76148134149908,0.0,29945.13731529764,0.5089025374159505,0.534591153014667,0.5089025374159505,12,7.140880254561609,7.53915964854931,11,803.8444870265503,69.5930889910059,775.1757081767139,25634,0,1,1,True,True,match730_003846114907586035842_2006638891_196,own,de_mirage,25634,476a8ccf25,m4a1,True,False,False,False,False,False,18.0,0.0,1.0,rifle,0.5003109322493637,False,25442
18.128806536613368,4.257359350787415,0.5355253352034935,536.9284812725718,0.1234613149305145,0.1487361174411748,0.1234613149305145,65,5.94255967571658,7.159064230186095,21,2754.5876651250755,11.42239990739242,448.0110980291448,20445,0,1,1,True,True,match730_003829380948349157814_1390656678_161,own,de_dust2,20445,857d0f207c,awp,False,False,False,False,False,False,37.0,0.0,0.0,sniper,0.5001343190452504,False,20253
10.069439739942364,3.369866127386624,6.678020255766039,438.5298831766048,1.136086315291431,1.150527346962335,0.2389533809571671,65,21.487000095071195,21.79555279619022,0,1083.4829955908958,98.45949361251552,719.9052970103988,39896,19,4,3,True,True,match730_003833682433258029322_1216037504_161,own,de_dust2,39915,b85c895d2b,ak47,False,False,False,False,False,False,59.0,0.0,0.0,rifle,0.5000272619277181,False,39704
39.1767578125,6.4648520180651055,7.19102952689829,1637.998251342356,0.2887463097810273,0.2989450475435179,0.0443284381692056,65,4.2904621663716505,4.441994780241821,27,851.2507248021066,0.0,645.7146913559454,58240,0,1,1,True,True,match730_003846224175849013887_1403891103_383,own,de_anubis,58240,0c250789aa,ak47,True,False,False,False,False,False,62.0,0.0,0.0,rifle,0.4999949041099712,False,58048
247.3072499645123,63.555918737408405,90.16002964933472,6509.272852896344,3.6111304396677855,8.279986643590714,0.2675541349389565,0,59.29617795619948,139.7367122844053,0,939.4748729940436,101.68112025744534,269.6450755518654,14843,26,5,3,False,True,astralis-vs-fnatic-m2-ancient,pro,de_ancient,14869,dd32420517,ak47,False,False,False,False,False,False,0.0,0.0,0.0,rifle,0.49978137491788627,False,14651
1476.3577623824908,159.2922994597462,15.04644934813875,31820.937765579896,0.7983427322839876,1.7080821072953902,0.7983427322839876,9,14.012124528912384,29.973622260124547,4,997.5551777666246,85.48135101949529,144.71654529087598,4953,59,6,3,True,True,aurora-vs-9z-m1-dust2,pro,de_dust2,5012,b793b85286,glock,False,False,False,False,False,False,0.0,0.0,0.0,pistol,0.49963301306385915,False,4761
758.7819335275832,63.858262604984574,1.901514932172277,30102.7116796226,0.2822641478865493,0.2976267844623468,0.0191258671848199,13,5.827949318496511,6.144826690300735,9,1182.9520732496874,20.17561933284815,526.8202561993064,107773,0,1,1,True,True,match730_003831793800846508273_1359762374_161,own,de_mirage,107773,60b48394d1,m4a1_silencer,False,False,False,False,False,False,19.0,0.0,0.701888918876648,rifle,0.49945139009827716,False,107581
86.70611251988439,26.66038307002136,0.0,1698.8469643842973,1.497767799812039,1.6604798150251354,0.8772832832028762,27,9.560005955957775,10.650863205258537,27,365.4188015311838,111.17311536440045,396.6239986377528,49808,87,16,5,True,True,match730_003846114907586035842_2006638891_196,own,de_mirage,49895,6f05066c08,m4a1,False,False,False,False,False,False,21.0,0.0,0.0,rifle,0.49943508202516035,False,49616
30.270815871396227,6.751099369639932,0.0,1149.562845785768,0.4124581712964207,0.5184744704217231,0.4124581712964207,62,9.33293982942123,11.756411529812182,10,1291.1716394537914,104.435430351869,397.9700955605439,15163,13,3,3,True,True,match730_003845735833772490759_0956054515_272,own,de_inferno,15176,8b02ca5490,ak47,True,False,False,False,False,False,32.0,0.0,0.0,rifle,0.4994153536518155,False,14971
1090.7619206447962,257.49121194497445,97.70106905364626,31457.42417013721,2.623434429790965,6.292248097881904,1.6573236192788847,4,27.190578675197564,65.66393147100163,0,593.3286039466387,117.35290926829866,265.00950165696463,28606,19,4,2,False,True,match730_003831793800846508273_1359762374_161,own,de_mirage,28625,6df4b3d0cf,m4a1_silencer,False,False,False,False,False,False,75.0,0.0,0.0,rifle,0.4992929901451565,False,28414
11.617552402001364,1.631007325129789,7.781756488962293,563.5233537280874,1.7640519375586956,1.952257820939297,1.7640519375586956,24,10.48449094250661,11.82060594960632,24,340.22987328517337,121.54901937006912,471.0094305048127,3710,0,1,1,True,True,match730_003833678395988770820_2132169428_161,own,de_dust2,3710,7090249fd0,usp_silencer,True,False,False,False,False,False,36.0,0.0,0.0,pistol,0.4992176521272852,False,3518
830.2875866903534,80.10597051601435,12.334624532575551,18318.139964357368,0.139396072624862,0.6866510804206937,0.0095454712829283,41,3.168058824158193,15.665700318241331,7,1297.0545838503178,44.49743316035333,65.32137746467356,34979,5,2,2,True,True,furia-vs-betboom-m1-mirage,pro,de_mirage,34984,372a892754,m4a1,False,False,False,False,False,False,0.0,0.0,0.0,rifle,0.49919836891333075,False,34787
29.711730785948703,5.899482055074619,0.9375,1239.023110886699,1.250353605813494,1.0907927204527177,0.4501117514264006,65,29.747610916971563,25.94789406784117,0,1362.8341354263969,72.44648109548498,223.3465579421776,3960,0,1,1,True,True,match730_003846087479924883540_0606572273_161,own,de_mirage,3960,a6d0004234,p250,False,False,False,False,False,False,42.0,1.0,0.0,pistol,0.49914292858384907,False,3768
1554.7418615616136,166.7747194126165,163.38508572177415,38562.347571014754,3.962799374641961,7.364162487943728,3.962799374641961,0,13.587541168713567,24.03405013484727,1,195.72278563618227,75.37663511388104,113.9996989881077,81531,29,6,3,False,True,furia-vs-betboom-m1-mirage,pro,de_mirage,81560,4acdd8fa23,galilar,True,False,False,False,False,False,0.0,0.0,0.0,rifle,0.49910369245812464,False,81339
34.361259214494446,9.732531363083082,9.3896484375,1656.9674907885503,0.2093481378875348,0.5700921314238109,0.1562901829323601,65,4.038931933872766,10.997629620610052,42,1102.7628154888291,43.97856649193477,294.3500851071521,129252,0,1,1,True,True,aurora-vs-9z-m2-mirage-p1,pro,de_mirage,129252,fea287be28,tec9,False,False,False,False,False,False,0.0,0.0,0.0,pistol,0.4990762946747671,False,129060
379.61104178493537,63.473025392155805,0.0,5139.222438516561,0.8143621857060703,0.8261631256903861,0.8115320687939159,35,16.736494926558994,16.871218231026017,12,1175.9549149646562,116.6895222149085,440.9625010996744,111166,0,1,1,True,True,luminosity-vs-nemiga-m1-cache,pro,de_cache,111166,95f0d4db09,galilar,True,False,False,False,False,False,0.0,0.0,0.0,rifle,0.49900560572845937,False,110974
712.3362580859498,68.78647965412738,38.89593108789449,21367.767683039776,1.4091681274283898,5.095809623304546,1.4091681274283898,4,28.998359052730567,105.47681816261397,0,1178.6953080845906,0.7684299269267073,489.2092863447204,70050,64,11,3,False,True,match730_003831793800846508273_1359762374_161,own,de_mirage,70114,ca729defe3,m4a1_silencer,True,False,False,False,False,False,71.0,0.0743398219347,0.0,rifle,0.49900010471675993,False,69858
624.5358138953405,88.66333806407218,505.23525639589406,15998.252548880144,3.5197301248586967,23.87382875535322,1.8113148623411597,0,9.552436593067428,71.10914318347983,1,154.59647596465916,103.36226337379485,516.7663131308711,47920,13,3,2,False,True,match730_003846224175849013887_1403891103_383,own,de_anubis,47933,bc3a159fd7,ak47,True,False,False,False,False,False,74.0,0.0,0.0,rifle,0.4989547647051155,False,47728
11.26836236084952,2.5973417706167705,0.9091179091396108,322.0491049723595,1.0134092861728126,0.8919116692039207,0.1630054817412816,23,15.966463010972705,14.060181603253003,16,902.0895405507372,190.67828698559757,696.9398548938615,85153,0,1,1,True,True,match730_003833678395988770820_2132169428_161,own,de_dust2,85153,b2feea7c7d,deagle,False,False,False,False,False,False,24.0,0.0,0.0933335795998573,pistol,0.4988621300129137,False,84961
819.1121532028578,88.58164294644455,7.216481102652948,27582.798861162628,1.117232359753893,0.6133126103620634,0.1189560678008748,38,18.44596627146764,10.149250483117504,11,945.8197212113251,116.93641982857962,102.8904191192502,82768,19,4,4,True,True,luminosity-vs-nemiga-m2-dust2,pro,de_dust2,82787,590a913841,m4a1_silencer,False,False,False,False,False,False,0.0,0.0164342876523733,0.0,rifle,0.49868607938557163,False,82576
10.08918139166254,0.9143957807505227,4.798650220377791,645.7076090664025,1.6865565910280975,1.6210386842942732,0.8155680199574008,45,28.38614916456701,27.564005065638742,0,960.4780522568038,125.73143109280346,632.7867423070754,19813,55,8,5,False,True,match730_003846114907586035842_2006638891_196,own,de_mirage,19868,476a8ccf25,m4a1,False,False,False,False,False,False,19.0,0.0,0.0,rifle,0.49868502116099134,False,19621
16.62504442825691,3.094123565814563,11.175537648095206,360.4501142286613,4.806727315924641,3.930025060484945,1.358678241267263,0,48.34062623771133,40.08566507285665,0,574.721167888799,228.22658543524983,386.2174225310906,14391,81,9,3,False,True,match730_003831793800846508273_1359762374_161,own,de_mirage,14472,60b48394d1,glock,True,False,False,False,False,False,17.0,0.0,0.0,pistol,0.49841618596181686,False,14199
896.6773688071784,121.90849238319188,253.40076545930685,19933.944652524933,3.5936208426496923,17.84343146839524,1.8262206129925405,0,10.46130185082582,54.85644169900765,3,166.15335489932633,79.98945495823197,469.4851534482254,42359,12,3,2,True,True,match730_003846114907586035842_2006638891_196,own,de_mirage,42371,1c49a0cc75,m4a1,False,False,False,False,False,False,20.0,0.0,1.0,rifle,0.4982601148586568,False,42167
47.36629279246595,12.558408947787273,24.252452074928627,1171.626748995988,4.341225585123885,2.4146213467202777,1.4005523229921033,0,40.45590752613396,22.054505053502275,0,530.9988785861276,138.40791359420103,136.01402367028078,42399,0,1,1,True,True,match730_003846095210866016783_0292086677_161,own,de_ancient,42399,abfcba6be4,awp,False,False,False,False,False,False,18.0,1.0,0.0,sniper,0.4978145375013678,False,42207
1130.004751982023,140.98915625499686,49.073409023348056,31041.179989470707,3.369834287552582,2.1374193653999374,1.3346566972864773,0,14.772974057885316,9.62515088094101,15,250.5618238815031,71.43922916027822,200.62758783097925,11557,11,2,2,True,True,furia-vs-betboom-m2-cache,pro,de_cache,11568,c1aa9f613a,usp_silencer,True,False,False,False,False,False,0.0,0.0,0.0,pistol,0.4977734878305569,False,11365
417.3866645757331,52.71529600058102,1.875,9709.684341042906,0.3797317434760891,0.4513551082394728,0.1546124391425582,14,11.471706200561544,13.629163781521989,8,1725.145448178405,19.389078602327043,159.85358562488923,34882,13,3,1,False,True,furia-vs-betboom-m1-mirage,pro,de_mirage,34895,c1aa9f613a,ak47,False,False,False,False,False,False,0.0,1.0,1.0,rifle,0.49771186544542423,False,34690
388.958984375,40.51998626226056,25.061930351981847,9800.0625,2.3267183406566154,4.375195959083174,2.0739982743361347,3,49.80662752928669,94.10798755172527,0,1225.4580822901962,137.04066399186797,784.5293910503877,81058,37,3,1,False,True,match730_003833678395988770820_2132169428_161,own,de_dust2,81095,5a6218ec0c,glock,False,False,False,False,False,False,45.0,0.0,0.0,pistol,0.49770165888715173,False,80866
19.357421875,4.5465016332108,1.7652994791666667,694.8045460003707,0.505015584406487,0.4325396910204986,0.3540863326502337,37,10.930063914014177,9.4076389903761,28,1236.222312081448,117.0399066932028,900.2055903526216,27208,60,7,2,False,True,match730_003831793800846508273_1359762374_161,own,de_mirage,27268,34f759c543,m4a1_silencer,True,False,False,False,False,False,79.0,0.0,0.0,rifle,0.4975693692961817,False,27016
898.1793308551496,226.7393480009065,84.11482120857272,56896.60102933572,5.468813318695865,11.17448263571852,5.468813318695865,0,31.09352146767075,65.90269218471155,0,324.51904667940926,23.61952077957805,24.0229932697441,35699,12,3,2,False,True,match730_003845735833772490759_0956054515_272,own,de_inferno,35711,68a903afd4,ak47,False,False,False,False,False,False,32.0,0.0,1.0,rifle,0.4974610840289334,False,35507
57.13773454631768,9.451616337789654,0.0,1852.0153296007584,1.7057967353223054,1.0476004946372404,0.5159486021148779,36,24.50712578140551,15.055431911304808,0,811.0565477313688,75.9222288635273,234.340316816018,102242,61,10,3,False,True,match730_003831793800846508273_1359762374_161,own,de_mirage,102303,8a33bc3a37,mp7,True,False,False,False,False,False,6.0,0.0,0.0,smg,0.4974218403987136,False,102050
32.65731079714904,6.279877074658185,4.730623150456967,641.0039953829673,0.1038917988101147,0.0633184554758922,0.0436346359826269,54,3.178587021960587,1.9423852640064163,47,1750.5748877871645,96.06827276727554,327.1664566480823,132852,0,1,1,True,True,luminosity-vs-nemiga-m2-dust2,pro,de_dust2,132852,456b773fab,awp,False,False,False,False,False,False,0.0,0.0,0.0,sniper,0.49725107672467767,False,132660
216.59728538755107,60.42699144494212,4.947866773171039,9232.570584407053,1.6799450696541436,1.5681893153449604,0.8688661553512672,20,14.439622845321525,13.658425172334915,19,491.9750773926924,58.08548150421612,355.3108094411697,73395,27,7,6,False,True,match730_003833682433258029322_1216037504_161,own,de_dust2,73422,aa97ccafe5,mp9,True,False,False,False,False,False,9.0,0.0,0.0,smg,0.4971528169718606,False,73203
13.561939280648692,2.387550018003612,6.769018822716231,436.2766139615163,5.046431648617028,4.4528745990001735,3.5828878138473765,0,29.18801372653209,26.09014228521365,0,314.9553125904187,96.42907024745192,99.23677981113052,11547,5,2,1,False,True,match730_003845721267390906757_0873910189_273,own,de_anubis,11552,ba2f9f431e,mac10,True,False,False,False,False,False,23.0,0.0,0.0,smg,0.4971366727798908,False,11355
16.173054535092355,5.20169396305742,11.22802734375,466.35732063523926,1.830049080235979,1.7401843314797074,0.1089245407379826,36,40.60811075241008,38.64748543562162,0,1269.669865708226,209.33357484781573,616.2244735862887,15997,32,6,2,False,True,match730_003845735833772490759_0956054515_272,own,de_inferno,16029,db46f148b7,m4a1_silencer,False,False,False,False,False,False,43.0,0.0,0.0,rifle,0.4971060952655971,False,15805
44.32652174934898,12.059846857171516,4.889013530294132,1108.9840787442693,1.7751958022132,1.7433060102590403,0.2954268086553381,65,19.129481062685347,18.845596089045483,39,606.9096680787453,78.35765437432283,113.09579463507391,134635,0,1,1,True,True,astralis-vs-fnatic-m1-dust2,pro,de_dust2,134635,ca06492643,deagle,True,False,False,False,False,False,0.0,1.0,0.0,pistol,0.4965440311953148,False,134443
1185.094631957519,53.79917248993514,15.935131677625051,54446.4132569611,0.2925476259203991,0.6539615422656618,0.1720291224727499,14,4.53281639217679,10.140459928815334,11,887.7263581520416,31.131544777535453,325.5170605680576,54698,7,2,2,True,True,aurora-vs-9z-m2-mirage-p2,pro,de_mirage,54705,c1c75a4da6,ak47,False,False,False,False,False,False,0.0,0.0,0.0,rifle,0.49651486293278035,False,54506
251.31234512191511,22.752341820428672,226.65438843954576,6141.438661736187,12.431884403253491,24.362506314689902,12.431884403253491,0,59.99373647195504,127.13454674459447,0,271.8437803662043,90.28633124909908,363.425092188912,13615,26,5,2,False,True,furia-vs-betboom-m1-mirage,pro,de_mirage,13641,52f704f8ce,m4a1_silencer,True,False,False,False,False,False,0.0,0.0,0.0,rifle,0.49624944237019425,False,13423
1129.900390625,186.39786747096156,19.330384425339712,24111.152343368405,2.6780135447037896,5.441086381871051,2.6780135447037896,4,28.678416043190044,59.90356557569131,0,603.2126459456837,110.78317301131858,124.50923882240012,15191,33,8,5,False,True,match730_003845721267390906757_0873910189_273,own,de_anubis,15224,6b4b6c808f,mac10,False,False,False,False,False,False,30.0,0.0,0.0,smg,0.49622050322302547,False,14999
391.6045798911573,44.28638581706628,83.53608744591067,13023.303090638145,0.18045371493902,6.256864840457447,0.18045371493902,3,3.585371816415607,126.93333754831424,1,1137.5141914440967,228.80274874872228,981.4285856267448,12428,26,5,2,False,True,match730_003846087479924883540_0606572273_161,own,de_mirage,12454,26d15ffc47,m4a1_silencer,True,False,False,False,False,False,68.0,0.0,0.0,rifle,0.49607609489474186,False,12236
41.57454633023676,5.370144209093713,0.0,1520.591612124737,1.1765042931275418,1.3406386949169553,1.1393348734504425,65,21.46752553673804,24.494112270039487,0,1008.4457781536324,40.328625373251896,330.50426464849033,60672,11,3,1,False,True,match730_003846055312767320440_2034169741_274,own,de_nuke,60683,657a17d37a,galilar,True,False,False,False,False,False,39.0,0.0,1.0,rifle,0.4959847027702452,False,60480
1169.8695601048364,195.5597223894776,4.454423226033684,23649.22298151901,2.032676973033348,2.188479045216007,0.5033543827321988,7,29.274873035974323,31.65314319292663,0,824.5292935895327,108.5564248852595,151.94554018525204,92665,11,2,2,True,True,astralis-vs-fnatic-m2-ancient,pro,de_ancient,92676,7097f9c9f2,glock,False,False,False,False,False,False,0.0,0.0,0.0,pistol,0.49558284460215307,False,92473
11.813738278673876,2.0633574885022163,1.6004126073623883,496.375,1.948993136444536,1.9984492982359043,1.9267927875773327,42,25.52011246579329,26.21976524095813,0,749.8316752151695,112.47371484915725,269.9194634737792,70488,12,3,2,True,True,match730_003846114907586035842_2006638891_196,own,de_mirage,70500,476a8ccf25,m4a1,False,False,False,False,False,False,20.0,1.0,0.0,rifle,0.4954838730787814,False,70296
26.236328125,6.898676999978195,0.0,888.6436462821181,1.2622128664176748,1.2765454797233156,0.0286291663641023,59,13.72696289745488,14.01710576373857,12,622.9493667111824,103.72185178754764,820.3767558009688,75617,25,3,3,True,True,match730_003845735833772490759_0956054515_272,own,de_inferno,75642,6f17506be7,ak47,False,False,False,False,False,False,40.0,0.0,0.0,rifle,0.4953999635092399,False,75425
32.472010370772104,9.894445427813825,7.848709650366931,956.4734694271466,1.4917763906475376,1.5762895153407628,1.257753697755582,33,36.79992690437805,39.00201152200356,0,1407.3090776716829,196.4167662781161,754.5633783225364,41908,0,1,1,True,True,match730_003845848209444307084_2046226831_274,own,de_dust2,41908,3a84a7ef32,awp,False,False,False,False,False,False,59.0,1.0,0.0,sniper,0.495145589088061,False,41716
27.708821734567312,10.075890933419329,0.6080729166666666,700.1517009400446,2.1967201304708257,2.109610557147587,0.383646930779207,52,31.38983663254844,30.143591014371477,0,818.2431727080265,0.0,286.78826146662885,3420,0,1,1,True,True,match730_003833678395988770820_2132169428_161,own,de_dust2,3420,343338d9f7,p250,True,False,False,False,False,False,40.0,1.0,0.0,pistol,0.49502361197287365,False,3228
297.39055254058525,35.4660338137814,273.4413688449418,4800.213830525018,5.268003502094004,20.41262836631258,2.955954672192082,0,35.764197501367526,148.3653369557857,0,374.9816845585499,193.78076116095505,403.69728161256,51577,34,7,3,False,True,match730_003846114907586035842_2006638891_196,own,de_mirage,51611,1c49a0cc75,m4a1,True,False,False,False,False,False,20.0,0.0,0.0,rifle,0.49470501531543626,False,51385
1213.0801549363096,149.04767595707293,63.457684883259525,55719.608855244696,1.966923564219748,2.6655314785452404,1.436860599837979,6,10.45395091868042,14.423860983202657,7,304.324251957039,75.30066512939194,659.303260611446,38349,0,1,1,True,True,match730_003846224175849013887_1403891103_383,own,de_anubis,38349,0c250789aa,ak47,True,False,False,False,False,False,65.0,0.0,0.0,rifle,0.4945027504257421,False,38157
404.41180766061154,40.32087594727822,3.3837890625,25882.35569027914,1.6013260788543444,1.3023390712072842,1.0364608937739506,23,9.89378936983766,8.30478744580934,23,352.61325874263207,63.93796131839984,101.04195569826604,8093,40,8,2,False,True,match730_003846224175849013887_1403891103_383,own,de_anubis,8133,bc3a159fd7,galilar,False,False,False,False,False,False,73.0,0.0,1.0,rifle,0.4944756779792679,False,7901
18.23785416884736,1.7929360355053705,10.88680518900649,625.9684628675918,4.03314085751007,4.100792141649485,3.807100244487328,0,16.92689347949017,18.0515612915561,16,239.8076330084276,227.1434981179216,975.9092140858248,72840,0,1,1,True,True,match730_003833682433258029322_1216037504_161,own,de_dust2,72840,e2df927a56,ak47,True,False,False,False,False,False,24.0,0.0,0.0,rifle,0.49425988701537477,False,72648
864.060430482452,93.90808919173756,108.2530806357234,55299.86755087693,3.08074568007054,8.611991842544269,0.8337072370659718,0,29.451691867190277,82.05858120593183,0,547.1942296127442,236.51304673738045,1060.896319265967,89368,0,1,1,True,True,match730_003846114907586035842_2006638891_196,own,de_mirage,89368,ccfd5f1e85,glock,True,False,False,False,False,False,39.0,0.0,0.0,pistol,0.4940463661744009,False,89176
34.5461880094975,8.558871929685385,0.0,2210.95603260784,0.7647104429266339,0.7031783647308323,0.2086891118872863,65,15.1480960322307,13.986145378500586,12,1134.632232874768,0.0,361.4923278206296,56445,0,1,1,True,True,match730_003846114907586035842_2006638891_196,own,de_mirage,56445,ccfd5f1e85,ak47,True,False,False,False,False,False,40.0,0.6173322796821594,1.0,rifle,0.493733230969691,False,56253
19.313351905575928,5.217912208158207,2.2017465972514905,932.4877865845044,0.2054466348481035,0.4569419604886872,0.2054466348481035,65,5.4439583550150905,12.10831533453116,8,1517.6116439851353,6.778663161088717,243.84054714671467,51176,14,2,2,True,True,match730_003845721267390906757_0873910189_273,own,de_anubis,51190,dd54131796,ak47,True,False,False,False,False,False,24.0,0.0,0.0,rifle,0.4935048452663957,False,50984
501.6696018226068,104.92102358646386,339.5244533882473,13569.326256494916,2.3870309354533923,18.2506767179717,2.31971408691212,1,9.894839873764456,86.83898620232384,2,237.0046714934664,152.1744428373114,252.0707517318888,93178,0,1,1,True,True,match730_003833682433258029322_1216037504_161,own,de_dust2,93178,aa97ccafe5,ak47,True,False,False,False,False,False,9.0,0.0,0.0,rifle,0.4928923399589216,False,92986
27.873058272845853,2.1191684733072105,6.414043390065527,1274.8030412362973,1.6360610658482546,1.6227291479945372,1.3917461413411445,61,36.74216756026306,36.44583735061753,0,1284.004836184947,112.35866490385416,97.79027431807202,129656,64,11,3,False,True,aurora-vs-9z-m1-dust2,pro,de_dust2,129720,fea287be28,m4a1_silencer,False,False,False,False,False,False,0.0,1.0,0.993544578552246,rifle,0.4927902616462496,False,129464
1585.6653552768737,121.89061052531966,34.70351338407454,46606.928197686895,1.7292805899133203,1.9664296476343288,1.2357459292192876,25,18.604801789036483,21.386654094864884,1,615.6892757612372,104.52003440374116,464.3226430743489,32515,44,8,3,False,True,astralis-vs-fnatic-m2-ancient,pro,de_ancient,32559,dd32420517,ak47,False,False,False,False,False,False,0.0,0.0,0.0,rifle,0.4925734793574482,False,32323
21.92386675247154,7.514647417752759,1.2843931767646273,935.8581038944952,0.4335719840623766,0.3496251285990084,0.076678873308451,37,5.5184338821432295,4.480392308144966,24,729.1251224900893,124.11273643116664,782.4252761963236,9008,25,5,4,True,True,luminosity-vs-nemiga-m1-cache,pro,de_cache,9033,d61b8b9081,ak47,False,False,False,False,False,False,0.0,0.0,0.0,rifle,0.49256962183431574,False,8816
1363.0299574203934,225.1087915384134,20.09220030343435,26898.974718478465,2.0857594955174426,1.991293962200348,1.2376297944196792,9,11.540726531999574,11.012401285625392,9,314.3252272509777,130.666368717995,426.9964705884639,63415,23,5,2,False,True,furia-vs-betboom-m2-cache,pro,de_cache,63438,c32a6f9c5c,m4a1,True,False,False,False,False,False,0.0,0.0,0.2803518176078796,rifle,0.49254505241672214,False,63223
29.720869468097614,7.2707180546306525,0.0,735.5508802318132,0.4247642245689063,0.3731926407744558,0.1255747673874224,22,6.291772449271892,5.527343780914513,13,847.2586416908041,108.45181721924442,184.6749510548124,30313,0,1,1,True,True,match730_003846095210866016783_0292086677_161,own,de_ancient,30313,9c0b0079af,m4a1,False,False,False,False,False,False,8.0,0.0,0.0,rifle,0.49234383141688487,False,30121
35.84755228324114,10.519317346188242,4.081324196300849,1111.832623595349,1.0453656082763365,1.2590827104902114,0.8533686647019679,44,32.14071598105421,38.962980356474674,0,1756.6189346481613,215.43531833066004,1085.204482044515,63080,103,7,4,True,True,match730_003845848209444307084_2046226831_274,own,de_dust2,63183,3a84a7ef32,ak47,True,False,False,False,False,False,59.0,1.0,0.0,rifle,0.49223544688343174,False,62888
1346.3729658646253,105.6602058390284,38.65624585676047,35252.68558558225,0.6343078853264553,1.1522724207101462,0.6343078853264553,29,9.75370612433192,17.715215597821558,3,880.7512498166793,166.99878660983777,893.0310415451586,41994,19,4,2,False,True,aurora-vs-9z-m1-dust2,pro,de_dust2,42013,6e8537eb46,ak47,True,False,False,False,False,False,0.0,0.0,0.0,rifle,0.49221577422261775,False,41802
1518.2566309444423,186.55509018895876,27.074178378437008,30263.695400568213,0.6747473080598935,2.9392509060387795,0.6747473080598935,5,10.9056622250035,48.09123215395958,3,917.3154282069476,191.82593396737929,402.5401237448354,76333,0,1,1,True,True,astralis-vs-fnatic-m2-ancient,pro,de_ancient,76333,3f5c0f1ef2,ak47,True,False,False,False,False,False,0.0,0.0,0.0,rifle,0.49214115565516525,False,76141
166.83741587897322,14.876635986366676,16.20135815265876,3427.4714335723183,0.3408845652904237,0.873935242639793,0.3408845652904237,22,2.5827831728689628,6.717627580601869,19,427.6195333767267,76.22036748579345,210.2131979288748,125989,5,2,2,True,True,aurora-vs-9z-m1-dust2,pro,de_dust2,125994,fe43c71f39,mp9,True,False,False,False,False,False,0.0,0.0,1.0,smg,0.4919240139453155,False,125797
1673.8193497083,138.73534528618123,85.77049731243812,57082.92445926132,3.9141308099453047,6.406268636113353,1.876210048837202,0,15.984341798634508,27.12150556524169,1,232.10978838329424,196.91542334043856,938.230922622378,129763,0,1,1,True,True,aurora-vs-9z-m1-dust2,pro,de_dust2,129763,fea287be28,m4a1_silencer,False,False,False,False,False,False,0.0,0.0,0.0,rifle,0.49175416615451484,False,129571
99.02308088189493,18.787915654601285,0.5055338541666666,4086.693416246562,1.9936104346996293,1.1695467046056875,0.5554948204567867,15,33.07058061342581,19.42545738043289,0,949.9693877258702,229.98790006679823,757.4318087592843,112135,0,1,1,True,True,match730_003846055312767320440_2034169741_274,own,de_nuke,112135,30df2fc581,awp,True,False,False,False,False,False,24.0,0.0,0.0,sniper,0.4917432161411554,False,111943
90.39879534433535,13.89141750259487,1.9410807291666667,3167.394143684945,1.3792191414476096,1.5759765474756926,0.8138337550983872,47,13.7827982906561,15.355909479515734,36,572.3901576493583,206.915570381552,394.55170372320754,19815,28,3,1,False,True,match730_003845735833772490759_0956054515_272,own,de_inferno,19843,6f17506be7,m4a1,True,False,False,False,False,False,40.0,0.0,0.0,rifle,0.49166577299760816,False,19623
99.49256206871787,6.137636906930562,4.929689335565262,5495.077587046673,0.8563268000413414,0.5900218095713188,0.2576448671051701,65,22.354364802023163,15.332241877527816,0,1488.7702592553185,69.9108213501569,601.1866454676588,122395,11,3,1,False,True,match730_003846095210866016783_0292086677_161,own,de_ancient,122406,7bbb0d4a11,m4a1,True,False,False,False,False,False,19.0,0.0,0.0,rifle,0.49149639866688993,False,122203
31.108842953434127,11.931583099759663,0.0,1573.1209078214554,3.417989085835946,2.6239728431392377,0.1181378380184405,0,51.99828818542965,39.87694558733146,0,869.9592039768412,216.83489611597588,584.6247309926714,92400,30,4,1,False,True,match730_003845735833772490759_0956054515_272,own,de_inferno,92430,68a903afd4,m4a1_silencer,False,False,False,False,False,False,32.0,0.0,0.0,rifle,0.4914727780583628,False,92208
14.130001195487736,1.594058080837692,0.8264516756223598,775.5519649210391,0.7487725952754596,0.9159611264697308,0.6717817299472897,54,21.65659530192488,26.49448333885855,0,1656.937213312837,158.6246525513721,175.52891948574617,109052,0,1,1,True,True,match730_003846114907586035842_2006638891_196,own,de_mirage,109052,e767760b4c,ssg08,False,False,False,False,False,False,29.0,1.0,0.0,sniper,0.4912722262599322,False,108860
732.5198386633741,90.7460394594243,1.875,22355.963806667576,1.2128311039134998,1.1435539995856887,1.0497116010003176,20,9.245653281085312,9.041646863206273,19,436.5242861707873,163.5346747291241,647.5746436884748,230963,32,6,4,True,True,furia-vs-betboom-m2-cache,pro,de_cache,230995,c1aa9f613a,m4a1_silencer,False,False,False,False,False,False,0.0,0.0,0.0,rifle,0.491245252879728,False,230771
76.93088261324984,21.91195162301528,0.5348307291666666,1245.9257521030324,0.4079560548703961,0.4735927306351394,0.4079560548703961,34,10.61234509171195,12.327540137073456,12,1490.3948432405916,56.28458921852045,233.13841282052348,14776,0,1,1,True,True,luminosity-vs-nemiga-m1-cache,pro,de_cache,14776,524f4d4415,usp_silencer,True,False,False,False,False,False,0.0,0.0,0.0,pistol,0.49085653195578505,False,14584
12.585940568806365,1.5623446834005643,1.8076665058518009,288.68776786289925,0.2772668052808945,0.1318189977442343,0.0712084729318296,65,13.5351625693999,6.421615109122925,16,2794.89574888749,144.80099486578138,199.61543335211437,58550,0,1,1,True,True,luminosity-vs-nemiga-m2-dust2,pro,de_dust2,58550,c4ceacecd8,awp,False,False,False,False,False,False,0.0,0.0,0.0,sniper,0.49070252939889986,False,58358
198.21637817147345,20.03108477163288,42.47781818475092,12685.8482029743,1.2312318101011293,2.283456475250829,0.5042514249910303,7,24.06748111946998,44.51129731704463,0,1113.7236418496511,160.8353809515151,649.8159323896185,110093,0,1,1,True,True,match730_003846114907586035842_2006638891_196,own,de_mirage,110093,ccfd5f1e85,ssg08,False,False,False,False,False,False,39.0,0.0,0.0,sniper,0.49056157512019616,False,109901
60.77938427255799,12.71904714287428,1.3101960805662831,2630.708763910878,0.3088710555018906,0.5711510765468659,0.3078828658971431,12,11.039504854857128,20.4437777045718,7,2040.270584885924,162.5875951978137,418.3831620412857,15223,38,5,4,False,True,match730_003829380948349157814_1390656678_161,own,de_dust2,15261,f41ec87e6d,m4a1_silencer,True,False,False,False,False,False,71.0,0.0,0.0,rifle,0.4905283362517501,False,15031
11.42578125,0.624847412109375,7.6171875,548.5,3.0896766213153253,2.640183206645527,2.2068958296966867,0,20.78432530350561,17.757438233209633,0,383.1549839400919,77.35082932975752,77.32472174924824,48222,28,6,3,True,True,match730_003846095210866016783_0292086677_161,own,de_ancient,48250,c8d7238405,m4a1,False,False,False,False,False,False,25.0,0.0,0.0,rifle,0.4904046316863628,False,48030
393.558627558596,82.1588664862416,19.188870486569368,15378.420698042288,1.9508523180628132,1.6927371612846542,1.0193848294162122,23,10.11529904407825,8.866127502024764,23,293.5689433358652,101.962682731822,187.24108784725493,56976,0,1,1,True,True,match730_003845721267390906757_0873910189_273,own,de_anubis,56976,8a33bc3a37,awp,False,False,False,False,False,False,19.0,0.0,0.0,sniper,0.4900984693669253,False,56784
74.99004605678594,11.965140993068808,1.2447916666666667,2889.6129476343003,2.5870706467748525,2.4950757802625763,0.2561109125857507,47,44.89986999061208,43.603218364351015,0,993.637815187086,129.97496319382282,209.41406828887065,66002,19,4,1,False,True,match730_003846087479924883540_0606572273_161,own,de_mirage,66021,901972cd23,ak47,False,False,False,False,False,False,167.0,0.0,0.0,rifle,0.4900804565907696,False,65810
751.1708978204823,143.00402839010772,51.68420499338657,19094.16474571285,8.645550468842334,9.486926013204714,4.405143518781163,0,67.9918755039696,74.47248831728928,0,446.9286995906228,224.9923238569878,659.6745084697703,28851,38,7,2,False,True,match730_003845848209444307084_2046226831_274,own,de_dust2,28889,3e06735caf,ak47,True,False,False,False,False,False,38.0,0.0,0.0,rifle,0.4900351546473452,False,28659
15.8971667782444,4.142161909792447,5.997530638870967,450.9693963836071,0.326668216439518,0.5902966378010679,0.326668216439518,50,7.909127477981377,14.292322351904016,21,1387.1473075422982,120.49114822497144,669.5340368937003,59215,0,1,1,True,True,match730_003846087479924883540_0606572273_161,own,de_mirage,59215,bea1536d33,deagle,True,False,False,False,False,False,37.0,0.0,0.0,pistol,0.48993156736593024,False,59023
1358.6312228063907,140.8951181163668,22.118793917537307,41340.23678634682,0.8648042424997405,1.914926663086586,0.8648042424997405,24,10.35685277443654,22.85906094861249,4,685.9135937881426,134.0507907639332,387.7414108289544,215824,0,1,1,True,True,furia-vs-betboom-m2-cache,pro,de_cache,215824,4acdd8fa23,ak47,True,False,False,False,False,False,0.0,0.0,0.0,rifle,0.48990992350979945,False,215632
8.137134645759838,2.3134312095710445,2.198847109231542,243.19373673042244,0.1702089510693154,0.3349109459957665,0.1634759367963897,65,8.229128322773036,16.191607528641505,6,2766.9011256103977,16.30806166328597,134.45044594069185,36451,0,1,1,True,True,match730_003845848209444307084_2046226831_274,own,de_dust2,36451,6c9253641d,ssg08,True,False,False,False,False,False,53.0,0.0,0.0,sniper,0.4894254910909435,False,36259
95.11870258855738,10.031152265749022,13.258103959313468,2807.329560906352,0.9894636759063572,1.0202254863261304,0.8978584772491565,59,14.870897911913069,15.332978602345976,34,860.8631314648337,80.2155970090048,59.21304566228776,19775,0,1,1,True,True,furia-vs-betboom-m2-cache,pro,de_cache,19775,0f3b1e9da0,ak47,True,False,False,False,False,False,0.0,0.0,0.0,rifle,0.4892749191460508,False,19583
57.13375120514621,8.637834857052948,9.648839464863586,3656.560077129357,1.4820755738263556,1.086567149522892,0.6110906919941554,51,18.325296999484998,13.320665040245125,37,708.030483544384,120.21694164064718,251.70560484012145,15423,19,3,2,False,True,match730_003846114907586035842_2006638891_196,own,de_mirage,15442,ccfd5f1e85,famas,False,False,False,False,False,False,39.0,1.0,0.0,rifle,0.488896904267086,False,15231
50.62216464921243,10.35152424159693,17.23444064520763,1643.5281443155668,0.3069110036898418,0.6468243829033009,0.2847131317249155,54,10.261317844868136,21.68711489064986,6,1913.1610674148253,88.28815257835564,287.5156360531128,57961,6,2,2,True,True,match730_003845848209444307084_2046226831_274,own,de_dust2,57967,d9f31878b9,ak47,False,False,False,False,False,False,57.0,1.0,0.0,rifle,0.4888617244907845,False,57769
1317.5633213946692,126.04667560068904,85.68848790014171,51907.64981115222,1.0969277375095643,4.911467163342287,1.0969277375095643,4,12.907876360243003,58.18939022045633,3,643.9599489025697,167.4766127423032,620.9599189138052,102653,32,6,4,False,True,luminosity-vs-nemiga-m1-cache,pro,de_cache,102685,3b306c71b2,m4a1_silencer,False,False,False,False,False,False,0.0,0.0,0.0,rifle,0.4888147346101816,False,102461
1756.411752425012,182.78745175042,72.05805356415046,34124.89858402494,1.070083653165831,2.808945271084319,1.070083653165831,3,10.514733184959494,27.525369449301024,2,562.6761022812162,143.02866896306364,194.2445522736384,92219,0,1,1,True,True,astralis-vs-fnatic-m2-ancient,pro,de_ancient,92219,f100e9403c,usp_silencer,True,False,False,False,False,False,0.0,0.0,0.0,pistol,0.48874401622259694,False,92027
85.70212032316915,26.503567055363305,79.07057408094533,1189.0978231909785,1.688918425571651,3.012756380853981,0.2284278934304172,3,8.31893978848355,15.234758786135462,28,281.80501285456575,196.33943200600345,402.2591677384623,29180,0,1,1,True,True,luminosity-vs-nemiga-m1-cache,pro,de_cache,29180,456b773fab,awp,False,False,False,False,False,False,0.0,0.0,0.0,sniper,0.4887121497060969,False,28988
16.913249881244294,2.64822864538929,1.4127310894853482,620.5308385384149,0.5817271130180532,0.5706814576583306,0.4975848374405571,41,11.674015719422105,11.455118464443448,26,1142.8796453651528,116.69019748522136,163.69569294365104,45036,0,1,1,True,True,match730_003845848209444307084_2046226831_274,own,de_dust2,45036,cc23b0e440,deagle,True,False,False,False,False,False,28.0,0.0,0.0,pistol,0.4886400027452944,False,44844
12.631849725256416,3.2269132643792755,1.31103515625,356.00616792629097,0.767585507196878,0.7762760595471823,0.6757777361176632,47,10.026064212649931,10.404168319848925,18,739.4223014786581,214.8276175616647,262.42469112265087,71477,26,3,2,True,True,match730_003846087479924883540_0606572273_161,own,de_mirage,71503,bea1536d33,glock,True,False,False,False,False,False,37.0,0.0,0.0,pistol,0.4886174292335799,False,71285
104.8564261401388,20.003541761006915,66.25553768888655,3136.055722389278,0.6622796521350734,3.0765337319210357,0.4138405048989034,4,18.58739868065353,86.51058283878585,2,1603.8475134960931,45.32679560376528,136.47380712381883,54652,29,6,5,True,True,aurora-vs-9z-m2-mirage-p2,pro,de_mirage,54681,9885584175,m4a1,True,False,False,False,False,False,0.0,0.0,0.6579927206039429,rifle,0.48860944737797235,False,54460
1054.389196823319,189.58044810022733,137.49757278727884,39210.97800498144,4.87599123062026,10.771621112344086,4.87599123062026,0,27.78056968896744,64.84939325091571,0,325.40894153437625,93.00528038958508,297.91331966971177,45254,45,8,3,True,True,match730_003845848209444307084_2046226831_274,own,de_dust2,45299,71f78fbbc6,m4a1_silencer,True,False,False,False,False,False,28.0,0.0,0.0,rifle,0.4882378721942163,False,45062
601.561443704842,115.82510592278854,8.46096911480957,14635.348507808438,0.6966149879869916,0.9240428809256318,0.5942509057893975,35,9.382081345102783,12.820276095159844,9,771.6047508452546,146.15961071129996,329.1074411134317,9278,0,1,1,True,True,match730_003845848209444307084_2046226831_274,own,de_dust2,9278,3a84a7ef32,usp_silencer,False,False,False,False,False,False,59.0,0.0,0.0,pistol,0.4881101280818114,False,9086
410.15121879354695,71.0528569403269,149.75256210142564,8444.092591955283,8.432663948318568,24.802651897200143,8.432663948318568,0,43.61792551661003,150.5304048594842,0,280.39112934671607,2.961206810468181,21.626145232118425,91960,51,9,4,False,True,match730_003846095210866016783_0292086677_161,own,de_ancient,92011,26d15ffc47,ak47,False,False,False,False,False,False,56.0,0.0,0.0,rifle,0.4878583696015223,False,91768
174.68433863418466,35.09039499510651,19.81052369038929,3966.242914356617,3.0413935221031143,2.568327737085985,1.075861433293859,0,13.966898610711295,12.79234777584359,44,262.55865929916393,166.1695407549215,346.44354654851963,107102,9,2,1,False,True,furia-vs-betboom-m1-mirage,pro,de_mirage,107111,4acdd8fa23,fiveseven,True,False,False,False,False,False,0.0,0.0,0.0,pistol,0.4877735566858951,False,106910
100.84177644758998,21.892343761265863,63.58943227366953,2802.671872508033,0.0702592418738547,1.567112620366145,0.0702592418738547,44,1.8326675123918943,41.150490236744815,1,1490.1150239535614,62.32662994911789,524.2649848348028,42623,38,7,3,False,True,astralis-vs-fnatic-m1-dust2,pro,de_dust2,42661,c023f685ab,ak47,True,False,False,False,False,False,0.0,0.0,0.0,rifle,0.48761327760641004,False,42431
15.84375,2.042765761407761,3.212737016626261,563.875,1.8338549186027104,0.7604786712312579,0.0804599072228478,23,37.40469036528787,15.512947058054076,0,1168.1729147503577,146.57521828950811,144.76570146665958,18449,0,1,1,True,True,furia-vs-betboom-m2-cache,pro,de_cache,18449,0f3b1e9da0,ak47,False,False,False,False,False,False,0.0,0.0,1.0,rifle,0.48760065041973116,False,18257
1138.952752654442,75.21799453205765,14.957226277175218,37069.554935599954,1.403366083950015,0.8913294002145401,0.3944745386077281,12,27.316798124265187,17.469285702689085,0,1114.541285135602,237.77287205661517,879.3615906021512,87933,0,1,1,True,True,astralis-vs-fnatic-m1-dust2,pro,de_dust2,87933,f100e9403c,ak47,True,False,False,False,False,False,0.0,0.3434031307697296,0.0,rifle,0.4874635382727742,False,87741
19.53908456147545,4.090999673066415,1.242961138804478,397.7975873270802,0.6171765851148792,0.5859578545235803,0.5539836599923984,65,13.613802642517337,12.925044534261906,20,1263.6308081733482,80.0733239519297,90.70252358964572,77888,0,1,1,True,True,match730_003846087479924883540_0606572273_161,own,de_mirage,77888,26d15ffc47,deagle,True,False,False,False,False,False,67.0,0.0,0.0,pistol,0.4874110232133668,False,77696
8.267812241182511,1.4692627548901522,0.9390749513288842,396.95248343568073,0.5146519796654041,0.5079300410571363,0.1281681489603599,65,5.887262168339326,5.806526198956801,33,655.2512447642679,150.82072273482828,238.7270255135656,50068,0,1,1,True,True,match730_003831793800846508273_1359762374_161,own,de_mirage,50068,8a33bc3a37,awp,False,False,False,False,False,False,6.0,0.0,0.0,sniper,0.4872666701955087,False,49876
73.40971042211673,32.26245796854771,5.507715038917799,1036.3464670154708,1.3313504331090047,1.3632611815254922,0.6149009359571729,37,12.54157947020649,12.75750302021122,35,539.4896211835927,111.77823299879029,526.6167878823751,127864,47,4,3,True,True,luminosity-vs-nemiga-m2-dust2,pro,de_dust2,127911,74c7d1f104,usp_silencer,False,False,False,False,False,False,0.0,0.0,0.0,pistol,0.4871379897471389,False,127672
81.08528801606187,17.630766557587798,30.12124792194122,3085.2393154646347,1.277056919605027,1.3681759639121904,1.1782100871480392,42,17.131540784645928,18.51272174355017,14,766.7305973607347,79.52259381661312,321.0842384512103,115548,18,5,5,True,True,furia-vs-betboom-m1-mirage,pro,de_mirage,115566,867e1a2fd2,mp9,False,False,False,False,False,False,0.0,0.0,0.0,smg,0.4870668188764866,False,115356
184.3006224376995,23.5337612168177,142.56378910017762,5046.5693478821,2.308648816777674,7.89112712287921,1.2688353080966757,1,16.158175757185962,55.951799840373766,1,400.5897909033401,220.13092769978653,233.25018674943064,17838,0,1,1,True,True,match730_003846224175849013887_1403891103_383,own,de_anubis,17838,9c0b0079af,awp,False,False,False,False,False,False,53.0,0.0,0.0,sniper,0.4870064175433258,False,17646
49.614944063720415,2.272571229193336,26.78819606395619,2144.119842513943,0.8273541400623813,0.5273431433987552,0.1486475342924184,65,23.303369444860365,14.85227628210605,0,1612.3869702401114,84.99554158502218,245.86201865175263,68082,0,1,1,True,True,furia-vs-betboom-m2-cache,pro,de_cache,68082,867e1a2fd2,awp,False,False,False,False,False,False,0.0,0.8070024847984314,0.0,sniper,0.4869796228853026,False,67890
32.67646492780383,5.869675154260902,4.835217909195367,1194.343233188944,0.5028716688186802,0.5343559623318176,0.2387951299689202,65,21.508579443659407,22.73323742114953,0,2448.3019477324547,233.50598108246703,1010.2281051339438,61527,0,1,1,True,True,match730_003833682433258029322_1216037504_161,own,de_dust2,61527,f86f118666,ssg08,False,False,False,False,False,False,7.0,0.0,0.0,sniper,0.4866639236737726,False,61335
36.28607840859521,14.36382224875534,2.34375,1224.690358787595,0.5099499158960663,0.4857590261569536,0.0439809030841896,57,10.59727560116314,10.102847373248506,28,1190.6326044247298,34.411652389311485,198.92077092816683,81388,0,1,1,True,True,furia-vs-betboom-m2-cache,pro,de_cache,81388,a7745f74db,m4a1_silencer,True,False,False,False,False,False,0.0,0.0,0.0,rifle,0.4864650517001289,False,81196
65.15067097222486,16.113718266301547,5.748473629107106,2075.467682812464,0.1610000318421368,0.3281171042412997,0.1610000318421368,37,2.335705065249582,4.702813888833603,32,830.2907227990329,79.56151225418157,797.1480107436349,135215,37,4,4,True,True,match730_003829380948349157814_1390656678_161,own,de_dust2,135252,f41ec87e6d,ak47,False,False,False,False,False,False,72.0,0.0,0.0,rifle,0.4860232114300837,False,135023
1317.2036334438728,277.1360465781327,34.42600917329907,32491.975849154376,3.456500292933167,6.964459603563983,3.4315061164681637,0,13.7288247261084,27.56972520993248,5,226.78019301694616,25.007890632484568,25.00317633574646,63147,0,1,1,True,True,match730_003846095210866016783_0292086677_161,own,de_ancient,63147,bea1536d33,m4a1,True,False,False,False,False,False,37.0,0.0,0.0,rifle,0.4860225965886813,False,62955
566.1038566788509,118.76118290294912,237.0858075891616,19183.911506051656,4.339078819827773,17.537655567683533,1.846785469979758,0,23.62942865776832,109.27727306720504,0,311.1749816122488,130.06912747414424,326.4466881504495,68063,70,12,4,False,True,match730_003829380948349157814_1390656678_161,own,de_dust2,68133,40a412aa4d,ak47,False,False,False,False,False,False,114.0,0.0,0.4576873481273651,rifle,0.48590231172043974,False,67871
587.130859375,57.09229728844156,35.79082481658643,18382.16399772121,3.65497021552964,4.30902580102297,0.8908582328317656,0,12.73938334079067,15.388918870025035,24,198.22883249122037,0.0,501.4210154810991,97752,17,4,2,False,True,astralis-vs-fnatic-m2-ancient,pro,de_ancient,97769,dd32420517,famas,True,False,False,False,False,False,0.0,0.0,1.0,rifle,0.48588955713657295,False,97560
11.115766358033053,0.9458316584027048,4.441399545689433,449.0500630138599,1.255496976431454,1.618361198477224,1.255496976431454,35,20.413302077743943,26.3560888900658,0,927.688034611851,109.62840472459376,594.1281461098303,86163,0,1,1,True,True,match730_003846114907586035842_2006638891_196,own,de_mirage,86163,8a33bc3a37,usp_silencer,False,False,False,False,False,False,41.0,0.0,0.0,pistol,0.4858427156847939,False,85971
10.147241347184355,4.267325549375517,3.5483210153998286,430.8435244611391,1.428177157372197,1.4366952898520822,1.407822698865678,28,29.89220719148033,30.08867592707734,0,1198.7979149580908,130.58038197387867,226.91349140223588,33945,0,1,1,True,True,furia-vs-betboom-m2-cache,pro,de_cache,33945,6c3df85cda,ak47,True,False,False,False,False,False,0.0,1.0,0.0,rifle,0.4858393376292324,False,33753
66.79477784908053,21.172810225361136,0.0,2772.527853010256,0.9580512403914522,0.9554070798605704,0.3999751555671153,34,14.952620936488712,15.028269871817704,26,894.0634718734613,134.444486662821,288.24143865187955,129711,50,5,3,False,True,match730_003829380948349157814_1390656678_161,own,de_dust2,129761,f41ec87e6d,ak47,True,False,False,False,False,False,73.0,0.0,0.0,rifle,0.48580395299128193,False,129519
993.5532695233272,127.01689097177643,7.459145185930724,24879.813110853283,1.0358696874607434,1.3478817564404089,1.0358696874607434,33,14.261550094024969,18.709435331684176,5,788.4727828449129,200.50338156926253,560.7745171892095,145005,12,3,2,True,True,astralis-vs-fnatic-m1-dust2,pro,de_dust2,145017,7097f9c9f2,m4a1,False,False,False,False,False,False,0.0,0.0,0.0,rifle,0.485681052400726,False,144813
1011.4600009269338,225.50680405304556,14.75817729459375,34208.4375,2.5201127400233863,3.458378757229563,2.145142231215916,6,27.97214188817676,38.789995544122185,0,630.4410213036502,34.543699470142585,502.2674531513474,5324,20,2,1,False,True,match730_003829380948349157814_1390656678_161,own,de_dust2,5344,844038e231,usp_silencer,False,False,False,False,False,False,40.0,0.0,0.0,pistol,0.4856744311822866,False,5132
39.44304500718063,7.685310330821282,2.8125,800.2346101768034,1.350824412197908,2.0311489409653904,0.3273811467526724,65,26.701909218227478,40.13017230871896,0,1132.3622391267463,88.67760077088889,115.7880955746397,68325,6,2,1,False,True,match730_003846087479924883540_0606572273_161,own,de_mirage,68331,a6d0004234,ak47,True,False,False,False,False,False,56.0,0.0,0.0,rifle,0.48545692659437956,False,68133
157.70966440375656,45.09750147902472,1.3111979166666667,1764.00845959847,1.4713450375236792,1.4037359770373974,1.3522927849379835,31,13.413368189576415,12.82115336937726,28,522.0834985576319,59.21764987019657,552.5136709741563,41756,6,2,2,True,True,match730_003846087479924883540_0606572273_161,own,de_mirage,41762,bea1536d33,m4a1,True,False,False,False,False,False,37.0,0.0,0.0,rifle,0.4851300739574704,False,41564
865.6753216848658,126.55987601870788,98.84150968034136,26758.06153230501,8.66195232634529,14.651218288964122,8.66195232634529,0,46.14066642362346,82.43944465186101,0,302.605019648968,157.8717145813808,162.19075309164782,45199,13,3,1,False,True,match730_003845721267390906757_0873910189_273,own,de_anubis,45212,ba2f9f431e,ak47,False,False,False,False,False,False,23.0,0.0,1.0,rifle,0.48509383917949694,False,45007
177.68136130405307,18.288950931054234,0.46875,3222.837180786824,8.878304741377722,9.486271642465264,0.0600548296543212,0,59.66951540303133,64.9662575632942,0,379.2309308573467,13.063772145361856,60.25734651472668,94058,25,5,4,False,True,aurora-vs-9z-m1-dust2,pro,de_dust2,94083,c1c75a4da6,ak47,False,False,False,False,False,False,0.0,0.0,1.0,rifle,0.485030512277641,False,93866
1116.7256950584117,201.9085777278248,114.90107717051558,26386.62544229093,7.134211588399766,6.732731030281921,1.016171729257459,0,26.0508528790852,24.424993793515533,0,198.34567770838004,214.59771775254657,419.6235252622216,80584,38,7,3,False,True,furia-vs-betboom-m1-mirage,pro,de_mirage,80622,6c3df85cda,ak47,True,False,False,False,False,False,0.0,0.0,0.0,rifle,0.4849019544424322,False,80392
25.382274679519377,4.9286272845292975,20.86809249820818,451.40625,0.5207276382898267,1.3767726656295167,0.2226193637677939,65,10.348919809753852,27.36489393438014,2,1138.6555985277514,90.94653458909,126.79074299235104,30647,35,7,4,True,True,match730_003833678395988770820_2132169428_161,own,de_dust2,30682,5a6218ec0c,famas,True,False,False,False,False,False,45.0,0.0,0.0,rifle,0.4847068718109878,False,30455
310.1322547220884,60.48172351633929,208.6072752622588,9876.9362026381,7.464615709111665,20.4595295997999,7.464615709111665,0,47.24037307445052,135.21361470197115,0,359.39839079425184,103.64466702201524,652.4576453530564,39221,25,5,1,False,True,match730_003831793800846508273_1359762374_161,own,de_mirage,39246,237144b7d2,m4a1_silencer,True,False,False,False,False,False,40.0,0.0,0.018786622211337,rifle,0.48467711063563573,False,39029
57.06791506724576,11.956993530795806,0.0,1563.3113108753375,1.2371820077144728,1.2162213362111816,0.6429965355781732,46,12.683201688225802,12.468097405211903,24,586.1094072501114,66.10937907446274,113.1780690419574,33805,0,1,1,True,True,match730_003829380948349157814_1390656678_161,own,de_dust2,33805,301b246229,deagle,False,False,False,False,False,False,36.0,0.0,1.0,pistol,0.48464935562308914,False,33613
1567.6942517374298,165.28925380724212,97.92044585910445,25108.53478961026,1.1955720803183654,5.966890984947275,1.1955720803183654,2,14.216124833390692,70.58688029452581,1,681.184243529686,146.7682191398284,235.72791814099784,89784,19,4,3,False,True,astralis-vs-fnatic-m1-dust2,pro,de_dust2,89803,d8f9528a3a,ak47,False,False,False,False,False,False,0.0,0.0,0.0,rifle,0.48432394389220174,False,89592
1131.2406082779314,128.0265192510127,21.9210868753995,27724.19962858002,12.478690637488883,8.629980149413834,3.329294683037769,0,43.42814950332791,30.215339758890405,0,195.93091775982,87.64802229205316,56.12463847811331,99962,19,3,2,False,True,luminosity-vs-nemiga-m2-dust2,pro,de_dust2,99981,f730a5e684,tec9,True,False,False,False,False,False,0.0,0.0,0.0,pistol,0.48406528005608324,False,99770
13.90869140625,2.960137778054196,6.064290364583333,821.28125,0.264623750181083,0.1572347372658623,0.0716013723063576,26,4.762931210963684,2.8322233079426056,15,1029.6286544662664,175.44219933833614,510.0225958820071,16970,0,1,1,True,True,aurora-vs-9z-m1-dust2,pro,de_dust2,16970,b793b85286,ak47,True,False,False,False,False,False,0.0,0.0,0.0,rifle,0.48405807785398036,False,16778
45.7070829637165,5.4621171479531565,0.0,1747.3307541389458,1.254383186059195,1.3068181660695726,1.240539897894302,59,17.844467362528917,18.562336274008704,8,785.4941307299814,0.0,97.78420894301864,34058,0,1,1,True,True,luminosity-vs-nemiga-m1-cache,pro,de_cache,34058,590a913841,ak47,True,False,False,False,False,False,0.0,0.0,0.0,rifle,0.48395628410355446,False,33866
14.272817747528432,0.666458566508629,10.17192154034144,642.9235999037369,2.275014388146111,2.715721141022578,2.275014388146111,12,32.740568116585294,39.06661675338631,0,805.9006212893667,104.68759493026737,310.5687517041106,119239,26,5,4,False,True,luminosity-vs-nemiga-m1-cache,pro,de_cache,119265,456b773fab,ak47,False,False,False,False,False,False,0.0,1.0,0.0,rifle,0.483813166255165,False,119047
150.69091592063154,18.58771383567366,125.6015929356593,2080.742733427716,4.2638794536864015,8.29520281175511,0.4278649188262552,0,23.8907405652964,47.11703018623732,0,320.2546190065873,195.14727229519588,812.3484228966046,109805,0,1,1,True,True,match730_003845735833772490759_0956054515_272,own,de_inferno,109805,baaaf134bc,awp,False,False,False,False,False,False,15.0,0.0,0.0,sniper,0.48374444186159615,False,109613
889.740018359877,120.34060037033714,3.9255850504076206,35087.08962004919,1.2336377458874357,1.807522606826813,1.2336377458874357,11,8.472008556070245,12.439518813415775,11,392.73337064810113,84.0005240659084,725.9765199967203,28165,12,3,2,False,True,match730_003846224175849013887_1403891103_383,own,de_anubis,28177,29b1cdb2be,ak47,True,False,False,False,False,False,61.0,0.0,0.0,rifle,0.48372459293308545,False,27973
12.28989022990434,3.033443017104375,0.5638020833333334,633.4643565869901,1.3889994841864668,1.4520018931191028,1.3889994841864668,25,24.825612071612717,25.849911965240373,0,1023.5474475847597,113.78095347392215,470.5675016940929,248768,19,4,3,False,True,furia-vs-betboom-m2-cache,pro,de_cache,248787,372a892754,ak47,False,False,False,False,False,False,0.0,1.0,0.9084244966506958,rifle,0.4835482076543782,False,248576
89.94509488737735,12.809874787976998,0.8935546875,3530.649513063426,1.166888999096353,0.9535202007805352,0.4141563502301145,31,8.895300644056698,7.370875559888551,30,436.5229087627759,145.50695012628012,96.1272328326758,11563,52,5,2,True,True,match730_003846055312767320440_2034169741_274,own,de_nuke,11615,30df2fc581,tec9,False,False,False,False,False,False,25.0,0.0,0.0,pistol,0.4834707174494295,False,11371
24.59210471014441,3.485070318542617,14.635964897643715,802.9605588983509,1.2565427302070722,0.8524703833788421,0.6551135911354692,65,29.26988321648715,20.04508662607669,0,1332.1240331840957,231.0334899364437,428.6985720576158,19167,6,2,1,False,True,furia-vs-betboom-m1-mirage,pro,de_mirage,19173,372a892754,m4a1,True,False,False,False,False,False,0.0,0.0,0.0,rifle,0.4833682900458967,False,18975
1506.7899031028785,82.34335534273487,28.883234284812502,42853.1394012673,1.2995205072520366,1.723482595736201,0.2461868966002459,26,15.910811685340686,21.15095259066407,3,698.9409437051372,134.47811989295224,698.4182638906816,14741,26,5,3,True,True,astralis-vs-fnatic-m2-ancient,pro,de_ancient,14767,95b933ed7c,ak47,False,False,False,False,False,False,0.0,0.0,0.0,rifle,0.48336616984990893,False,14549
506.6830240656352,65.50376199926413,353.4244969777216,12460.82907300628,3.406395172440979,19.550251783660755,0.3040708966021971,0,10.031745091180516,64.07791125792544,2,168.0491291702764,125.46758953596016,526.5828771583331,11185,19,5,4,True,True,match730_003845721267390906757_0873910189_273,own,de_anubis,11204,dd54131796,mac10,False,False,False,False,False,False,24.0,0.0,0.0,smg,0.4830918824080503,False,10993
60.70341485738591,9.50198869491953,0.47607421875,2429.2340875676327,0.5672709328007536,0.3733139626714887,0.0541476489744523,33,15.113086407604875,9.945697881263827,14,1526.3583879573753,76.30860072383578,111.48629147580507,119801,0,1,1,True,True,aurora-vs-9z-m1-dust2,pro,de_dust2,119801,c1c75a4da6,usp_silencer,True,False,False,False,False,False,0.0,0.0,0.0,pistol,0.48268062044102666,False,119609
316.8128153561776,36.55509807097065,40.0170715512833,9245.33653683208,0.431140679934793,2.497051898403269,0.2479206351758744,5,8.92403847520741,51.879370856091725,2,1185.891374181318,69.8887219926516,214.92406163308812,27437,0,1,1,True,True,aurora-vs-9z-m2-mirage-p2,pro,de_mirage,27437,7a9df6b20d,awp,False,False,False,False,False,False,0.0,0.0,0.0,sniper,0.48235664923235133,False,27245
175.15381720399202,28.55371636708416,84.89426634966757,4914.354008393557,4.102583329926116,6.698175499625743,0.6852416686429763,0,28.12318172998932,45.88144905792485,0,392.0888854441304,125.37688933866949,115.828158976122,52187,0,1,1,True,True,match730_003846087479924883540_0606572273_161,own,de_mirage,52187,7a2108eafc,ssg08,True,False,False,False,False,False,19.0,0.0,0.0,sniper,0.48227666140978287,False,51995
23.5838968077114,4.443729218483364,14.738741637504376,1156.1481356378033,5.949168677818777,4.357893355197374,1.1121049361428117,0,63.25771365355564,46.29396232429228,0,606.8992566266735,108.5500657272377,171.94758020575262,137526,77,7,3,False,True,luminosity-vs-nemiga-m2-dust2,pro,de_dust2,137603,524f4d4415,usp_silencer,True,False,False,False,False,False,0.0,0.377082347869873,0.0,pistol,0.4821881365159453,False,137334
69.33275619902415,3.6233904443680096,61.05209870360147,2104.095190145906,1.5608661282474383,1.9095155557316916,0.551667516566285,20,31.30457022374696,38.4266192493326,0,1148.7238891330176,213.01820923285445,359.0952672724854,47312,0,1,1,True,True,furia-vs-betboom-m1-mirage,pro,de_mirage,47312,52f704f8ce,awp,False,False,False,False,False,False,0.0,0.0,0.0,sniper,0.48215394548691864,False,47120
782.5158222414791,62.63361458663477,18.898710084663296,30363.44390893959,1.3062569981706549,0.8457625628770893,0.1402402271660898,34,22.4463863123276,14.529842579600066,0,984.3166418479065,28.149848502457843,23.002747936822296,66124,43,5,1,False,True,aurora-vs-9z-m1-dust2,pro,de_dust2,66167,6c2b13b080,ak47,True,False,False,False,False,False,0.0,0.0,0.0,rifle,0.4821342576149563,False,65932
35.53494874193974,9.837106980451788,0.6588541666666666,587.809068043368,0.3903235561512814,0.5478031015192111,0.3903235561512814,43,9.564296081924205,13.442487137708303,10,1403.876885996249,66.5383913025185,359.7299436726701,13703,0,1,1,True,True,match730_003846087479924883540_0606572273_161,own,de_mirage,13703,bea1536d33,m4a1_silencer,False,False,False,False,False,False,37.0,1.0,0.0,rifle,0.4820793271159401,False,13511
222.0357299288301,37.49388881602757,105.54628292728452,6156.105767360856,6.631066428301303,4.018624338742491,2.1970465705121485,0,104.9921672987892,62.98408404382259,0,902.8584709888654,227.75913464070544,248.71869517097755,94942,50,5,1,False,True,match730_003831793800846508273_1359762374_161,own,de_mirage,94992,6df4b3d0cf,glock,False,False,False,False,False,False,73.0,0.0,0.0,pistol,0.48173773041549955,False,94750
920.1324441331668,182.2488444780045,165.85357963845615,26901.194960122622,5.102994903789004,8.061356206874702,1.479265736857239,0,31.00261361365056,50.05111544839879,0,346.86652181849274,5.108999820222629,52.87036243351472,73336,13,3,2,False,True,luminosity-vs-nemiga-m2-dust2,pro,de_dust2,73349,3b306c71b2,m4a1_silencer,False,False,False,False,False,False,0.0,0.0,1.0,rifle,0.48158949851594185,False,73144
18.720703125,3.9657487004118575,9.214006405563577,873.4645568260054,3.1071721730900483,2.9452364129477733,0.0973307564237861,0,44.65459364221928,42.435127392106025,0,765.6482705351958,125.57181241260616,103.51033443743287,76905,28,3,2,False,True,match730_003846055312767320440_2034169741_274,own,de_nuke,76933,30df2fc581,usp_silencer,True,False,False,False,False,False,25.0,0.0,0.0,pistol,0.48144178391627096,False,76713
1502.8467054514697,236.5724650695147,28.20135617733056,32547.201075941164,3.3274622258163844,3.208215192046409,2.6998254316621417,0,30.43470968141317,29.23138171503972,0,523.0504079253733,155.87752460930398,188.3542612326214,57206,13,3,2,True,True,aurora-vs-9z-m2-mirage-p1,pro,de_mirage,57219,6c2b13b080,m4a1_silencer,False,False,False,False,False,False,0.0,1.0,0.0,rifle,0.481426090215424,False,57014
39.56721827618766,8.99838906165585,1.1094450070881603,1247.8052635394524,2.5602425457429057,2.261868237508671,2.0425045472342447,13,12.851106819551408,11.587639910810845,34,283.7150384793015,111.75141441854048,535.2223319673676,44203,0,1,1,True,True,match730_003846095210866016783_0292086677_161,own,de_ancient,44203,abfcba6be4,awp,False,False,False,False,False,False,18.0,0.5952186584472656,0.0,sniper,0.4814120881248685,False,44011
14.760156270675648,1.2846154927290974,2.277998722287799,513.25,1.8454812275821035,1.693157688783177,1.175232219766425,11,13.446352777837152,12.541672113788142,10,417.11854685517807,186.8090462943684,864.0307639629203,102209,0,1,1,True,True,match730_003845848209444307084_2046226831_274,own,de_dust2,102209,cc23b0e440,ak47,True,False,False,False,False,False,28.0,0.0,0.0,rifle,0.4813349651461678,False,102017
7.747929588759101,1.7240389944915562,0.1315104166666666,203.5800814854574,0.6743954820428625,0.6698459366514651,0.4064094342206676,31,14.304737232989089,14.210228112935017,21,1215.1870359312186,159.2370786983064,1026.661177553271,58065,0,1,1,True,True,match730_003846224175849013887_1403891103_383,own,de_anubis,58065,9c0b0079af,awp,False,False,False,False,False,False,53.0,1.0,1.0,sniper,0.48131007965611206,False,57873
43.29897989080165,7.092022131415021,0.0,1016.0908010430724,0.5094178391526792,0.5261880998647673,0.4790912587408032,24,7.580618852324636,7.829905496579228,19,852.24338059453,79.51880804696532,386.1722901133169,88197,0,1,1,True,True,match730_003846095210866016783_0292086677_161,own,de_ancient,88197,9c0b0079af,ak47,True,False,False,False,False,False,8.0,0.0,0.0,rifle,0.4812031624139827,False,88005
237.1393843406792,26.61760267343223,8.733105515186717,8960.810454876493,0.1301195363213916,0.364627495285352,0.0511137290582123,37,2.776881978675326,7.78170827740018,11,1217.3087231810591,48.21777447606582,283.4075951558522,94976,0,1,1,True,True,match730_003831793800846508273_1359762374_161,own,de_mirage,94976,60b48394d1,usp_silencer,True,False,False,False,False,False,17.0,0.0,0.0,pistol,0.48110677025129145,False,94784
25.99304869233822,1.8469657903937515,19.115324057043896,776.4413287606777,3.4258023555542763,3.306717575432174,2.981607411046421,0,13.699217549407988,13.312765357742103,21,228.4883388933224,193.72765890326352,472.209116711664,131566,0,1,1,True,True,match730_003846114907586035842_2006638891_196,own,de_mirage,131566,b372556378,ssg08,True,False,False,False,False,False,10.0,0.0,0.0,sniper,0.4809338708953911,False,131374
1149.997194829505,137.94954805308367,26.8584048058282,49880.18281118826,1.449632296187393,5.028414339095336,1.449632296187393,3,16.966382464456785,61.010031989424895,1,668.964364570387,230.56031864352676,961.5384724587988,18518,84,14,3,False,True,match730_003845735833772490759_0956054515_272,own,de_inferno,18602,8b02ca5490,ak47,False,False,False,False,False,False,32.0,0.0,0.0,rifle,0.48082255760356934,False,18326
18.365329773421948,7.030776707929424,1.875,800.3267436944105,0.7085782762637413,0.9531687841953872,0.1478785052774933,65,9.224351654464352,12.409479997876067,9,745.7350289702413,47.51579237813013,343.1862411468174,29252,6,2,1,False,True,match730_003846055312767320440_2034169741_274,own,de_nuke,29258,1c9bd3c08e,ak47,False,False,False,False,False,False,33.0,0.9366738796234132,1.0,rifle,0.48075439596182573,False,29060
648.5306115414529,52.86268166976376,8.963499277752252,35358.9892742458,0.2515389739101294,0.7011488455449266,0.2515389739101294,24,5.81100060124476,16.29613832308113,8,1322.8361931853171,89.64844917049145,589.7786607443257,70129,6,2,2,True,True,aurora-vs-9z-m2-mirage-p1,pro,de_mirage,70135,c1c75a4da6,m4a1_silencer,False,False,False,False,False,False,0.0,0.3333494961261749,0.0,rifle,0.48071845813969244,False,69937
161.2424199414857,21.758419870053245,0.0,5043.852995016272,0.4704587114084769,0.5892456247054896,0.451226630983838,45,9.700337788522418,12.150054584499305,12,1179.7399370974067,24.86740377088158,25.729575017059584,114669,0,1,1,True,True,match730_003845735833772490759_0956054515_272,own,de_inferno,114669,6f17506be7,ak47,True,False,False,False,False,False,35.0,0.0,0.0,rifle,0.4807041027880281,False,114477
30.797980177900143,7.220784594274535,6.338398306040131,1005.6811699156405,0.1901430423862085,0.4551783048947483,0.1901430423862085,65,2.706255928448998,6.656898006406864,29,808.4004507391819,196.74642995943665,607.5288577436057,22660,109,9,4,True,True,match730_003831793800846508273_1359762374_161,own,de_mirage,22769,9f98d2dad8,usp_silencer,False,False,False,False,False,False,48.0,0.0,0.0,pistol,0.4806830186701674,False,22468
395.9338843128614,41.19486968992557,5.1623712382797295,7252.385093901677,2.7160208142581355,2.2446500733160684,1.2419023365074209,53,38.45137619706159,31.762621106319436,0,785.5314757419878,87.39878167710835,181.7507541230223,17702,57,6,2,False,True,furia-vs-betboom-m2-cache,pro,de_cache,17759,867e1a2fd2,m4a1,True,False,False,False,False,False,0.0,0.0,0.0,rifle,0.4806217496617064,False,17510
24.079045025021586,3.143996512171487,4.694986979166667,892.0596520178632,0.4922923414236042,0.4505624518695711,0.2691731839086232,65,12.313343093366212,11.2702701919838,21,1433.058767531529,145.3875366516523,134.97747567503757,92690,0,1,1,True,True,astralis-vs-fnatic-m2-ancient,pro,de_ancient,92690,95b933ed7c,usp_silencer,True,False,False,False,False,False,0.0,0.0,0.0,pistol,0.48059610115050116,False,92498
36.64360880791199,11.7389801762481,0.0,1277.3784216373017,0.331844578466229,0.4264416026387484,0.331844578466229,35,8.155910344269385,10.49215009950446,11,1408.06252496429,27.68770327278561,111.82747122742845,108177,6,2,2,True,True,match730_003829380948349157814_1390656678_161,own,de_dust2,108183,f3383df9e7,ak47,False,False,False,False,False,False,39.0,0.0684499740600586,0.0,rifle,0.48046294995967914,False,107985
30.10166852324977,4.388407880193232,3.5006510416666665,1230.5,0.9844763093435708,0.6093195379686448,0.3550340989308324,65,25.37448136508474,15.70407636448633,0,1475.9983041925316,130.60527126143802,206.3550973391028,21590,0,1,1,True,True,match730_003846224175849013887_1403891103_383,own,de_anubis,21590,04d29c9bb8,ak47,True,False,False,False,False,False,138.0,0.0,0.0,rifle,0.4804558264903907,False,21398
13.893483128560796,1.9785572861890663,11.6702235428536,403.5,4.592730032666365,4.508523381241043,4.006957795548842,0,21.42236423490812,21.461365076933014,0,266.3708591898187,190.56529200899652,718.475321813755,90575,0,1,1,True,True,match730_003846087479924883540_0606572273_161,own,de_mirage,90575,9c0b0079af,deagle,True,False,False,False,False,False,7.0,0.0,0.0,pistol,0.4804509854588763,False,90383
142.55859375,56.35563323726871,0.8286407592029854,6082.03125,0.1382450516956129,0.4024430760132752,0.1325166945473233,26,2.502397722918541,7.289833003014107,11,1037.1108262731775,58.57594885688978,250.9377612429488,71221,0,1,1,True,True,match730_003829380948349157814_1390656678_161,own,de_dust2,71221,f41ec87e6d,ak47,True,False,False,False,False,False,73.0,0.0,0.0,rifle,0.48044095740106146,False,71029
28.608663836587905,4.946298578286271,0.52734375,1510.7738724495775,4.914602148517319,5.737779622093599,4.914602148517319,0,21.86684913337412,25.573277779608883,0,253.92949015425887,184.7830151890276,311.3602506954307,17442,10,3,1,False,True,match730_003845721267390906757_0873910189_273,own,de_anubis,17452,dd54131796,mac10,True,False,False,False,False,False,24.0,0.0,0.0,smg,0.48043807845086417,False,17250
49.5478515625,5.219672203515095,0.0,1864.75,0.6811830482278933,0.6794012440928415,0.6713027185005513,18,6.735665656842243,6.71401533157386,15,566.16675330991,152.2762534638818,117.05841699758024,72954,0,1,1,True,True,match730_003845735833772490759_0956054515_272,own,de_inferno,72954,6f17506be7,glock,True,False,False,False,False,False,40.0,0.0,0.0,pistol,0.48028276349661014,False,72762
54.55859375,13.742150110999194,22.150671052490097,3491.75,0.190913825402882,0.7987969608085648,0.190913825402882,42,2.758154102010709,11.54957863568151,31,827.7122969389358,68.9728864992171,45.21064748854628,88390,38,7,4,False,True,match730_003831793800846508273_1359762374_161,own,de_mirage,88428,6ca81de9cd,ak47,False,False,False,False,False,False,65.0,0.0,0.0,rifle,0.48024698898876994,False,88198
41.10100962983584,5.020042988211941,0.0,2518.6009214566925,0.9494129978031204,1.0142484319351188,0.8863393430182522,36,11.437347132962648,12.35744279130567,18,689.9666069599501,183.7493898821527,179.81164129748427,74947,0,1,1,True,True,match730_003831793800846508273_1359762374_161,own,de_mirage,74947,03d8a6e44d,m4a1,True,False,False,False,False,False,44.0,0.0,0.0,rifle,0.48019926066452917,False,74755
114.762170437106,12.639072914465311,25.26440292822217,3153.972399508156,0.66147526529088,2.886656627181295,0.5952028646866852,6,18.939068275706457,82.60179922132201,2,1634.9745991900238,101.85229653445067,131.25818986045476,34968,0,1,1,True,True,aurora-vs-9z-m1-dust2,pro,de_dust2,34968,6e8537eb46,ak47,False,False,False,False,False,False,0.0,0.0813624858856201,0.0,rifle,0.4800544711386232,False,34776
46.0587967065884,12.30149625592567,3.861104284703036,1653.6691641359334,1.5580182283471582,1.6853173451683907,1.5580182283471582,44,7.63358031132408,8.269207799779387,46,280.2089506555278,42.72717750732514,55.87549664462802,72119,0,1,1,True,True,match730_003846095210866016783_0292086677_161,own,de_ancient,72119,c8d7238405,awp,False,False,False,False,False,False,25.0,0.0,0.0,sniper,0.4800218516694128,False,71927
875.2886904463886,162.1382750893273,16.165198905800064,23548.883978554342,0.2654669017525305,1.0506773281600426,0.2160110134529567,19,2.7560217751940623,10.91937913298874,9,581.3454655179706,28.37781307726097,258.70893271619246,13069,13,3,2,False,True,match730_003845848209444307084_2046226831_274,own,de_dust2,13082,d9f31878b9,ak47,False,False,False,False,False,False,57.0,0.0,0.0,rifle,0.479997807926489,False,12877
1039.3448958073889,191.0971440972077,94.75008991947205,29435.63255744747,5.742889421251524,8.247777123808977,4.427072928180581,0,24.771211869310736,36.92713040756019,0,242.90478532932835,205.0108439112427,958.3329062587636,70520,0,1,1,True,True,match730_003846224175849013887_1403891103_383,own,de_anubis,70520,9c0b0079af,deagle,True,False,False,False,False,False,54.0,0.0,0.0,pistol,0.4799283228510401,False,70328
11.59623457204967,1.0205669561858297,6.8992252529226095,339.6667766612168,1.2908237663946909,1.2350045763650304,0.4984516235614529,27,23.010143712254173,22.047930682789477,0,1020.6674997949374,185.3356669946848,149.2983256710704,13964,6,2,2,True,True,furia-vs-betboom-m1-mirage,pro,de_mirage,13970,c1aa9f613a,galilar,True,False,False,False,False,False,0.0,0.0,0.0,rifle,0.47984001333580073,False,13772
22.948624826091244,2.1531920400736526,18.908488161675365,795.7443651228523,0.1133965002818635,0.7201833778903477,0.1133965002818635,28,1.7463585170492888,11.239403378242306,18,882.031754241308,73.76965129674508,480.4311865310892,11739,12,3,1,False,True,aurora-vs-9z-m2-mirage-p1,pro,de_mirage,11751,7a9df6b20d,ak47,True,False,False,False,False,False,0.0,0.0,0.0,rifle,0.4797557307309451,False,11547
15.742445844702813,3.387782853886141,2.5147904415960807,676.9450357638574,0.5865728500249286,0.6421298324744199,0.4311032641955085,51,14.947514720050847,16.361909662357373,8,1459.9499570606897,86.7705847614003,589.7539898189001,2423,24,2,1,False,True,match730_003846087479924883540_0606572273_161,own,de_mirage,2447,26d15ffc47,usp_silencer,True,False,False,False,False,False,67.0,0.2440741509199142,1.0,pistol,0.4796918885233844,False,2231
7.861176483397698,3.277326546642736,3.9371432960881663,503.1152949374527,1.8963697952215652,1.160531866067937,0.053908062750736,35,29.05899057340456,17.876818606716377,0,856.7373112839031,217.35745582951972,1009.7192196247984,22407,25,5,4,True,True,match730_003829380948349157814_1390656678_161,own,de_dust2,22432,f41ec87e6d,m4a1_silencer,False,False,False,False,False,False,72.0,0.0,0.0,rifle,0.47963689568750556,False,22215
131.40874880706625,5.976480648114709,68.13173891720338,5109.683357684834,2.6978599453164134,2.2098376056451494,0.1347184508522988,1,9.039295511808632,7.345509297482783,13,191.56189470363492,191.81075932980576,185.3466475851726,153706,0,1,1,True,True,furia-vs-betboom-m2-cache,pro,de_cache,153706,e1ccb1699e,awp,False,False,False,False,False,False,0.0,0.0,0.0,sniper,0.47945291137973345,False,153514
312.5966369684745,39.75660957802008,16.808219007111756,18835.81024314125,10.22862306903944,10.009918693117871,7.848103673516121,0,82.53878824333191,83.57680142275285,0,457.25464614213024,195.99573219918344,366.3603149825538,80441,45,8,2,False,True,match730_003845735833772490759_0956054515_272,own,de_inferno,80486,68a903afd4,m4a1_silencer,False,False,False,False,False,False,32.0,0.0,0.0,rifle,0.4790277732204282,False,80249
773.0503413745947,131.41428248659378,43.56523703227972,14957.709199112303,1.681967088043361,1.688938451890055,0.7923412954491911,18,10.600215936960872,10.777081612453925,18,351.82969452217384,136.20158989496218,228.65445884524004,139457,26,5,2,False,True,furia-vs-betboom-m1-mirage,pro,de_mirage,139483,e1ccb1699e,ak47,True,False,False,False,False,False,0.0,0.0,0.0,rifle,0.4789779830071737,False,139265
25.6201171875,7.489544348260856,0.0,811.5725702263227,5.077862429129655,4.042472596708184,3.5548419100562065,0,25.40593247000256,20.6796828563038,0,284.7424449057581,206.08452439849543,494.6091034618236,31591,29,6,2,False,True,match730_003833682433258029322_1216037504_161,own,de_dust2,31620,c2d6ff7eff,m4a1,True,False,False,False,False,False,47.0,0.0,0.0,rifle,0.4789685271881166,False,31399
9.351269251305547,0.8370298438637301,1.2441751798364724,309.41392806942065,0.0721137870295267,0.2475220361884568,0.0721137870295267,65,2.5392619869088877,8.718827726969938,16,2014.5668626292256,99.53822189744989,373.17608107982176,22170,0,1,1,True,True,match730_003829380948349157814_1390656678_161,own,de_dust2,22170,857d0f207c,awp,False,False,False,False,False,False,37.0,0.0,0.0,sniper,0.47896140654171315,False,21978
27.42916910479683,7.113671971463877,1.1333385430010563,548.9761387697386,0.6071684274508887,0.6444700858456047,0.6071684274508887,29,8.993849920834359,9.54657162469918,22,835.5312875118035,111.35509114315438,369.4536230069908,27785,6,2,2,True,True,luminosity-vs-nemiga-m1-cache,pro,de_cache,27791,74c7d1f104,ak47,False,False,False,False,False,False,0.0,1.0,0.5921798944473267,rifle,0.47889807303900156,False,27593
941.6901318791896,148.080115302778,11.29784611092524,22088.15797887575,2.058189018236135,1.8712922222911663,1.2967673466642955,15,18.055681648551936,16.836709906751743,14,502.4134346835256,234.0901615703392,1035.0230692682585,15713,45,8,4,True,True,match730_003845848209444307084_2046226831_274,own,de_dust2,15758,cc23b0e440,m4a1_silencer,False,False,False,False,False,False,28.0,0.4836477935314178,0.0,rifle,0.47881084971445853,False,15521
13.25,4.190975294536235,4.98724524312973,603.3187642117556,1.384614451435412,1.3746420526480232,1.3380463699510476,24,32.274566788766606,31.84106612120295,0,1334.173904752016,105.90391123784984,678.2693389501895,9366,75,10,4,True,True,match730_003833682433258029322_1216037504_161,own,de_dust2,9441,aa97ccafe5,famas,False,False,False,False,False,False,9.0,1.0,0.0,rifle,0.4787102355229901,False,9174
24.115728484304064,4.255343953467032,11.0000787136372,812.7026130183426,0.5621593390789473,1.1048884316654806,0.5621593390789473,65,13.372591952711614,26.397431204890623,4,1352.9803049464472,38.96214885332756,370.42420066012994,24816,0,1,1,True,True,astralis-vs-fnatic-m2-ancient,pro,de_ancient,24816,f100e9403c,ak47,True,False,False,False,False,False,0.0,0.1598074436187744,0.1887472569942474,rifle,0.47866005388837807,False,24624
1170.4577511540658,101.31357153355768,18.93359240532693,24420.73773505552,0.4620421009117427,0.9983984727634704,0.3974653421832827,27,5.721689622820238,12.41637520714616,9,709.3348435414251,37.134987233822805,42.61286929449223,123155,23,5,5,True,True,astralis-vs-fnatic-m1-dust2,pro,de_dust2,123178,38f757d48e,famas,False,False,False,False,False,False,0.0,0.0908261761069297,1.0,rifle,0.4784285282957287,False,122963
11.42578125,1.089287263704838,8.72395131263258,365.625,1.5328132013344071,0.9237633597845736,0.3784289966451949,21,21.656150662241224,13.015577471503818,0,809.2002559134319,200.4445069690381,462.30872953057286,4172,0,1,1,True,True,match730_003846095210866016783_0292086677_161,own,de_ancient,4172,c8d7238405,glock,False,False,False,False,False,False,25.0,0.0,0.0,pistol,0.47832688658444344,False,3980
584.1709932317606,56.84866462424259,78.70572916666667,18220.19199731641,1.8750976903908776,7.171295230555256,0.6970913289418559,2,30.97440236734208,120.05749070021352,0,945.8146588809858,230.565532070724,390.6421840655297,81496,58,10,2,False,True,match730_003829380948349157814_1390656678_161,own,de_dust2,81554,f3383df9e7,ak47,False,False,False,False,False,False,39.0,0.0,0.0,rifle,0.4783137006671323,False,81304
247.73196298128187,20.42401588667805,32.55182789190936,6935.353279509775,1.0115372705822685,1.1146263064237611,0.6886690547513512,52,25.89451860534441,28.41572743837609,0,1466.5306901883814,111.73132382044514,532.3041444006441,65505,45,8,5,True,True,aurora-vs-9z-m2-mirage-p1,pro,de_mirage,65550,fe43c71f39,m4a1_silencer,False,False,False,False,False,False,0.0,1.0,0.0,rifle,0.4782756895172442,False,65313
20.94444612890361,5.62079177788147,2.20337859079838,930.35028788606,0.0922650722159481,0.4563154992776944,0.0922650722159481,61,3.957349510034628,19.5742318425794,5,2448.460740252104,91.27540409140124,459.0287686055711,62331,0,1,1,True,True,match730_003829380948349157814_1390656678_161,own,de_dust2,62331,8a33bc3a37,awp,False,False,False,False,False,False,6.0,0.0,0.0,sniper,0.4781704402087859,False,62139
16.488524232044178,3.973519247549392,5.984615194552462,457.4486277268397,0.3028031077628293,0.3779709711836928,0.0965062659639995,37,4.566795413813669,5.701017482940058,11,864.016756264378,75.3600790460808,300.1960616347745,68014,0,1,1,True,True,luminosity-vs-nemiga-m1-cache,pro,de_cache,68014,95f0d4db09,ak47,True,False,False,False,False,False,0.0,0.0,0.6847788691520691,rifle,0.4781288691397626,False,67822
650.2703620871376,36.14410554938305,28.10855737068111,24958.25919842208,1.0246824616537094,1.668145664895968,0.3642504318336382,45,16.150004201648073,26.65035516780569,1,902.83613211448,124.02629663858303,626.8572529988733,145933,38,7,4,False,True,luminosity-vs-nemiga-m2-dust2,pro,de_dust2,145971,524f4d4415,ak47,False,False,False,False,False,False,0.0,0.0,0.0,rifle,0.4780362305536811,False,145741
281.7402227544943,30.99535991823652,0.7835286458333334,8785.827692271301,0.219306434478465,0.2891088819094656,0.1808496879981688,19,3.661970856885916,4.751534299876171,13,953.6469398284956,199.96744627604687,422.7906354434565,51695,37,5,4,False,True,match730_003846224175849013887_1403891103_383,own,de_anubis,51732,cd1c592f75,ak47,False,False,False,False,False,False,15.0,0.0,0.0,rifle,0.47763209852039185,False,51503
607.4135973559038,102.39139999551966,26.2745867112326,28901.304136975417,8.609936931867189,9.68845150539237,1.97402799198666,0,58.37791377392083,65.41713273867539,0,384.9086430248341,169.55689398072923,883.7015646938917,131415,25,5,2,False,True,match730_003829380948349157814_1390656678_161,own,de_dust2,131440,0ecd5d7027,ak47,False,False,False,False,False,False,74.0,0.0,0.2960271835327148,rifle,0.477625139090932,False,131223
187.31376827499227,25.266851707802733,2.077407776884116,5171.555729309196,0.5898087914095106,0.5213203008186774,0.2740623247993362,50,14.54695181050855,12.857083304258069,14,1413.064833519525,110.83925591843554,539.5977155734071,45411,23,5,3,False,True,match730_003846087479924883540_0606572273_161,own,de_mirage,45434,bea1536d33,m4a1,True,False,False,False,False,False,37.0,0.0,0.0,rifle,0.4776079294288708,False,45219
155.74684990380737,27.96607543662832,7.986369521803579,2846.2632839933367,0.8037373334497008,1.0111826937226562,0.6426733729692853,36,11.708625963004383,14.49308552430194,34,834.2920074636966,210.40806148208745,539.2235850884565,126228,36,4,3,True,True,furia-vs-betboom-m1-mirage,pro,de_mirage,126264,52f704f8ce,ak47,False,False,False,False,False,False,0.0,0.0,0.0,rifle,0.4774111335382201,False,126036
8.81804608266932,0.8243454318663684,6.360684404241034,302.5372418380676,0.14200223142864,0.4384778441125974,0.14200223142864,65,5.401022060971625,16.677653224379824,6,2178.1806301247475,70.6107101575221,415.7188026327451,33037,0,1,1,True,True,luminosity-vs-nemiga-m2-dust2,pro,de_dust2,33037,c4ceacecd8,awp,False,False,False,False,False,False,0.0,0.0,0.0,sniper,0.4773978758037252,False,32845
22.875,9.4433353758846,5.593181702220591,1016.625,0.6401432506704505,0.7094602305377924,0.0663832251841592,65,22.815547602624218,25.37955960095261,0,2041.8230609969928,165.8786675919115,771.399697878329,73190,0,1,1,True,True,astralis-vs-fnatic-m1-dust2,pro,de_dust2,73190,ca06492643,awp,False,False,False,False,False,False,0.0,0.0,0.0,sniper,0.4771358475518987,False,72998
76.59859406099815,8.904842098646924,2.0963137289060527,3931.192734891407,2.629400126526515,1.9541118890783555,0.1557264883895723,64,34.33551146665652,25.49160634823398,0,735.4859291176236,63.04929010769581,497.839070103478,103028,0,1,1,True,True,astralis-vs-fnatic-m1-dust2,pro,de_dust2,103028,95b933ed7c,ak47,False,False,False,False,False,False,0.0,1.0,0.0,rifle,0.4770396094690545,False,102836
56.45272754367734,17.823450490023934,10.813734214999918,1473.8336280832375,1.1231319727164413,0.720100051929189,0.4632773101174002,57,27.648452977779293,17.723381803445193,0,1406.3225243377588,6.936125671554112,572.0464721415279,67121,17,2,1,False,True,match730_003845848209444307084_2046226831_274,own,de_dust2,67138,cc23b0e440,p250,True,False,False,False,False,False,28.0,1.0,1.0,pistol,0.4767837769375184,False,66929
103.8472434554578,16.336620321865396,0.46875,4216.439627276033,0.6302371214119056,0.6636999969323872,0.6224528669377083,46,16.398980605656345,17.26995808187081,10,1484.1313009066746,66.1443767093294,233.94587798373504,101899,83,6,4,False,True,match730_003846114907586035842_2006638891_196,own,de_mirage,101982,476a8ccf25,ak47,False,False,False,False,False,False,20.0,0.1557117998600006,1.0,rifle,0.4767691228905133,False,101707
76.59859406099815,9.930848488647705,10.914366479440613,3931.192734891407,5.110721835278575,4.430090749980677,0.4533300121087962,0,81.99573333601263,70.95256756925593,0,905.362931352404,103.8036408615388,335.2452823414233,103035,6,2,1,False,True,astralis-vs-fnatic-m1-dust2,pro,de_dust2,103041,95b933ed7c,ak47,False,False,False,False,False,False,0.0,1.0,0.0,rifle,0.4767525493711192,False,102843
29.48681404121214,3.259533766707637,25.002115510199047,562.5,1.225252449404843,2.1181960851952075,1.225252449404843,23,13.026130542216858,22.58411792788294,3,608.9966257675834,80.19135216433438,305.75218366665376,13138,13,4,3,True,True,astralis-vs-fnatic-m1-dust2,pro,de_dust2,13151,ca06492643,mp9,False,False,False,False,False,False,0.0,0.0,0.0,smg,0.4766321878436336,False,12946
43.55601246276797,11.15617651950964,1.471297703562634,893.8852857828135,0.8491983773664757,0.9780348403950454,0.374262442999308,65,19.795802735767595,23.01643410386764,3,1327.5157493260351,177.8065382751348,594.2762306999143,76920,7,2,1,False,True,match730_003833678395988770820_2132169428_161,own,de_dust2,76927,4ccc3c6dfc,ak47,True,False,False,False,False,False,45.0,0.0,0.0,rifle,0.4764992451917267,False,76728
14.431753699432363,3.9789004942668953,4.158549316421344,652.1914687528981,1.980982810791817,1.542767237290737,0.0440423816926367,65,27.379238201022684,21.317913809104876,0,791.2709348408566,78.10735185441567,321.54250060916735,72149,0,1,1,True,True,match730_003845848209444307084_2046226831_274,own,de_dust2,72149,3e06735caf,deagle,False,False,False,False,False,False,38.0,0.0,0.0,pistol,0.4764858053745392,False,71957
11.83885731956664,4.191758686690615,8.084772038930401,386.9675936513728,0.9950005306056152,1.0674451805033829,0.9950005306056152,60,17.165837788621758,18.414698969403396,9,988.328546384602,75.47447803881404,203.28286598735048,37527,0,1,1,True,True,match730_003846095210866016783_0292086677_161,own,de_ancient,37527,26d15ffc47,deagle,True,False,False,False,False,False,66.0,0.0,0.0,pistol,0.4763283247852215,False,37335
16.978805120008378,4.736012077519289,4.128696279757588,656.0263989961354,1.0854434911364117,1.1212314366745362,0.9991583877462544,22,7.509055218800184,7.861721872355811,20,396.1157627178132,111.68821403665686,489.6141875139144,153937,6,2,2,True,True,furia-vs-betboom-m2-cache,pro,de_cache,153943,372a892754,m4a1_silencer,True,False,False,False,False,False,0.0,0.0,0.0,rifle,0.476020497098319,False,153745
8.522208666310588,2.679389339061208,3.619824158055261,271.55418375733933,0.2108143325776319,0.302790602316497,0.0464342134902334,65,10.10003609630336,14.506727748949832,17,2743.024123666153,63.5664619004293,162.29516071297644,55161,0,1,1,True,True,match730_003845848209444307084_2046226831_274,own,de_dust2,55161,71f78fbbc6,awp,False,False,False,False,False,False,28.0,0.0,0.0,sniper,0.47587353655708353,False,54969
72.65298112632442,13.060808662480689,9.199551276004565,1158.9128916670184,1.7677506855446887,1.3743872373604011,0.5898636229013912,61,30.085961178042464,23.382297313595988,0,967.0011807206798,23.782386666448904,460.5274725821281,46833,0,1,1,True,True,match730_003845848209444307084_2046226831_274,own,de_dust2,46833,3a84a7ef32,awp,False,False,False,False,False,False,59.0,0.0,0.0,sniper,0.4758291751973858,False,46641
40.3427355318888,6.764125752471118,0.0,1575.0607937028412,1.8985716321895116,1.7503663859203225,0.6031289535526014,48,25.560665063383123,23.627471866975224,0,768.3351858252346,148.93671238885534,319.2988128339685,78061,0,1,1,True,True,aurora-vs-9z-m2-mirage-p1,pro,de_mirage,78061,c1c75a4da6,m4a1_silencer,False,False,False,False,False,False,0.0,0.0,0.0,rifle,0.47582404972503045,False,77869
29.955915548907715,7.939114417625342,2.1420551606776628,1015.6785951300938,0.6440547563764449,0.8756487978220842,0.475830660283371,35,5.944703652541801,8.080561019158186,32,513.3048061865824,128.81492192704962,267.33831683005707,111545,13,2,1,False,True,astralis-vs-fnatic-m1-dust2,pro,de_dust2,111558,ca06492643,glock,True,False,False,False,False,False,0.0,0.0,0.0,pistol,0.47560727007412534,False,111353
239.70458220843412,76.02176707531592,3.38965689161602,4177.791981004062,9.74906680949314,11.401782434447288,1.4234211090293878,0,58.0343725813883,72.48638438526157,0,334.9805821014951,103.24486658643004,413.6010549367351,64498,75,9,2,False,True,match730_003845721267390906757_0873910189_273,own,de_anubis,64573,dd54131796,tec9,True,False,False,False,False,False,24.0,0.0,0.0,pistol,0.47555880180335075,False,64306
14.986328125,3.785229189219258,6.998069782809019,800.1875,0.3283069543611687,0.4291730151673179,0.2344215290415484,33,5.719072839856502,7.475771656585778,20,988.5755774666364,73.09385949729864,294.5724722067593,58600,0,1,1,True,True,match730_003831793800846508273_1359762374_161,own,de_mirage,58600,237144b7d2,ak47,False,False,False,False,False,False,40.0,1.0,0.0,rifle,0.4754153521358065,False,58408
1264.200063170685,142.663720329206,121.24289897875322,38818.26443475243,2.832972892296689,6.216767707551087,2.832972892296689,1,14.281900430437783,31.226808423479724,2,288.4723959811345,27.57721649888241,90.48223890249464,94595,0,1,1,True,True,aurora-vs-9z-m1-dust2,pro,de_dust2,94595,fea287be28,ak47,False,False,False,False,False,False,0.0,0.0,0.0,rifle,0.4753801637570682,False,94403
18.68583881050037,2.900399798565836,14.995120651950304,405.5693945509048,1.4071097438678766,1.5373728770485953,1.4071097438678766,30,29.93549039009045,32.76142454759975,0,1218.6240894385355,83.45317729191709,153.70973027667716,70954,13,3,1,False,True,aurora-vs-9z-m2-mirage-p1,pro,de_mirage,70967,b793b85286,ak47,True,False,False,False,False,False,0.0,1.0,0.0,rifle,0.47520741978733044,False,70762
110.0263437847376,43.67192603114329,22.519653415169657,1949.125393768826,10.704112376567988,11.577947552624876,0.3128558478181719,0,83.44725881902721,88.64141655701874,0,441.4577333950199,40.3697995951166,51.85969216330066,135186,43,6,2,False,True,furia-vs-betboom-m2-cache,pro,de_cache,135229,372a892754,m4a1_silencer,True,False,False,False,False,False,0.0,0.0529498159885406,0.0,rifle,0.47519243922811905,False,134994
744.2738615393961,123.51259543237808,104.74338852023465,31535.02288499224,3.153942102116699,9.240725441559832,3.153942102116699,0,26.16568056986513,79.43145186271707,0,474.6835118388642,153.26880405319474,208.504523900722,16149,71,9,6,False,True,match730_003846055312767320440_2034169741_274,own,de_nuke,16220,9f3aebc0e3,elite,False,False,False,False,False,False,12.0,0.0,0.0,pistol,0.47516527956038074,False,15957
16.4794921875,5.2791797764632,3.12580589421493,528.75,2.200348290957137,1.9942685824912083,0.9470199349816428,44,34.52150553849685,31.49712377832362,0,898.4238872913637,118.7234007262461,164.04149561000125,107538,6,2,1,False,True,match730_003829380948349157814_1390656678_161,own,de_dust2,107544,f3383df9e7,ak47,True,False,False,False,False,False,41.0,0.0,0.0,rifle,0.47511800984542507,False,107346
1062.00393649672,153.47059717633294,142.20624238848376,39900.7534293086,1.510509689871303,3.2872639339650007,1.4528199652682732,1,11.676639538245874,25.549299716755986,1,442.30127251083775,176.690743120957,359.87755091913937,122592,17,4,1,False,True,aurora-vs-9z-m2-mirage-p1,pro,de_mirage,122609,fea287be28,galilar,False,False,False,False,False,False,0.0,0.0,0.915910005569458,rifle,0.47503514473981073,False,122400
123.99806929534984,26.60296795603645,12.879159036491552,3164.2836728301418,0.8496318551210876,1.199950239862463,0.8496318551210876,22,3.598474263890416,5.139568860855733,31,242.3111051061996,44.58260481957264,189.15069180328652,68226,0,1,1,True,True,luminosity-vs-nemiga-m1-cache,pro,de_cache,68226,456b773fab,awp,False,False,False,False,False,False,0.0,0.0,0.0,sniper,0.47501019277720424,False,68034
622.2728074784167,63.33622068192753,36.40415438094727,18086.209678618667,9.964185321589552,9.030708650646606,3.625833952980845,0,70.9455211067911,65.26276535224255,0,403.62506290624617,114.84971330702072,194.56781193497832,107668,51,9,1,False,True,match730_003829380948349157814_1390656678_161,own,de_dust2,107719,f41ec87e6d,ak47,True,False,False,False,False,False,71.0,0.0,0.9310609698295592,rifle,0.47498428924643915,False,107476
553.5297485264006,84.44372242645665,169.5647768568841,18122.823201803712,11.657183062382448,13.62289852993576,0.8839365245931414,0,52.32439136765836,62.26460420195398,0,253.0558182252943,154.02461721642854,469.9516732387105,102541,116,18,5,False,True,match730_003846095210866016783_0292086677_161,own,de_ancient,102657,26d15ffc47,ak47,False,False,False,False,False,False,38.0,0.0,0.0,rifle,0.4748907261668644,False,102349
1019.3459168665502,123.58610650426404,30.441768302181643,37402.07265274575,1.256084349425226,2.00359907253232,1.256084349425226,13,10.303310382641564,16.364241225128463,12,468.38929387994506,4.607598513831453,52.04275510049487,132116,6,2,1,False,True,aurora-vs-9z-m2-mirage-p1,pro,de_mirage,132122,7a9df6b20d,ak47,True,False,False,False,False,False,0.0,0.0,1.0,rifle,0.47472865870646996,False,131924
90.73553881745408,14.129040910462304,1.083984375,2818.696485719828,0.3944549524042893,0.4122612518015219,0.3944549524042893,36,8.755723578102678,9.1509838331342,24,1271.7725846748383,12.611474434127544,199.3995207026385,17526,30,3,3,True,True,aurora-vs-9z-m2-mirage-p1,pro,de_mirage,17556,6e8537eb46,ak47,False,False,False,False,False,False,0.0,1.0,1.0,rifle,0.4747199018624286,False,17334
9.149031101061784,2.400928287534612,0.0,315.85233488614006,0.3138943983855681,0.2604809613544204,0.2325732913450522,65,10.131667137892952,8.407561961283326,22,1845.3579488066537,107.70429050466186,308.9969803736745,30990,0,1,1,True,True,match730_003845735833772490759_0956054515_272,own,de_inferno,30990,baaaf134bc,awp,False,False,False,False,False,False,15.0,0.0,0.0,sniper,0.4746653636616261,False,30798
82.86557555229022,5.526161422655901,41.22088352817705,5303.396835346574,1.6399681425415302,1.2517744200908578,0.5476631041671034,40,18.25331497089329,14.10109143158942,22,637.4822627920261,46.61089069226188,40.60918659861484,77218,17,3,3,True,True,match730_003846114907586035842_2006638891_196,own,de_mirage,77235,ccfd5f1e85,m4a1_silencer,False,False,False,False,False,False,38.0,0.0,0.0,rifle,0.47459105106826627,False,77026
18.720703125,4.138186383531727,11.760287284347074,776.7639305650853,1.009046237909646,1.1831110166305578,0.2441428903058977,65,21.138728650909545,24.769550237643987,0,1200.1491105702232,76.20515323347087,53.0028525232696,114911,60,9,5,True,True,aurora-vs-9z-m2-mirage-p1,pro,de_mirage,114971,fe43c71f39,galilar,True,False,False,False,False,False,0.0,1.0,0.0,rifle,0.4744047225083273,False,114719
1112.6837862018467,106.88315272080098,130.50401639990116,19855.47942584903,2.781084340200399,7.300567058846362,2.781084340200399,1,29.79004251595775,78.37267300820568,0,605.3282025697883,55.82603108772847,22.165511494704504,221064,19,4,2,False,True,furia-vs-betboom-m2-cache,pro,de_cache,221083,0f3b1e9da0,ak47,False,False,False,False,False,False,0.0,0.0,0.0,rifle,0.4742868555853084,False,220872
186.05860040567796,15.945052595832976,17.523148618060063,5265.583340438371,0.4666859597758798,0.4484688887983239,0.208461361014609,40,7.363267439603897,7.075434045388479,27,899.1642713492008,11.774780983202056,256.76113560736684,68571,7,2,2,True,True,astralis-vs-fnatic-m2-ancient,pro,de_ancient,68578,95b933ed7c,ak47,True,False,False,False,False,False,0.0,0.0,0.0,rifle,0.47426176452667757,False,68379
22.962887074089892,7.908214098024976,4.247207799316283,788.90625,0.6085167192100505,0.675231308289231,0.6085167192100505,41,12.154036884344636,13.497017173472369,28,1139.931439739148,47.983372618690126,150.3300824117114,75829,12,3,3,True,True,match730_003833678395988770820_2132169428_161,own,de_dust2,75841,5a6218ec0c,m4a1,True,False,False,False,False,False,45.0,0.0,0.0,rifle,0.47421516885989473,False,75637
641.9361528492592,154.35041132676616,10.242797655701276,16848.75779376018,1.0349402482943395,1.0686279400174463,0.5548098185085235,20,21.2517870659787,21.900239399199183,0,1173.7590870973636,42.36854275931104,54.3315737855409,46172,35,6,2,False,True,aurora-vs-9z-m1-dust2,pro,de_dust2,46207,9885584175,m4a1,True,False,False,False,False,False,0.0,0.5218149423599243,0.0,rifle,0.4740970981296153,False,45980
781.5091101688361,94.61468882136708,11.683242968625954,22643.905601157818,2.7481184993422403,2.505199854626099,2.28585846496312,17,43.35474235547724,40.091358420501095,0,892.8933813652761,200.6133522188448,654.3508869207434,72678,55,6,1,False,True,luminosity-vs-nemiga-m2-dust2,pro,de_dust2,72733,74c7d1f104,ak47,True,False,False,False,False,False,0.0,0.0,0.0,rifle,0.47406008368546343,False,72486
100.328125,18.87702484438062,23.1626484542514,3146.473902369612,0.7081841216464586,0.4588697301573738,0.0682017791409854,42,8.127706718855318,5.265248007772809,39,657.1941464873645,33.342670438726216,244.6140082777493,35874,0,1,1,True,True,match730_003846095210866016783_0292086677_161,own,de_ancient,35874,abfcba6be4,awp,False,False,False,False,False,False,18.0,1.0,1.0,sniper,0.4739302608307146,False,35682
10.661701497167195,3.1274665542398,4.937252696632472,405.5697363341036,0.1830884621802875,0.3530881726171812,0.1802167616236848,65,8.692049966316063,16.76293855664514,5,2718.9752010571506,7.48254816588882,548.1430033743289,61258,0,1,1,True,True,match730_003833678395988770820_2132169428_161,own,de_dust2,61258,5a6218ec0c,awp,False,False,False,False,False,False,45.0,0.0,0.0,sniper,0.47388850622866907,False,61066
27.473842595777157,7.010025805951823,2.8125,1325.609535506214,0.362147420826758,0.4829679999752171,0.3011672097132634,65,9.293348805253874,12.394187402700066,11,1470.237136849917,111.35807292467004,267.5055526822286,127939,0,1,1,True,True,match730_003829380948349157814_1390656678_161,own,de_dust2,127939,ba3ac6a90d,ak47,True,False,False,False,False,False,46.0,0.0,0.0,rifle,0.47375191045249027,False,127747
13.867566015960811,5.279292554592169,5.4345703125,521.625,3.341209265585896,3.3053575636213344,3.238243807776697,0,39.27733033357994,39.26763826279654,0,656.5611901223672,110.03945328924526,532.2921700961439,151174,38,7,4,True,True,luminosity-vs-nemiga-m1-cache,pro,de_cache,151212,d61b8b9081,ak47,False,False,False,False,False,False,0.0,0.0,0.0,rifle,0.47373938941345073,False,150982
958.009851520511,171.4445367567825,7.226367420351202,24011.63207648616,4.499499812587294,3.1916686038510056,0.3360378434441986,0,33.37841625813272,23.64505084189253,0,424.0069607261315,154.16666800805422,281.8531338242764,122778,39,7,4,False,True,match730_003846095210866016783_0292086677_161,own,de_ancient,122817,bea1536d33,ak47,True,False,False,False,False,False,37.0,0.2151210308074951,0.0,rifle,0.4736954189964387,False,122586
92.20762088961222,24.394167930212337,71.94499467020769,2269.098620770206,1.887856888654931,5.189421351972363,1.887856888654931,2,36.74451670983233,101.48381717697282,0,1113.1540839665422,232.97502922887696,344.1214986560878,101138,54,8,1,False,True,match730_003845735833772490759_0956054515_272,own,de_inferno,101192,68a903afd4,m4a1_silencer,False,False,False,False,False,False,32.0,0.0,0.0,rifle,0.4735417237299157,False,100946
74.55119891670564,7.988731820698189,18.38978063267589,4158.718863101739,0.2059639402112839,0.9910728010408224,0.2059639402112839,50,6.887570125293096,33.23120713356798,2,1899.68705869238,82.86576358810588,219.6958589914062,23991,0,1,1,True,True,aurora-vs-9z-m2-mirage-p1,pro,de_mirage,23991,fea287be28,awp,False,False,False,False,False,False,0.0,0.0,0.0,sniper,0.4729578511641023,False,23799
17.285760494382092,3.2845700233175044,2.2998046875,630.5253827758653,1.1329504872605287,1.338904299843749,0.7895775870442112,65,21.84724063777652,25.81887437831213,0,1104.5519775211956,34.31833017373726,318.78143064374314,85250,0,1,1,True,True,match730_003845848209444307084_2046226831_274,own,de_dust2,85250,8a33bc3a37,deagle,True,False,False,False,False,False,19.0,0.0,0.5570934414863586,pistol,0.47294608908831076,False,85058
90.85380865940748,27.127818712221625,3.067010311194959,5814.643754202079,0.6709185840416149,0.7745679745533665,0.6709185840416149,26,20.625212656194577,23.81187439121303,0,1761.2290950540812,17.94507146271082,170.4556708223236,76507,0,1,1,True,True,match730_003846095210866016783_0292086677_161,own,de_ancient,76507,abfcba6be4,awp,False,False,False,False,False,False,18.0,1.0,0.0,sniper,0.47281252540228685,False,76315
33.7939453125,5.627865899694777,0.0,1551.4135885630806,2.838240219427548,2.8762085312647985,2.584134685605333,9,29.45764514307103,29.82559492746293,0,591.3144959863641,121.22869976732446,280.01038769603093,82780,0,1,1,True,True,match730_003846087479924883540_0606572273_161,own,de_mirage,82780,9c0b0079af,deagle,True,False,False,False,False,False,6.0,1.0,0.5020796060562134,pistol,0.47276631457528995,False,82588
1077.12252808396,227.8967616380963,27.094950266615516,24983.925607314806,1.5736239661353797,7.042522987470624,1.5736239661353797,5,8.481567001246045,39.277432821841046,5,308.6727316242765,13.5707851624185,288.87230461411167,97143,29,6,2,False,True,match730_003829380948349157814_1390656678_161,own,de_dust2,97172,857d0f207c,m4a1,False,False,False,False,False,False,38.0,0.0,1.0,rifle,0.4725261702766626,False,96951
22.78387898580287,1.8518544072528127,16.65694371348659,536.2020646863341,1.100844392971675,2.090697237661729,1.100844392971675,33,21.99878766567792,41.796612886645214,0,1143.3986667717309,47.06139155977341,251.00721920271985,25860,0,1,1,True,True,aurora-vs-9z-m2-mirage-p2,pro,de_mirage,25860,4044fff327,awp,True,False,False,False,False,False,0.0,1.0,0.0,sniper,0.4723456494182875,False,25668
375.3437762782484,82.78371430905378,22.262323221250416,12433.597403498909,3.719578486358124,3.716901217124904,2.8435233254638432,0,64.63373976481498,64.22357404147866,0,990.0078235973734,141.895912880886,58.030310378770565,139844,19,4,1,False,True,luminosity-vs-nemiga-m1-cache,pro,de_cache,139863,f730a5e684,m4a1_silencer,True,False,False,False,False,False,0.0,0.0,0.0,rifle,0.4721623940724529,False,139652
57.51036260356226,14.294484439248022,26.65033932644701,2316.792552879526,0.6704564679684378,0.2941273542917843,0.0296613296565741,32,7.43722206933704,3.263358390306052,29,635.4305688002178,43.13870353474954,208.66484729744127,35175,26,5,4,True,True,match730_003845721267390906757_0873910189_273,own,de_anubis,35201,ba2f9f431e,ak47,False,False,False,False,False,False,23.0,0.0459207072854042,0.0,rifle,0.47187762389802923,False,34983
1009.2398159187958,146.05457998883475,15.775029121882708,35687.155452481704,0.6669790797077948,1.8050811564266624,0.472597726029259,8,6.267685659320298,17.003174169780007,6,531.9755720367473,152.88725694329705,995.620899304806,3545,0,1,1,True,True,match730_003846224175849013887_1403891103_383,own,de_anubis,3545,2b34888ce8,deagle,True,False,False,False,False,False,68.0,0.0,0.0,pistol,0.4718021986902002,False,3353
23.053243500729582,9.813996034908806,2.540024043371823,388.76832021797816,3.0932297676085514,2.8757692417085177,2.32804568782418,0,33.861960497133154,31.297263726568143,0,626.4835947506045,74.02803932987739,60.81778737597959,5842,20,2,1,False,True,aurora-vs-9z-m2-mirage-p1,pro,de_mirage,5862,b793b85286,usp_silencer,True,False,False,False,False,False,0.0,1.0,0.0,pistol,0.4717096257197642,False,5650
998.674553618039,195.89413695084863,109.2056177012906,25244.40053024504,3.0645009436145227,8.223462748443293,3.0645009436145227,0,15.331751203466622,41.10798859328965,1,278.478611117279,43.86155870647194,67.84281938651814,21907,26,5,4,False,True,aurora-vs-9z-m2-mirage-p1,pro,de_mirage,21933,6c2b13b080,m4a1_silencer,False,False,False,False,False,False,0.0,0.0,0.3232421875,rifle,0.4715797268482078,False,21715
248.158203125,30.38800970101165,5.049476658800515,7677.655386536528,1.0600412119709006,1.366677866678971,0.639551007261573,26,30.03371673236685,38.72481633042186,0,1623.1196828659345,220.41999616726892,890.2736831106397,87702,23,5,2,False,True,match730_003831793800846508273_1359762374_161,own,de_mirage,87725,03d8a6e44d,m4a1,True,False,False,False,False,False,46.0,0.0,0.0,rifle,0.47095385027060127,False,87510
17.16538760904626,2.951308128159112,11.47686856650069,1098.5848069789606,2.283753639607629,1.9263350722034656,0.8447534186383215,52,36.84291146309318,31.1995802238336,0,915.536404769826,91.3747266209434,453.3929862943549,75377,26,5,2,False,True,match730_003846114907586035842_2006638891_196,own,de_mirage,75403,b372556378,ak47,True,False,False,False,False,False,10.0,0.0,0.0,rifle,0.47090816091660753,False,75185
22.71875,5.797529675506189,0.0,727.0,1.4871922816370633,1.248231736133782,0.789562920462593,25,25.90386691776356,21.95599909527596,0,994.0094775975527,192.16347033678304,664.4635191547153,12370,39,5,3,False,True,match730_003845735833772490759_0956054515_272,own,de_inferno,12409,c0d4e00ddc,ak47,True,False,False,False,False,False,4.0,0.0,0.0,rifle,0.47089087226944065,False,12178
749.1542992302113,58.954689689584384,30.967034752583668,20930.566512776026,0.2768429290498971,1.315303911874536,0.23272322150544,34,4.864118971735207,23.135988881585227,3,1005.9131614636646,141.2071679395185,171.85036964716133,43024,32,6,4,False,True,astralis-vs-fnatic-m2-ancient,pro,de_ancient,43056,dd32420517,ak47,False,False,False,False,False,False,0.0,0.0,0.0,rifle,0.47079282883305934,False,42832
859.5514910926377,132.63628732302948,92.08788608496025,15971.263067857955,3.2114792277358557,5.754837668952589,0.9914189263884002,0,38.685665485304106,70.14911321201957,0,689.2302897462215,61.3374440453793,332.42076911753526,137267,50,5,2,False,True,astralis-vs-fnatic-m1-dust2,pro,de_dust2,137317,c023f685ab,usp_silencer,True,False,False,False,False,False,0.0,0.0,0.0,pistol,0.47074411418342,False,137075
116.27609352318554,24.361335612828395,38.90618051946039,2983.186623785393,10.719009067991346,10.908108990578883,3.2996215873073798,0,85.80608664588027,89.81169657815033,0,452.76421552930327,228.18210566594715,1143.6432554089338,139961,19,4,2,False,True,luminosity-vs-nemiga-m2-dust2,pro,de_dust2,139980,798c33b296,m4a1_silencer,False,False,False,False,False,False,0.0,0.0,0.0,rifle,0.4707324395471683,False,139769
14.795741294603936,0.6459606736148671,9.640746970267784,335.9663020077073,0.2398616342409477,0.3422855106232507,0.1441427852891408,65,9.432191732195738,13.460887342796616,19,2244.575891948906,170.1598095818335,991.932402722091,125411,0,1,1,True,True,luminosity-vs-nemiga-m2-dust2,pro,de_dust2,125411,c4ceacecd8,awp,True,False,False,False,False,False,0.0,0.0,0.0,sniper,0.4706606703536733,False,125219
958.6750368755188,176.4003985440245,9.85017483577012,19794.204094374705,4.664758726693504,5.261715532058083,3.251980131201836,0,35.82906682825771,40.101363439238185,0,420.59317899799214,95.88268691012752,103.69271110423924,46270,6,2,1,False,True,match730_003833682433258029322_1216037504_161,own,de_dust2,46276,c2d6ff7eff,ak47,True,False,False,False,False,False,48.0,0.0,0.0,rifle,0.47063250639074405,False,46078
89.6243113101585,11.038497980311512,14.802176465826784,2795.159689582796,1.0817052456090075,0.720197114841748,0.3633748456681757,21,5.623628753718578,3.730590443520298,26,297.56188356657907,76.82476947361194,396.7418372735208,46304,7,2,2,True,True,aurora-vs-9z-m2-mirage-p2,pro,de_mirage,46311,6c2b13b080,ak47,True,False,False,False,False,False,0.0,0.0,0.0121572501957416,rifle,0.4705484484741614,False,46112
281.8702633072777,26.108144133604323,8.982368102355705,9122.130350140067,1.0029779557096483,0.5488400286324486,0.2834009509078845,16,28.48520092184499,15.57648110622323,0,1626.5974583141865,146.77088460318782,375.3182427120647,66645,52,7,3,False,True,furia-vs-betboom-m2-cache,pro,de_cache,66697,0f3b1e9da0,ak47,False,False,False,False,False,False,0.0,0.0,0.0,rifle,0.4704968235940273,False,66453
21.198432824851377,10.311884163738055,19.44175990639066,718.789330420951,0.2558093231701843,0.498824897950081,0.2558093231701843,36,5.406112972264929,10.537172408512484,10,1210.6758366907336,118.10632128076044,594.0029814121991,2490,21,3,2,True,True,match730_003833682433258029322_1216037504_161,own,de_dust2,2511,b85c895d2b,glock,False,False,False,False,False,False,56.0,0.0,0.0,pistol,0.4701922921679831,False,2298
61.439055383344765,6.087117675231861,0.0,2151.518761255404,5.278165941175768,5.173410648635612,3.834258119591338,0,35.71812625819271,34.99361942377408,0,386.49542211638266,71.27455277387166,857.0283979430335,27900,0,1,1,True,True,match730_003829380948349157814_1390656678_161,own,de_dust2,27900,9a711e878c,galilar,True,False,False,False,False,False,40.0,1.0,1.0,rifle,0.47017462413523514,False,27708
45.1316647772436,9.661323755236918,3.599528600506725,1622.8125,0.1832844806787258,0.4952852389183994,0.1831414088739676,64,4.442441103767263,12.005178675343291,10,1388.7245345246704,45.14675849933228,353.83390298292034,92501,0,1,1,True,True,astralis-vs-fnatic-m2-ancient,pro,de_ancient,92501,95b933ed7c,usp_silencer,True,False,False,False,False,False,0.0,0.6376299262046814,0.9074573516845704,pistol,0.470023952480375,False,92309
16.4076124806278,2.822722800268222,11.59591333324257,431.75,4.743235007438791,3.448649479966387,1.592152255785775,0,31.74071362838526,23.4258795864123,0,382.32059875530825,232.96964390008665,801.4834296143955,7526,13,2,1,False,True,match730_003846114907586035842_2006638891_196,own,de_mirage,7539,1c49a0cc75,usp_silencer,True,False,False,False,False,False,20.0,0.0,0.0,pistol,0.469969652513765,False,7334
293.87474780150984,45.41323512018292,7.019982819706702,9234.491820119369,1.2952230739820023,1.301313377105512,0.9636634768753868,25,13.7965861138362,13.863174634602576,22,601.208746125961,29.844762040948844,143.39762743749924,102176,0,1,1,True,True,aurora-vs-9z-m1-dust2,pro,de_dust2,102176,7a9df6b20d,awp,False,False,False,False,False,False,0.0,1.0,0.0,sniper,0.4699101063466071,False,101984
61.61492317559578,14.891472627378215,37.419376416736775,2070.986887201102,1.8547091730219427,2.6595186330822798,1.0304610023767855,9,8.358866993290727,12.425797686975203,29,257.81483418064016,114.39018709564382,456.4121155626744,91450,19,4,3,True,True,match730_003846055312767320440_2034169741_274,own,de_nuke,91469,b3b8926d79,ak47,True,False,False,False,False,False,26.0,0.0,0.0,rifle,0.46964026547028637,False,91258
684.1042708872658,140.23059133976275,160.81237364868642,16245.03068676332,0.9681017107633646,10.232096419003769,0.9681017107633646,2,5.373261192899583,59.23606803878911,2,317.72296428814394,64.8509842426033,503.1100651417868,69968,0,1,1,True,True,aurora-vs-9z-m2-mirage-p1,pro,de_mirage,69968,ac7afcf085,tec9,True,False,False,False,False,False,0.0,0.0,0.4406725764274597,pistol,0.4695922715851174,False,69776
29.880430246776616,2.3741365746479217,19.976690748059514,992.1095740414185,0.7729230072090275,1.178317074213056,0.6860227361021943,65,21.36588810043001,32.575718219462004,0,1578.247295933347,93.73797641187129,133.18229328690634,42171,0,1,1,True,True,match730_003845848209444307084_2046226831_274,own,de_dust2,42171,3a84a7ef32,awp,False,False,False,False,False,False,59.0,1.0,0.0,sniper,0.4694198857831007,False,41979
37.73134455230629,14.472925142166307,9.07695875165402,1004.4844794356884,1.0864556960317282,0.6467766958631848,0.0476985155337953,22,12.424991729483532,7.454631803340066,12,655.170430422528,22.11379448661684,41.77471104459316,29274,4,2,2,True,True,match730_003833682433258029322_1216037504_161,own,de_dust2,29278,c2d6ff7eff,mac10,False,False,False,False,False,False,48.0,0.2977419793605804,0.0,smg,0.46920899956013945,False,29082
406.77459974993104,36.491294453623446,283.79131562856264,8935.406278080703,2.4867199996705813,18.770726990786915,2.4867199996705813,1,10.085488312100686,79.20231689027527,2,232.0640340126633,86.84544995619488,279.5773650806083,156152,32,6,3,False,True,furia-vs-betboom-m2-cache,pro,de_cache,156184,372a892754,m4a1_silencer,True,False,False,False,False,False,0.0,0.0,0.0,rifle,0.46916646352548663,False,155960
1173.8515056833944,223.2092056560581,42.6125423151617,23030.924507913653,1.55008229823153,2.0464183697817493,0.6341982337192213,14,17.72589194950709,23.40281606404271,3,654.9252848313059,57.41573971463163,129.99620842858027,50926,23,5,4,False,True,match730_003846114907586035842_2006638891_196,own,de_mirage,50949,1c49a0cc75,m4a1,False,False,False,False,False,False,20.0,0.4570828974246979,1.0,rifle,0.4691069109913081,False,50734
4.117338087306671,0.9297837031603684,1.4430450449082075,197.41588758762697,0.3581075246558006,0.4342427535993353,0.3552759647423305,64,11.518693024540545,13.96733014689445,10,1842.8689067717107,87.71878069413712,150.60583759599592,21298,0,1,1,True,True,match730_003833682433258029322_1216037504_161,own,de_dust2,21298,8a33bc3a37,ssg08,True,False,False,False,False,False,10.0,0.0,0.0,sniper,0.46900600087124983,False,21106
283.7530924775582,45.95593691479117,9.434652683492226,6271.038999267127,0.8600655113274589,1.3056898944065645,0.8600655113274589,25,19.15487579720656,29.229893662773964,1,1245.9312054358722,33.05136559565051,175.05196997255695,13541,0,1,1,True,True,match730_003846055312767320440_2034169741_274,own,de_nuke,13541,0218c18796,ssg08,False,False,False,False,False,False,33.0,0.0,0.0,sniper,0.46892792298584685,False,13349
227.56535115036613,13.399383250731082,48.86699169349036,12065.851723871465,0.4674234809570868,1.8962242216283336,0.4674234809570868,42,8.983794393908928,36.49813723125576,2,1101.1156505278764,198.9685207253014,265.6642130294781,118243,7,2,2,True,True,luminosity-vs-nemiga-m1-cache,pro,de_cache,118250,590a913841,m4a1_silencer,False,False,False,False,False,False,0.0,0.0,0.0,rifle,0.4688634122679068,False,118051
21.260639197608366,4.664108561352196,12.844065791871133,728.5,0.697806580078662,0.8291897166172655,0.661948139480325,65,12.475897478867711,14.797428417816212,9,1024.075378826395,38.36924181019138,258.81990180139434,165498,6,2,1,False,True,luminosity-vs-nemiga-m1-cache,pro,de_cache,165504,3b306c71b2,ak47,True,False,False,False,False,False,0.0,0.0,0.0,rifle,0.4688366188135251,False,165306
230.923485079012,31.49941428512497,11.569563854001052,10451.942917385524,2.749308794168855,2.1187299558503025,0.9404213079140366,1,24.36679804402437,18.816522181815778,0,507.3452105912765,161.46824100296513,413.99150162095685,43277,0,1,1,True,True,match730_003829380948349157814_1390656678_161,own,de_dust2,43277,f41ec87e6d,awp,False,False,False,False,False,False,73.0,0.0,0.0,sniper,0.4687207755230388,False,43085
983.628480506854,125.61059868594268,18.720703125,27561.27972148691,0.6094909133621228,1.2001088956389174,0.5607890123857582,21,9.688387292493289,19.063441223191194,4,910.2763276036824,142.15233593874285,486.5466191748756,17854,0,1,1,True,True,furia-vs-betboom-m2-cache,pro,de_cache,17854,52f704f8ce,ak47,True,False,False,False,False,False,0.0,0.0,0.0,rifle,0.4687205766646712,False,17662
250.22476557616696,36.04813967254668,16.355285398318614,12657.964738157818,1.2039745145826484,1.483941647191113,0.3504743191805812,47,19.96400218820697,24.61992055625516,1,949.850200701407,100.0476676774906,413.9580615231871,64440,0,1,1,True,True,match730_003833678395988770820_2132169428_161,own,de_dust2,64440,8a33bc3a37,deagle,False,False,False,False,False,False,9.0,1.0,0.0,pistol,0.46860911429774216,False,64248
130.13341019758772,21.75177704143551,1.998729645376848,3152.183794492382,0.3819232851954335,0.2513495936795607,0.0804488188968886,30,11.317698387143754,7.447089238172774,11,1697.7972916287624,58.93977448189774,110.74134425108078,27307,0,1,1,True,True,match730_003846055312767320440_2034169741_274,own,de_nuke,27307,b9026ee78e,m4a1_silencer,False,False,False,False,False,False,18.0,0.0,0.0,rifle,0.4685541237607318,False,27115
119.4287617399801,33.55433240777152,0.9826470604247124,4154.173809571557,1.197074478497772,1.1423510637963397,0.5478062168853615,30,21.3946660505998,20.41524271435995,0,1022.8264880590586,15.84804630112697,441.1936652305805,30437,0,1,1,True,True,match730_003846087479924883540_0606572273_161,own,de_mirage,30437,7a2108eafc,ssg08,True,False,False,False,False,False,19.0,0.0,0.0,sniper,0.4684804743089074,False,30245
221.6886771477075,80.62042435354826,88.19451347699987,7394.90368674024,1.1908365153252385,3.3466728711121894,0.9017021715712428,3,13.11661352954298,36.937519256991735,3,617.0821104110033,1.2270410167103476,645.2084264800478,59741,0,1,1,True,True,match730_003846087479924883540_0606572273_161,own,de_mirage,59741,7a2108eafc,ssg08,True,False,False,False,False,False,19.0,0.0,0.0,sniper,0.4683286561510659,False,59549
40.6297137533475,11.695129018776337,14.27085688659548,2062.934851822416,0.6905910714527679,0.5256283842416881,0.147024917579153,57,10.797052862700898,8.173652397122163,26,895.5770646760307,68.90100398518854,68.67148226680781,23147,26,5,5,True,True,furia-vs-betboom-m1-mirage,pro,de_mirage,23173,6c3df85cda,m4a1_silencer,False,False,False,False,False,False,0.0,0.0,0.0,rifle,0.468222162354371,False,22955
8.08119063801806,1.294292764797152,2.0436197916666665,230.59098665169023,0.2426546619301386,0.1246921613296831,0.0048929969246901,65,4.9636072125661705,2.550159616812898,19,1171.8645538399182,90.92074444260572,349.6871725147393,106219,0,1,1,True,True,match730_003845735833772490759_0956054515_272,own,de_inferno,106219,baaaf134bc,awp,False,False,False,False,False,False,15.0,0.0,0.0,sniper,0.4681709306251534,False,106027
307.98884572849414,19.388668595692145,168.8872035851078,9318.889672176449,2.1884308848771856,10.534874292205451,1.4604688807482804,3,23.96503004687802,119.72846210913926,0,627.0655742951973,165.7782847325136,166.4430295032159,34738,12,3,3,True,True,astralis-vs-fnatic-m2-ancient,pro,de_ancient,34750,f100e9403c,ak47,False,False,False,False,False,False,0.0,0.0,0.0,rifle,0.4680670732695273,False,34546
14.78759765625,2.664105251179256,3.602183643012417,946.40625,1.0380305265631766,0.9901557146241882,0.2496820093716254,52,22.28727808390012,21.327612681510043,0,1230.0447368550788,118.06359271737094,213.68526976703396,93809,12,3,2,False,True,aurora-vs-9z-m1-dust2,pro,de_dust2,93821,9885584175,m4a1,True,False,False,False,False,False,0.0,1.0,1.0,rifle,0.4678487149848602,False,93617
17.2455299501292,3.974986817606784,2.3625126593338632,663.5264168082688,1.7815540367647442,1.2075752911685345,0.3607867558056841,65,23.587524088425518,16.019914523673737,0,753.4563892713409,45.73098130550579,201.15651714409032,18766,22,2,2,True,True,match730_003846224175849013887_1403891103_383,own,de_anubis,18788,2b34888ce8,deagle,False,False,False,False,False,False,68.0,0.0,0.0,pistol,0.4678170259784708,False,18574
113.15197991945338,34.074660598457825,26.72375998336196,4551.273409492692,2.455992887543369,4.706193931429434,0.4624932902446491,3,48.6074264969149,93.17616117968858,0,1132.508136436533,208.76235878136876,690.4391163154704,9870,22,3,2,False,True,match730_003845848209444307084_2046226831_274,own,de_dust2,9892,94ae0b8591,glock,False,False,False,False,False,False,53.0,0.0,0.0,pistol,0.4677253093366708,False,9678
161.06662718903192,56.06193547308591,89.84853380498878,3464.1153591437787,2.425373214079825,3.25901669177793,0.2691579448443578,3,11.674327485675764,15.688098868791652,15,275.1111305268332,39.10699786552692,69.35667993336762,211131,0,1,1,True,True,furia-vs-betboom-m2-cache,pro,de_cache,211131,52f704f8ce,awp,True,False,False,False,False,False,0.0,0.0,0.0,sniper,0.4676662401765426,False,210939
329.07480303306284,22.8161202987413,43.640452690506,10176.269898388253,1.28468776486769,2.1047152908689086,0.7058923751216067,54,15.344469509990526,25.24336636622055,1,684.0269097541891,216.6900041479538,340.7622630678095,60511,13,3,2,True,True,furia-vs-betboom-m1-mirage,pro,de_mirage,60524,a7745f74db,ak47,True,False,False,False,False,False,0.0,0.19724702835083,0.0,rifle,0.4674974178130743,False,60319
142.57110413203986,21.625479907477704,4.918355981636661,4133.153295456756,0.2753109391021378,0.8839407192835689,0.2753109391021378,59,4.879748694974442,15.689459117124036,6,1015.4427448103136,50.61121699658417,310.6271234465894,92126,0,1,1,True,True,luminosity-vs-nemiga-m2-dust2,pro,de_dust2,92126,3b306c71b2,glock,True,False,False,False,False,False,0.0,0.0,0.3580047488212585,pistol,0.4673793238111282,False,91934
267.51827084053,16.28988281306018,1.76513671875,9258.781349088496,1.0449659921172072,0.712243207890655,0.5058801681641455,32,18.931299682291797,12.970005818695691,18,1036.4810262750386,144.3706442855136,806.26061189612,36315,6,2,2,True,True,match730_003831793800846508273_1359762374_161,own,de_mirage,36321,ca729defe3,m4a1_silencer,False,False,False,False,False,False,71.0,0.0,0.0,rifle,0.46737646620940665,False,36123
338.5969722578635,51.38311978278364,1.5332368356438872,8925.643092873173,2.193169971772721,1.643171689119169,0.6737454687788078,26,25.389063752883168,19.035419274043093,0,662.1211314728079,17.48208066583715,326.63998966865205,43680,9,3,3,True,True,astralis-vs-fnatic-m2-ancient,pro,de_ancient,43689,fe19e6103c,mp9,False,False,False,False,False,False,0.0,1.0,0.0,smg,0.4670765132051798,False,43488
336.4096717731321,58.14357079547066,221.7690452890572,8066.895438366686,6.349948342720065,14.267160823093638,1.2200571849188149,0,36.86330295525522,83.27834401962836,0,331.00838537492456,235.0830045130168,641.8496355001458,76166,42,5,3,False,True,match730_003846055312767320440_2034169741_274,own,de_nuke,76208,f9d25d950a,glock,True,False,False,False,False,False,20.0,0.0,0.0,pistol,0.4669836123625223,False,75974
13.067081587919969,1.2020119101077649,6.848866962056264,478.6892350879248,1.0202417113262112,0.9278510048837944,0.7538517379057471,19,14.535773641943631,13.347956586354636,11,816.1431196056532,231.91437099633328,758.6590758224413,16779,0,1,1,True,True,aurora-vs-9z-m2-mirage-p1,pro,de_mirage,16779,6c2b13b080,deagle,True,False,False,False,False,False,0.0,0.0,0.0,pistol,0.4669250523130389,False,16587
13.99658203125,4.506987774822546,4.470898568920864,511.875,0.8655732524559743,0.9207581710156548,0.6819357312444742,65,17.764821009743212,18.901289634133757,7,1175.728591189663,100.21257625973274,405.1309060568142,111673,0,1,1,True,True,astralis-vs-fnatic-m1-dust2,pro,de_dust2,111673,3f5c0f1ef2,usp_silencer,True,False,False,False,False,False,0.0,0.0,0.0,pistol,0.46688814263030554,False,111481
20.720703125,3.913797703467019,10.671875,722.875,0.6340783034327326,0.6048732649820557,0.3292484091618439,46,14.141523752526988,13.488642683228742,16,1275.329410666463,98.8753512187932,114.61045045188808,121996,0,1,1,True,True,furia-vs-betboom-m2-cache,pro,de_cache,121996,6c3df85cda,famas,True,False,False,False,False,False,0.0,0.0,0.6070911884307861,rifle,0.4667190547019427,False,121804
438.504158532053,69.69003080257076,8.45418698349529,12260.007149434614,0.5461886508892086,0.6206636826548246,0.2778433479195283,39,12.88084419520602,14.639671128406132,7,1345.8725713062088,112.50055353664524,134.24981562960963,136194,60,5,2,True,True,luminosity-vs-nemiga-m2-dust2,pro,de_dust2,136254,d61b8b9081,ak47,True,False,False,False,False,False,0.0,0.0,0.0,rifle,0.46657153686437947,False,136002
766.9318462092241,78.02755198318762,48.19469492423131,34398.852765168056,5.453572112166241,5.816977813342199,0.7288910690497303,0,50.22479790695602,54.245474493956046,0,525.9694514120483,62.79730528734564,88.13897104848849,112218,10,3,2,False,True,match730_003846095210866016783_0292086677_161,own,de_ancient,112228,cd1c592f75,mp7,False,False,False,False,False,False,46.0,0.0,0.0,smg,0.46647687923762743,False,112026
7.411041785995747,1.258854007975618,3.414339755368257,133.0177377849173,0.4493185788662215,0.6280394170866918,0.4493185788662215,65,11.548542789451052,16.142445166874772,26,1471.4022411929434,35.4023498152051,95.23556613333687,36740,0,1,1,True,True,match730_003846095210866016783_0292086677_161,own,de_ancient,36740,cd1c592f75,ssg08,True,False,False,False,False,False,46.0,0.0,0.0,sniper,0.4662184790904054,False,36548
28.430623055097215,6.153298135036788,0.615234375,844.7691668193478,0.8702331191784546,1.7840675242125177,0.8702331191784546,9,6.327424121235228,13.199660092180798,8,411.82617900678594,199.80306772258493,944.536704254999,31544,20,4,4,True,True,match730_003829380948349157814_1390656678_161,own,de_dust2,31564,9a711e878c,ak47,True,False,False,False,False,False,40.0,1.0,0.0,rifle,0.46613066797909514,False,31352
504.2091404157841,85.75776643762592,2.6817968978273794,25722.230641989863,0.5025930747564599,2.306162607977225,0.5025930747564599,6,8.574844609481156,39.418737541458405,5,971.2102489787012,91.99106924944022,485.5844502343234,166356,6,2,1,False,True,luminosity-vs-nemiga-m1-cache,pro,de_cache,166362,3b306c71b2,ak47,True,False,False,False,False,False,0.0,0.0,0.553780198097229,rifle,0.4660835359304457,False,166164
142.14126684725977,38.65476258465087,111.37913419303888,4152.666078224625,3.042218440298073,10.822114967526034,1.5009292520311106,0,37.08263247363824,135.6434773075543,0,697.6000986684865,208.40808014280705,344.19058572360666,49603,29,6,4,False,True,match730_003833682433258029322_1216037504_161,own,de_dust2,49632,296e119cfc,m4a1,True,False,False,False,False,False,98.0,0.0,0.0,rifle,0.4658984750618362,False,49411
267.2358915210895,31.416043901873145,0.5787760416666666,17103.09705734973,3.923897640487662,4.520197487064655,3.895448121314799,0,37.23187162163233,42.91434294245332,0,541.0421283167932,129.7610205940413,158.75119283243964,8968,22,3,2,False,True,match730_003846224175849013887_1403891103_383,own,de_anubis,8990,04d29c9bb8,ak47,True,False,False,False,False,False,139.0,0.0,0.0,rifle,0.46577862270028597,False,8776
300.5756006973161,42.63054695620163,16.435095253822777,7916.280952929705,1.0343963347386316,0.5982539126191222,0.3264123813981311,29,15.192782947857577,8.793684316825397,23,831.2560484873363,142.67177231594997,502.0058570981915,53260,0,1,1,True,True,furia-vs-betboom-m1-mirage,pro,de_mirage,53260,867e1a2fd2,awp,False,False,False,False,False,False,0.0,0.0,0.0,sniper,0.4657643011305001,False,53068
208.4958053391045,22.012029830343455,181.68523545916503,4578.403197136627,7.025985419209686,13.918998239748884,3.960810087099088,0,41.59463542556201,87.5575412915044,0,337.2334788584321,231.10300181760036,1066.3116236500491,5680,44,5,3,False,True,match730_003846055312767320440_2034169741_274,own,de_nuke,5724,9f3aebc0e3,usp_silencer,True,False,False,False,False,False,12.0,0.0,0.0,pistol,0.4656652031367994,False,5488
68.46845217787556,7.071294077079314,3.042401991549946,2503.3993842165464,0.9033130206458964,0.9316760570157444,0.152335508735367,65,21.697254407385884,22.36048206891197,0,1376.0504929070337,47.91933232470497,130.53800290561853,140046,7,2,2,True,True,furia-vs-betboom-m2-cache,pro,de_cache,140053,372a892754,m4a1_silencer,False,False,False,False,False,False,0.0,1.0,0.2123221158981323,rifle,0.4655645473909097,False,139854
51.71932056492594,25.85450308336012,0.8187270247816766,2606.91151615526,0.4233040972018171,1.1549691931169104,0.0361449862913575,27,5.1260164006761055,14.302071222047948,24,693.6852190005241,169.60413510030872,406.2375546514033,16182,39,4,4,True,True,match730_003846055312767320440_2034169741_274,own,de_nuke,16221,6a8c9faae0,usp_silencer,False,False,False,False,False,False,42.0,0.0,0.0,pistol,0.4655417674922969,False,15990
177.05299804107685,40.12179403902735,9.855677663286832,4408.173925672094,3.1109099493598165,4.4552586392984255,1.5631247758501288,0,59.57265879902489,85.2171081306045,0,1086.363469964145,228.05948543991565,425.7061627364512,80869,33,5,1,False,True,match730_003829380948349157814_1390656678_161,own,de_dust2,80902,8a33bc3a37,galilar,True,False,False,False,False,False,6.0,0.0,0.0,rifle,0.4653846894370493,False,80677
1333.5017188526522,146.96735686381285,28.716533539538005,38948.67265046721,2.9052732530620244,3.172665307185697,2.369311333459364,1,27.128061889643256,29.5240072242757,0,534.3889016600909,38.95790985829911,269.2127694322617,229404,32,6,4,False,True,furia-vs-betboom-m2-cache,pro,de_cache,229436,a7745f74db,m4a1_silencer,False,False,False,False,False,False,0.0,0.0,0.0,rifle,0.4653612717383689,False,229212
887.6103083999993,140.5865942850934,65.33138020833333,25304.228029561396,2.099662827360024,9.188705996747244,2.0519556603612967,3,16.568008175428,74.9627230404037,2,451.68299288624513,51.992882924768764,49.18085150170637,81713,41,8,3,False,True,astralis-vs-fnatic-m1-dust2,pro,de_dust2,81754,38f757d48e,galilar,True,False,False,False,False,False,0.0,0.0,0.0,rifle,0.4651021651372582,False,81521
209.38411910567197,21.728093364681072,1.4208984375,5967.6097983770205,0.138437035826699,0.3955317560677511,0.138437035826699,25,3.48498739314552,9.953361012126813,9,1442.2802392330088,29.66195840647444,307.5955323732084,29018,35,4,4,True,True,luminosity-vs-nemiga-m2-dust2,pro,de_dust2,29053,590a913841,m4a1_silencer,True,False,False,False,False,False,0.0,0.7687950730323792,1.0,rifle,0.4648240558741467,False,28826
95.90871454368023,21.41815657731929,0.0,2039.7067734215188,0.5768606877991469,0.4129610930110926,0.2145014560757414,30,8.04431854977646,5.765008567580108,13,798.8773566014548,13.233130028312926,172.56794273663365,16809,6,2,1,False,True,match730_003845848209444307084_2046226831_274,own,de_dust2,16815,3e06735caf,ak47,True,False,False,False,False,False,38.0,0.0,1.0,rifle,0.4648009211288737,False,16617
572.8928590371772,74.06688273698359,38.55768167386419,18190.298033051487,0.6811494656411752,1.482180117562718,0.2829123942127381,21,6.340058145148316,13.880694529905051,20,532.7001982109882,124.50661680408513,567.3460080574628,15397,0,1,1,True,True,luminosity-vs-nemiga-m1-cache,pro,de_cache,15397,c4ceacecd8,ak47,True,False,False,False,False,False,0.0,0.0,0.0,rifle,0.4647477904892602,False,15205
88.8998643187527,16.25423204157139,0.0,3132.730927020016,0.4382361623313104,0.4618566236563226,0.3428556147670077,35,9.522877135833433,10.024015337084014,12,1244.2489632316178,36.8605976848359,513.4195424233474,69072,26,5,4,True,True,match730_003833682433258029322_1216037504_161,own,de_dust2,69098,1823ad92a3,ak47,False,False,False,False,False,False,20.0,0.0,0.0,rifle,0.464554851200054,False,68880
245.6450264121894,20.77752356775629,28.262733777214848,7030.657298680827,1.0852304037711953,0.5976222475562795,0.2925112327968948,56,21.826682662987928,12.018105035771114,0,1146.4494764674646,83.79515078120697,141.59193768109023,132511,5,2,1,False,True,aurora-vs-9z-m2-mirage-p1,pro,de_mirage,132516,ac7afcf085,famas,True,False,False,False,False,False,0.0,0.0,0.0,rifle,0.46446656690143306,False,132319
282.8913845790557,60.03258737638846,206.85675724811225,6737.34810081929,6.572436108783171,21.242436450969187,6.572436108783171,0,29.92577997252449,105.45241909355566,0,255.37919858237336,95.71679138033794,130.18345094800594,18908,40,8,3,False,True,match730_003846095210866016783_0292086677_161,own,de_ancient,18948,c8d7238405,galilar,False,False,False,False,False,False,25.0,0.0,0.0,rifle,0.4644418923980772,False,18716
154.11841668194597,49.8801958368128,42.48178287491572,6748.766167644542,5.868209516896702,6.613479806297605,3.8571365595172895,0,23.25169607166024,27.032559704754448,0,225.86359009817735,211.3461351320462,749.1435457513218,45463,0,1,1,True,True,match730_003846087479924883540_0606572273_161,own,de_mirage,45463,7a2108eafc,ssg08,True,False,False,True,False,False,19.0,0.0,0.0,sniper,0.46428927656781976,False,45271
16.69748397650466,4.425655684856853,1.2958984375,537.0764744962983,0.0396838753542961,1.06591605060742,0.0396838753542961,18,0.3069476589603281,8.535934239799086,13,443.0592722480321,179.3521881998912,442.44087993092654,184726,0,1,1,True,True,furia-vs-betboom-m2-cache,pro,de_cache,184726,52f704f8ce,awp,False,False,False,False,False,False,0.0,0.0,0.0,sniper,0.4642089128197885,False,184534
1225.4587762129347,161.97469702818773,84.50245425546335,28140.70929945384,2.5037754330441837,4.454146200695503,2.5037754330441837,1,17.092695152535768,29.979863102553885,1,390.53482645686944,83.34120575653732,587.3204883915306,3793,19,3,1,False,True,furia-vs-betboom-m2-cache,pro,de_cache,3812,0f3b1e9da0,glock,True,False,False,False,False,False,0.0,0.0,0.0,pistol,0.46407133063350064,False,3601
268.49889708137954,30.05810694972667,0.0,11451.019243012768,1.8703744847929968,2.075423593350697,1.3251998827908518,25,18.285596475234133,20.281995131888344,4,559.7828599358241,89.53617817254494,561.0315253746861,7600,53,8,3,False,True,match730_003846087479924883540_0606572273_161,own,de_mirage,7653,7a2108eafc,ak47,False,False,False,False,False,False,19.0,1.0,0.0,rifle,0.4640029595388466,False,7408
17.639623567928684,6.407111782233205,5.482289447558411,660.6859083474358,0.5678502857303749,0.701981008107655,0.1912721840301373,56,11.476224975994718,14.22721200744881,10,1157.1478318355612,106.7338305104997,529.2408850781676,117051,13,3,2,True,True,match730_003845735833772490759_0956054515_272,own,de_inferno,117064,db46f148b7,ak47,True,False,False,False,False,False,43.0,0.0,0.0070364000275731,rifle,0.4639527951210995,False,116859
774.6428397104844,72.3692782415281,177.36505133108764,18458.39760359448,4.944517521860279,13.371387101159437,4.944517521860279,0,27.125384991799518,77.57080541767725,0,280.1489782960121,179.96109022609602,580.1459100648152,2639,32,6,3,False,True,aurora-vs-9z-m2-mirage-p2,pro,de_mirage,2671,6e8537eb46,m4a1_silencer,True,False,False,False,False,False,0.0,0.0,0.0,rifle,0.4638723434264743,False,2447
264.8224975705561,48.12432415869539,46.30064284366341,7302.504364157239,4.177182864262086,1.9696537097243163,0.7738334517874638,0,75.48722036662988,35.759808397837176,0,1033.496140092771,111.32261356539516,225.4609194831338,149834,102,14,5,False,True,match730_003846114907586035842_2006638891_196,own,de_mirage,149936,401def1742,famas,False,False,False,False,False,False,23.0,0.0,0.0,rifle,0.4638601272324856,False,149642
33.665056796029546,1.5316911298026694,27.65166337329028,607.3840462150697,2.613729088613073,1.5141689192112258,1.1554752679646365,25,25.115086765595517,14.675046483531377,0,548.7697206614953,124.79987214674831,290.8401724342122,112836,19,3,3,True,True,furia-vs-betboom-m2-cache,pro,de_cache,112855,6c3df85cda,elite,True,False,False,False,False,False,0.0,1.0,0.0,pistol,0.46385893135579015,False,112644
33.82909709423504,4.130550639292183,4.479086783501914,1704.8020803837755,0.5051199919247146,0.6065855221481437,0.3356436402738139,65,12.159138829826944,14.601430858268662,10,1374.356196195071,96.49406971569763,540.3185379678581,45683,7,2,2,True,True,match730_003829380948349157814_1390656678_161,own,de_dust2,45690,ba3ac6a90d,m4a1_silencer,True,False,False,False,False,False,44.0,0.0,0.0,rifle,0.46385169607006216,False,45491
791.4578417155349,168.92767306257747,7.944432843496963,23492.32788302129,5.49221268319035,5.315493761579182,3.405359556279138,0,31.515203371378902,30.292772321438587,0,327.51480176340635,85.28217969817288,174.95609691360178,153829,38,7,2,False,True,furia-vs-betboom-m2-cache,pro,de_cache,153867,867e1a2fd2,ak47,False,False,False,False,False,False,0.0,0.0,0.0,rifle,0.4637878269493034,False,153637
36.75962348392854,11.060885375937698,30.497903279043083,809.2829554471207,0.4946520084707392,1.735463503112982,0.4946520084707392,24,13.54251713271508,47.529995371614106,2,1566.661667718193,66.86864659780284,445.538617561018,17924,38,7,3,True,True,astralis-vs-fnatic-m1-dust2,pro,de_dust2,17962,f100e9403c,m4a1_silencer,False,False,False,False,False,False,0.0,0.0,0.0,rifle,0.46370540762427276,False,17732
1087.4098563623547,94.78451980563888,4.561446880763959,21298.7914901178,1.320145837261022,1.6818025178695646,1.2387233603798289,11,18.73087176622434,23.856410384648548,6,812.7961530010633,43.95511710761947,489.73026244325706,112315,0,1,1,True,True,luminosity-vs-nemiga-m1-cache,pro,de_cache,112315,456b773fab,ak47,True,False,False,False,False,False,0.0,1.0,0.2470424175262451,rifle,0.4635993075530865,False,112123
56.29107797099788,13.733854188469351,5.914094784478556,1439.1005243985824,9.90322767878524,11.477424991971208,6.751138757403535,0,66.31787790199941,77.3855545698695,0,373.47845362310255,26.034392801910897,227.50881052788952,56261,36,8,1,False,True,match730_003829380948349157814_1390656678_161,own,de_dust2,56297,8a33bc3a37,mp7,True,False,False,False,False,False,6.0,0.0,0.0,smg,0.46354626540494465,False,56069
377.9060099298233,62.00965703810691,72.82187427669184,8852.569637919889,1.400120238518075,10.584263120475764,0.947269803705802,4,14.494438213585877,121.73230343539274,3,592.9802325771634,239.12601123134567,1017.281918216264,3091,30,4,2,False,True,match730_003845721267390906757_0873910189_273,own,de_anubis,3121,6b4b6c808f,tec9,True,False,False,False,False,False,31.0,0.0,0.0,pistol,0.4634894088280211,False,2899
94.5542657044241,42.40937288088411,0.8743439288644438,1831.8538629580196,3.898203867348895,5.803408655556471,0.6621084492963407,0,45.98369946221825,69.39265268209047,0,673.7933482855121,128.16673295758022,362.657370072345,80567,43,10,5,False,True,match730_003846055312767320440_2034169741_274,own,de_nuke,80610,f9d25d950a,mac10,False,False,False,False,False,False,20.0,0.0,0.0,smg,0.4634125150391419,False,80375
30.54978090011021,2.369519000525752,25.99767958602978,656.3906783739773,4.76522005301177,5.999656354509485,4.314982012658421,0,15.726813188226988,19.579236906175687,6,188.31354340721745,161.88041518077927,499.5054957602518,37149,0,1,1,True,True,aurora-vs-9z-m1-dust2,pro,de_dust2,37149,6e8537eb46,ak47,True,False,False,False,False,False,0.0,0.0,0.0,rifle,0.4632924200912925,False,36957
118.72715989359354,13.820529110096002,14.838293722954017,2810.7394781961066,1.3425486003309983,1.7928890132964093,0.6158225525594541,58,23.093117624355067,31.16223864244615,0,974.664401314704,38.31972602964319,40.815823479961615,106839,44,4,2,False,True,aurora-vs-9z-m2-mirage-p1,pro,de_mirage,106883,9885584175,usp_silencer,True,False,False,False,False,False,0.0,0.7166293859481812,0.0,pistol,0.46324004575055383,False,106647
398.21871267984767,23.92252191334154,6.958653928122331,10271.889604154829,0.3361700342880228,0.4439423404412451,0.3361700342880228,25,7.920754899148603,10.459233763589827,13,1349.9029127020908,179.52279691814425,938.1048236730816,146251,0,1,1,True,True,luminosity-vs-nemiga-m1-cache,pro,de_cache,146251,c4ceacecd8,awp,False,False,False,False,False,False,0.0,0.0,0.0,sniper,0.46323704093875967,False,146059
346.7329713948488,61.33265424650781,94.89617820921944,7216.378329805724,1.1639813349086916,3.410830517673203,0.4499646204687101,4,8.846848059071625,26.935158010704555,3,435.1056186219228,233.49347056913803,813.2846442614242,54137,0,1,1,True,True,match730_003833678395988770820_2132169428_161,own,de_dust2,54137,5a6218ec0c,awp,False,False,False,False,False,False,45.0,0.0,0.0,sniper,0.4630766142768075,False,53945
190.8121881291889,16.23898250155591,13.829663834213855,9745.276695594272,3.600513697339309,2.6230830878207185,0.0822406637240422,0,67.0835936058251,48.8478947600864,0,1066.0732776902023,45.82143889030823,278.094224961996,80040,0,1,1,True,True,match730_003831793800846508273_1359762374_161,own,de_mirage,80040,9f98d2dad8,m4a1,False,False,False,False,False,False,48.0,1.0,1.0,rifle,0.4630351932206175,False,79848
700.872032550444,63.99765282026266,19.64779887391506,18808.991645813643,0.4657559303894593,1.8033229411622207,0.4657559303894593,34,8.03592544818311,31.1592879701347,3,988.4487760538864,41.41953827016316,287.99180580367226,72990,11,3,3,True,True,furia-vs-betboom-m2-cache,pro,de_cache,73001,4acdd8fa23,m4a1,True,False,False,False,False,False,0.0,0.0,0.1696427762508392,rifle,0.462790888026946,False,72798
688.181480480645,154.94265183565477,49.54658404555889,29044.60952211988,3.6214547958961534,4.804328075218101,3.4193957508820887,0,36.23898977652594,47.33830118417978,0,571.0953694421909,182.8915591307275,318.1001736068003,136697,50,7,3,False,True,match730_003846114907586035842_2006638891_196,own,de_mirage,136747,e767760b4c,ak47,True,False,False,False,False,False,30.0,0.0,0.0,rifle,0.4627052301287985,False,136505
466.5225600443176,96.76002192159504,68.95072606524137,8661.15529082503,3.211179306952597,4.93189555886992,3.211179306952597,0,9.848462827815403,15.1380181805197,14,175.0708295086114,71.74487601747293,84.72014521370639,116889,25,5,1,False,True,furia-vs-betboom-m1-mirage,pro,de_mirage,116914,372a892754,ak47,True,False,False,False,False,False,0.0,0.0,0.0,rifle,0.462465154964622,False,116697
21.00835145916498,7.567689558974218,12.82485452237516,892.2728626794376,2.197239459909971,1.594280622965672,0.0988616177104682,65,28.375725685270297,20.89435014289609,0,739.5662711800378,101.1621023993661,572.9432686494326,54067,0,1,1,True,True,luminosity-vs-nemiga-m2-dust2,pro,de_dust2,54067,590a913841,m4a1_silencer,True,False,False,False,False,False,0.0,0.5292559266090393,0.0,rifle,0.4621971136503731,False,53875
274.9109818824379,33.50572075648445,150.30505310241912,10899.242290592883,2.038654652912598,7.403629529054011,0.3299416360995081,3,28.02206537443623,103.4250956340803,0,787.0843671071184,183.5107754358604,817.1833070303505,83265,6,2,1,False,True,match730_003846224175849013887_1403891103_383,own,de_anubis,83271,0c250789aa,ak47,True,False,False,False,False,False,61.0,0.0,0.0,rifle,0.46215937245312944,False,83073
383.8801217614764,100.94029119043498,149.49234314247406,8076.298670208972,0.4608906186173074,11.228237916992136,0.4608906186173074,2,2.868130713621269,71.74482949075248,2,356.0928918807238,196.40718740335848,605.7152634011059,33315,0,1,1,True,True,match730_003829380948349157814_1390656678_161,own,de_dust2,33315,8a33bc3a37,deagle,False,False,False,False,False,False,6.0,0.0,0.0,pistol,0.4621441228085639,False,33123
275.1966697474217,11.847903369858445,175.55319480605226,13401.46187960423,5.759218242383507,4.264991508983582,2.6493063059099007,0,27.6530296815586,20.94068727398061,0,273.53465043800514,111.57988911055122,545.0919954926627,46978,13,3,1,False,True,match730_003845721267390906757_0873910189_273,own,de_anubis,46991,ba2f9f431e,ak47,True,False,False,False,False,False,23.0,0.0,0.0,rifle,0.46208777984640714,False,46786
1222.5850934535183,132.81986563836455,72.99429637422502,36925.19819632397,0.922148860416863,2.9204896742461544,0.8725757753311327,4,11.287491528580972,35.736938538490875,3,700.8929750103572,102.14280876184274,429.4740791326722,145664,51,9,4,False,True,luminosity-vs-nemiga-m2-dust2,pro,de_dust2,145715,3b306c71b2,ak47,False,False,False,False,False,False,0.0,0.0,0.0,rifle,0.46204760765932396,False,145472
29.64073196415964,8.538984013431293,11.373226192894968,1058.8492888066037,0.3154148438023714,0.6515006449196761,0.1752527882317777,65,5.247767937076999,10.841835814494802,48,945.15944606748,46.77891726108139,270.53922390095784,85956,0,1,1,True,True,match730_003845848209444307084_2046226831_274,own,de_dust2,85956,d9f31878b9,awp,False,False,False,False,False,False,57.0,0.0,0.0,sniper,0.4619768395318982,False,85764
1204.3523786272272,152.7318766539682,27.72991322981662,32777.390716820715,0.9872546108881892,2.219859160570865,0.9845727321511812,7,9.332877430225787,21.659633200219183,4,541.4329978830833,115.00034593522852,333.7275993849645,79970,7,2,1,False,True,furia-vs-betboom-m2-cache,pro,de_cache,79977,4acdd8fa23,ak47,True,False,False,False,False,False,0.0,0.0,0.0,rifle,0.46197277298548384,False,79778
82.5980113413555,14.231336273021158,10.312627559750524,2434.275941108689,1.2118525389231836,1.7386165002754748,0.3119192279493138,65,25.325495485573143,36.333586881799874,0,1196.9604340172632,135.29552284192363,371.168203963264,78712,13,3,1,False,True,match730_003846224175849013887_1403891103_383,own,de_anubis,78725,9c0b0079af,ak47,True,False,False,False,False,False,53.0,0.0,0.0,rifle,0.4618181812392884,False,78520
271.8276373638532,50.03345637941789,0.0,17396.968791286603,0.8971718066520676,1.4663360500759677,0.8971718066520676,9,9.91785944466342,16.496637894593963,8,633.2116174958998,105.17854907706896,624.8325255713555,54170,0,1,1,True,True,match730_003845721267390906757_0873910189_273,own,de_anubis,54170,8a33bc3a37,ak47,False,False,False,False,False,False,19.0,0.0,0.0,rifle,0.46180055129845293,False,53978
34.78351295697769,3.628520753357208,2.168294270833333,1671.960107597993,0.5834771390579133,0.9613850820926164,0.0827677163218378,65,9.72091703654402,16.046714693875394,8,953.3851659422756,102.72545103147684,552.3848111034721,76608,0,1,1,True,True,match730_003846224175849013887_1403891103_383,own,de_anubis,76608,6568c6977b,ak47,True,False,False,False,False,False,82.0,0.0,0.0,rifle,0.46173627903363224,False,76416
10.406616937623186,0.7794526618105627,5.571412109750352,353.5953672754105,1.5480927972787588,1.7973585895019035,1.5480927972787588,11,8.062319169839688,9.451827864964695,13,297.48920098527765,101.38182557243766,431.0063135217694,146375,0,1,1,True,True,astralis-vs-fnatic-m1-dust2,pro,de_dust2,146375,ca06492643,awp,True,False,False,False,False,False,0.0,0.0,0.0,sniper,0.46160984231784946,False,146183
136.66323033563964,6.155657455128765,67.07466457835177,8746.446741480937,1.723763682882859,2.308846231024651,0.0972324245527221,5,37.60723353326539,51.06106023571871,0,1249.038415669815,170.6114410132617,641.8680377836622,83367,93,9,4,False,True,match730_003846224175849013887_1403891103_383,own,de_anubis,83460,bc3a159fd7,m4a1_silencer,False,False,False,False,False,False,74.0,0.0,0.0,rifle,0.4615046506683453,False,83175
491.6406029534377,65.76929892332929,25.157177016605534,9845.816418862092,0.8557775222087448,2.426271446143399,0.8557775222087448,7,7.71543623168622,21.89803283451648,5,514.6998785366529,171.05145730921447,572.6421277585885,161922,0,1,1,True,True,astralis-vs-fnatic-m1-dust2,pro,de_dust2,161922,c023f685ab,awp,False,False,False,False,False,False,0.0,0.0,0.5674245953559875,sniper,0.4614896147042178,False,161730
16.759765738805207,4.393980899365394,15.452238692507835,633.5006875298558,1.6702580027634986,1.8199274067275808,0.4800637472020266,52,25.45800927003584,27.728875440084074,0,867.2656204139378,84.57768034997801,176.67995429610292,66479,6,2,1,False,True,match730_003831793800846508273_1359762374_161,own,de_mirage,66485,9f98d2dad8,ak47,False,False,False,False,False,False,47.0,0.0,0.0,rifle,0.46101955773738756,False,66287
53.173828125,14.93026745274802,0.0,1608.3832649074348,1.846532728000409,1.5756558832315832,0.9715252349799274,33,16.895206784477132,14.727818087135896,14,523.9106479380828,158.55974823542007,455.6445233173184,61789,6,2,2,True,True,match730_003833678395988770820_2132169428_161,own,de_dust2,61795,4ccc3c6dfc,m4a1,True,False,False,False,False,False,45.0,0.0,0.0,rifle,0.4610092604544394,False,61597
727.8745194541135,86.70251409203703,48.56053077493642,16204.161861817434,12.873362032414772,13.681652448420175,12.332000391882952,0,48.23959911417904,52.91633566864764,0,206.4384329720997,67.74502185774091,678.1161855405185,139870,32,6,3,False,True,luminosity-vs-nemiga-m1-cache,pro,de_cache,139902,95f0d4db09,ak47,False,False,False,False,False,False,0.0,0.0,1.0,rifle,0.4609219716224474,False,139678
5.459556394029856,0.5875991145606321,1.9831475950173896,349.4116092179108,0.5921379898819994,0.6233979269659283,0.5921379898819994,45,16.043924827198616,16.929373683328503,12,1552.3236407189954,162.35595346886765,332.5711504788239,102529,0,1,1,True,True,match730_003846095210866016783_0292086677_161,own,de_ancient,102529,7bbb0d4a11,awp,False,False,False,False,False,False,18.0,0.0,0.0,sniper,0.4608133568821588,False,102337
768.8116468718354,85.49467138723392,19.761181384881716,17043.69390217068,3.4421582246588045,4.660978882954735,3.4421582246588045,0,12.525245091681874,15.797764266198522,14,207.84188711936665,117.94858215675175,168.47158668333515,81440,0,1,1,True,True,furia-vs-betboom-m1-mirage,pro,de_mirage,81440,4acdd8fa23,galilar,True,False,False,False,False,False,0.0,0.0,0.0,rifle,0.4607597263410364,False,81248
9.173617767657564,2.417986665001602,4.49983224978329,307.0448205170804,0.3721933240598529,0.2975524110074605,0.1748673555951324,54,12.47748467098813,9.975207064247446,32,1920.7256938488392,127.2080485405796,521.4060449333991,33213,0,1,1,True,True,match730_003846055312767320440_2034169741_274,own,de_nuke,33213,b9026ee78e,ssg08,True,False,False,False,False,False,18.0,0.0,0.0,sniper,0.46053625532666026,False,33021
23.85630585741635,1.3881752166973564,12.968179297388188,790.7636722326428,2.969271655540845,3.292825765245103,2.7612205443704108,1,15.799897266185514,17.952416925054486,8,304.2132851255768,231.91384147548172,563.085903719486,16782,0,1,1,True,True,aurora-vs-9z-m1-dust2,pro,de_dust2,16782,fe43c71f39,ak47,True,False,False,False,False,False,0.0,0.0,0.0,rifle,0.46047806006697656,False,16590
61.15122155835416,16.415416225739456,0.0,2698.8366737407364,1.2856411095150269,0.8098188972683864,0.4905387249761521,15,16.98799177071985,10.70234565051419,12,752.893733975639,126.54361923890347,591.868101572906,27519,0,1,1,True,True,match730_003846224175849013887_1403891103_383,own,de_anubis,27519,8a33bc3a37,awp,False,False,False,False,False,False,164.0,0.0,0.0,sniper,0.4604381307624778,False,27327
90.0401424066819,10.803230525867486,24.427661449125868,2085.5018941873336,0.3344758913554594,0.9417150094894972,0.2258304290122614,62,4.303788528515226,12.127136623507813,16,737.0451644342761,23.10855918127244,147.43201082744966,46380,17,4,3,False,True,luminosity-vs-nemiga-m1-cache,pro,de_cache,46397,d61b8b9081,m4a1,False,False,False,False,False,False,0.0,0.5620790123939514,1.0,rifle,0.4603038386042091,False,46188
322.2367624578119,45.65285815767702,61.46000474336287,7212.294918550591,3.629178045544896,4.962169152412654,2.1262180316417973,0,18.07725645048404,24.886646357723443,3,284.85958351654546,89.62776958197591,148.13936848274346,42454,0,1,1,True,True,match730_003846114907586035842_2006638891_196,own,de_mirage,42454,b372556378,ssg08,False,False,False,False,False,False,10.0,0.6950945854187012,0.0,sniper,0.4600209114813123,False,42262
1044.6799017033927,101.48747090800872,21.723646632280623,49959.990748849,1.7672982750084998,4.944627977037987,1.7672982750084998,3,11.181370010697329,33.00390743565096,3,361.5075939287832,93.67326597913322,228.24450150334775,41193,58,10,3,False,True,match730_003846224175849013887_1403891103_383,own,de_anubis,41251,2f550dd2cf,ak47,True,False,False,False,False,False,73.0,0.0,0.0,rifle,0.46000008966261546,False,41001
819.0007557527783,146.10790971938448,105.30598534171664,17312.172257712533,2.0980314131967464,9.398476455118494,2.0980314131967464,2,15.953527144517013,74.24969805651823,1,435.39607147653294,149.45216205886328,725.5120925095387,246990,58,10,4,False,True,furia-vs-betboom-m2-cache,pro,de_cache,247048,e1ccb1699e,ak47,False,False,False,False,False,False,0.0,0.0,0.0,rifle,0.4599957028952297,False,246798
1114.204817585706,206.35694237802977,31.83392522735223,21543.63924296861,1.5289264974776209,2.1550751375107358,0.7269820113523828,9,13.069037246388389,18.581315108729957,6,462.5914190681124,64.20082568856506,168.07442591931,165548,6,2,1,False,True,luminosity-vs-nemiga-m2-dust2,pro,de_dust2,165554,798c33b296,ak47,True,False,False,False,False,False,0.0,0.0,0.0,rifle,0.45998285536403666,False,165356
28.9814453125,1.8065344515379471,10.330354551400765,1413.25,0.8271951082019674,0.9897603417025288,0.6193536440154351,20,7.486376302963585,8.946509259278807,15,518.5046549954119,95.46319728188564,279.0615254392953,86723,0,1,1,True,True,match730_003846114907586035842_2006638891_196,own,de_mirage,86723,8a33bc3a37,usp_silencer,False,False,False,False,False,False,33.0,0.0,0.0,pistol,0.4599222071569168,False,86531
19.17475323574234,5.609452127927471,0.791015625,311.3378921108921,1.2930180687802064,0.8577743504717865,0.349582912385678,16,10.010585028837262,6.694288384221139,14,443.32559518457725,112.04219452471236,537.2638673448685,162421,0,1,1,True,True,furia-vs-betboom-m2-cache,pro,de_cache,162421,52f704f8ce,awp,False,False,False,False,False,False,0.0,0.0,0.0,sniper,0.4598523608797814,False,162229
34.74448499209224,9.91800402736154,0.6525546384681149,1606.334539493903,1.7148024184789803,2.346859525079624,0.8885499744072718,8,7.320899119542179,10.777176326240989,10,243.72010802946565,85.66454518110683,357.6269187502744,77321,24,2,2,True,True,match730_003846087479924883540_0606572273_161,own,de_mirage,77345,8a33bc3a37,deagle,True,False,False,False,False,False,139.0,0.0,0.0,pistol,0.45981895375814874,False,77129
19.17794203886192,3.2276222707281,15.725245043269652,412.0666323362217,1.6972443616300052,1.8095233029553317,1.64274553594573,14,11.724148287523931,12.966378484689798,12,394.35869677217175,236.86586066286105,890.9085651660866,68137,6,2,1,False,True,astralis-vs-fnatic-m2-ancient,pro,de_ancient,68143,f100e9403c,ak47,True,False,False,False,False,False,0.0,0.0,0.0,rifle,0.45966262855112694,False,67945
351.60385424228684,56.0018353579417,290.6380445158939,10471.854111725916,3.9960819112738712,12.739185467611916,1.7423438336561206,0,17.76332141030221,62.9613605016826,2,253.7034192389347,111.74756353123944,887.7092192970347,82284,32,6,4,False,True,luminosity-vs-nemiga-m2-dust2,pro,de_dust2,82316,d61b8b9081,m4a1_silencer,False,False,False,False,False,False,0.0,0.0,0.0,rifle,0.45964659867762614,False,82092
192.43674352385065,42.80313397925716,60.61490429814014,8722.845925085678,1.390209112761283,1.155374652058711,0.3120203404474367,24,10.67885960564577,9.009376914053991,24,440.0139641315079,167.2092072305011,361.9857566107331,92271,0,1,1,True,True,astralis-vs-fnatic-m2-ancient,pro,de_ancient,92271,fe19e6103c,glock,False,False,False,False,False,False,0.0,0.0,0.0,pistol,0.4596300146902656,False,92079
461.4944677310618,41.48294870926098,12.665561340621636,10301.48141990408,0.8846234279841395,4.568757492903163,0.7086280894200853,5,17.360488011774653,91.05446022896056,3,1124.3140965986058,107.80819138172588,533.9259579767722,64193,13,3,2,False,True,aurora-vs-9z-m2-mirage-p1,pro,de_mirage,64206,6c2b13b080,m4a1_silencer,False,False,False,False,False,False,0.0,0.0,0.0093841552734375,rifle,0.4594874121296593,False,64001
18.357651623943003,2.613126089960756,4.1386577529740025,949.8897039323522,1.969086281143364,1.8716785959114213,0.5745375591195194,53,24.41243328500234,23.51755453569288,0,707.8567268042632,131.89958124173637,368.2056866808033,39558,28,4,2,False,True,match730_003829380948349157814_1390656678_161,own,de_dust2,39586,ba3ac6a90d,ak47,True,False,False,False,False,False,44.0,0.0,0.0,rifle,0.4594700434771479,False,39366
792.8311677406244,159.2737392403469,57.62501530179665,24091.45861591313,1.6522943620866084,6.975765620739329,1.6522943620866084,2,15.324942329980356,65.06629801549568,1,523.6405591512251,27.30015372213464,198.1521779765672,9442,23,3,2,True,True,match730_003845735833772490759_0956054515_272,own,de_inferno,9465,c0d4e00ddc,tec9,True,False,False,False,False,False,4.0,0.0,0.0,pistol,0.4593490045320538,False,9250
565.7436489074497,119.7023271551751,113.69409663373185,17050.82145421485,7.6879943280668765,18.715779737208024,7.020684728605841,0,29.782382258180974,73.49497200820863,0,220.11354977107905,72.19718306139421,71.20353723054667,93149,26,5,4,True,True,match730_003846095210866016783_0292086677_161,own,de_ancient,93175,bea1536d33,ak47,False,False,False,False,False,False,37.0,0.0,0.0,rifle,0.4592762749249252,False,92957
25.30504032936041,5.56791055994379,17.611476457624494,862.4656243204391,0.5571522201677569,1.0422976066298042,0.3491100853428914,65,10.743600651183844,20.36163747590927,4,1104.8022411045758,207.8498256156076,290.5502078268296,66446,6,2,2,True,True,luminosity-vs-nemiga-m1-cache,pro,de_cache,66452,524f4d4415,m4a1_silencer,True,False,False,False,False,False,0.0,0.0,0.0,rifle,0.4591974002594054,False,66254
657.6294364699793,77.39549811683659,92.01550387940922,33931.90979709231,5.845991001560997,12.22662205199159,5.845991001560997,0,33.42658774145408,69.75159914501651,0,293.1782229858727,83.31603092665483,185.7592730307711,78181,11,3,2,False,True,match730_003846114907586035842_2006638891_196,own,de_mirage,78192,476a8ccf25,m4a1,True,False,False,False,False,False,19.0,0.0,0.0,rifle,0.4591468452156484,False,77989
754.4780702412246,91.87529640897516,11.61412430083626,33583.00143122024,2.629897896361176,4.110450660403762,2.629897896361176,4,32.10094193137768,50.62515146194889,0,698.7001808895362,48.77166880251954,159.4671587150268,85728,5,2,2,True,True,match730_003829380948349157814_1390656678_161,own,de_dust2,85733,8a33bc3a37,galilar,False,False,False,False,False,False,6.0,0.0,1.0,rifle,0.459083612864751,False,85536
235.7960431088877,74.08789933258228,39.492991809786616,9074.017424618918,5.385946794218934,13.827390463195542,5.385946794218934,0,59.210798093097765,158.27657774877542,0,627.8984538904665,84.0967007826861,101.99383250928024,86431,62,13,3,False,True,match730_003846055312767320440_2034169741_274,own,de_nuke,86493,30df2fc581,mp5sd,False,False,False,False,False,False,25.0,0.0,0.0,smg,0.45907794468561264,False,86239
563.2435144905254,104.91377304509916,7.7299823559053875,14711.435035754132,0.9863626088598342,0.6349403210680987,0.2213434303043563,13,7.35859406323179,4.732917020219319,13,427.15881351633067,152.7623747798467,137.1966628402647,32286,0,1,1,True,True,match730_003846114907586035842_2006638891_196,own,de_mirage,32286,1c49a0cc75,ak47,True,False,False,False,False,False,20.0,0.2092163264751434,1.0,rifle,0.4590296505145854,False,32094
28.214947128476204,5.578071866826824,2.122330266586632,778.7709362377216,0.4455606557475569,0.4312651068458474,0.1257204714166789,56,7.615813596079756,7.426267982147339,14,979.113989711108,105.2750948477807,716.7528292838714,15850,60,6,6,True,True,aurora-vs-9z-m1-dust2,pro,de_dust2,15910,ac7afcf085,fiveseven,False,False,False,False,False,False,0.0,1.0,0.902564287185669,pistol,0.45901419234689966,False,15658
1109.511377208357,157.17740680860214,10.12946989375639,19699.62079959454,0.8728201542563121,2.2898288212825317,0.8728201542563121,8,12.232647230753471,31.838663137206147,4,802.7672399626604,71.0210487765367,205.9867886670825,82115,13,3,2,False,True,furia-vs-betboom-m2-cache,pro,de_cache,82128,c1aa9f613a,m4a1_silencer,True,False,False,False,False,False,0.0,0.0,0.2513547539710998,rifle,0.4589992323300748,False,81923
523.4348953819948,128.83769403594027,2.7467447916666665,9999.405019703445,0.7318300424000748,0.9751978571250828,0.7318300424000748,13,9.693081875636524,12.923466801317806,12,747.2118148867087,107.61928813718274,172.42458292118508,10290,93,11,4,False,True,match730_003829380948349157814_1390656678_161,own,de_dust2,10383,9a711e878c,galilar,False,False,False,False,False,False,40.0,0.0,0.0,rifle,0.45885470603730805,False,10098
46.81184042451935,11.122785700755196,12.700347072739293,1996.5676043591384,1.3040390833679951,0.7404614178265166,0.12035209699249,65,19.827794734020035,11.256625029644082,14,859.5712748763407,42.91618004282769,267.635572373398,24289,0,1,1,True,True,match730_003846087479924883540_0606572273_161,own,de_mirage,24289,a6d0004234,deagle,False,False,False,False,False,False,42.0,1.0,0.0,pistol,0.4586718036041802,False,24097
79.18549001140457,16.220578195740842,4.204763491235523,2749.1075299086074,0.3176278926600506,0.1746821647619403,0.0932461193246259,39,7.234668330712394,3.9672540963376526,35,1304.9862341822063,8.297531830618247,287.79694878412045,16483,0,1,1,True,True,match730_003845721267390906757_0873910189_273,own,de_anubis,16483,88df3b8433,ssg08,False,False,False,False,False,False,49.0,0.0,0.0,sniper,0.4586240611198767,False,16291
213.0484573512527,22.07631493589352,1.805354783252455,6873.612280779449,1.148950442499629,1.1272462150246303,0.4332933612713442,34,18.345315099355386,17.998686094572246,13,914.512157891641,49.01610229411623,133.85812550565262,83311,0,1,1,True,True,match730_003846087479924883540_0606572273_161,own,de_mirage,83311,26d15ffc47,deagle,True,False,False,False,False,False,66.0,0.0,0.0,pistol,0.4584631195729999,False,83119
23.99046931174652,11.781703912807902,3.2346755594699217,635.6847061877588,0.7402568293544799,0.4713210093933172,0.2930569082307483,30,9.425332160328626,6.002036741030866,18,724.8689659325698,0.0,281.0092787955312,130609,26,5,5,True,True,luminosity-vs-nemiga-m1-cache,pro,de_cache,130635,f730a5e684,m4a1_silencer,False,False,False,False,False,False,0.0,0.0,0.0,rifle,0.45803902966543364,False,130417
17.781391592417357,2.8591654675516587,11.338129666512158,632.5259876160684,0.8583037405321671,0.6388527378019051,0.3021429094864085,45,18.746204274139505,14.034945164533395,2,1243.3561628402983,211.11421258597613,666.3900231425795,26391,32,5,5,True,True,match730_003846055312767320440_2034169741_274,own,de_nuke,26423,b9026ee78e,m4a1_silencer,False,False,False,False,False,False,18.0,0.0,0.0,rifle,0.45788391470395406,False,26199
927.8838781183628,108.64342884357744,56.417835951593055,22692.16152213676,1.104355153766946,6.977621743051138,0.580355501238048,4,5.519229170963118,40.16861218112969,4,282.48189506970505,72.79588402990902,645.0580717625305,5778,26,4,2,True,True,luminosity-vs-nemiga-m2-dust2,pro,de_dust2,5804,95f0d4db09,elite,True,False,False,False,False,False,0.0,0.0,0.0,pistol,0.45788313475440057,False,5586
201.38123241561937,23.66330787191827,8.265844341486051,5089.898055131195,0.940580453851084,0.603950959178975,0.1626013594784958,60,18.472527857796216,11.84801844896819,1,1124.7915653498649,104.83367622160868,125.6460280770568,60218,6,2,1,False,True,furia-vs-betboom-m1-mirage,pro,de_mirage,60224,a7745f74db,ak47,False,False,False,False,False,False,0.0,0.0,0.0,rifle,0.4575454079457241,False,60026
447.88334186354126,61.01842695986264,163.98030135418003,21996.632741574867,1.873201756002258,12.044022516904176,1.873201756002258,2,10.14347084828989,66.7471888584843,3,302.89199002115686,83.60920149404144,362.4196795498264,56926,13,3,2,True,True,aurora-vs-9z-m2-mirage-p1,pro,de_mirage,56939,7a9df6b20d,ak47,True,False,False,False,False,False,0.0,0.0,0.0,rifle,0.4574780401096793,False,56734
83.67054523226996,22.75907020296773,10.886434530617056,2237.163350642697,0.7747776917434885,0.5518602238342545,0.3696448380377194,44,19.58875189811388,13.950245693009563,25,1448.303727433096,100.9427656238234,629.9804949422188,30228,0,1,1,True,True,match730_003846087479924883540_0606572273_161,own,de_mirage,30228,9c0b0079af,awp,False,False,False,False,False,False,7.0,0.0,0.0,sniper,0.45746734178233034,False,30036
23.796875,5.08747175150989,7.1438026906308165,586.5,1.0229531093335165,0.8132588198152245,0.6739929862802075,65,13.5307922712026,10.750920437934353,14,753.3245508405078,58.20887751918456,374.7940716935873,23453,0,1,1,True,True,match730_003846087479924883540_0606572273_161,own,de_mirage,23453,27f0cb0ba9,deagle,True,False,False,False,False,False,18.0,0.0,0.0,pistol,0.4573159905374163,False,23261
300.18034521690623,50.43911278201281,3.0760199664247434,10906.979355167214,0.4152874994284737,0.5057318117563612,0.3993966494640478,19,6.159950254816785,7.503280917608291,18,849.7052568173473,10.739584457296075,14.107066896728568,51387,30,4,1,False,True,match730_003845721267390906757_0873910189_273,own,de_anubis,51417,ba2f9f431e,ak47,True,False,False,False,False,False,23.0,0.0,1.0,rifle,0.45724208781435516,False,51195
259.939187591277,36.19148016822238,0.0,6063.509807428827,0.8494981690844473,0.8442109894217236,0.7345196641609396,12,12.223222027211916,12.167420272101614,10,824.3502040820283,144.86480055521235,215.7069794126456,185934,18,4,2,True,True,luminosity-vs-nemiga-m2-dust2,pro,de_dust2,185952,95f0d4db09,m4a1,True,False,False,False,False,False,0.0,0.0,0.0,rifle,0.4571353169072115,False,185742
21.37890625,4.5670978415964765,5.410208263924388,840.0186645147108,1.441565846836769,1.3871823303142383,0.801121314110051,65,22.90463842920864,22.062401873959825,0,910.0571818194144,84.30368387675168,175.5601150214832,22950,59,7,3,True,True,match730_003829380948349157814_1390656678_161,own,de_dust2,23009,301b246229,galilar,False,False,False,False,False,False,36.0,0.0,0.0,rifle,0.45708921947211245,False,22758
12.659682762004053,0.918899355904185,8.2867085758002,370.4816255382798,0.943867787404238,0.6470467350493411,0.4592675141540932,65,21.530397812534865,14.758629432087297,0,1306.7587968196096,89.88712433700849,53.96475452097482,56224,0,1,1,True,True,match730_003846087479924883540_0606572273_161,own,de_mirage,56224,27f0cb0ba9,ssg08,True,False,False,False,False,False,18.0,0.0,0.0,sniper,0.45707525480063627,False,56032
979.7813134831404,112.78759353827968,39.070087175245874,28176.05575078777,1.1913918867253237,1.8608038685856156,1.1913918867253237,15,16.741456170305945,26.278611560472587,1,804.7623379456735,128.38144764849113,400.2888962729186,140927,0,1,1,True,True,luminosity-vs-nemiga-m1-cache,pro,de_cache,140927,590a913841,ak47,False,False,False,False,False,False,0.0,0.2413827925920486,0.0,rifle,0.45684569364399713,False,140735
71.87496444037843,11.922573288357247,1.2784331851041095,2028.055543257275,1.012407336158809,1.0079344591251698,0.7890916101393219,58,15.225893508768962,15.16839089984692,16,857.7636836431428,81.67510651421358,69.27377746069368,84215,0,1,1,True,True,match730_003845721267390906757_0873910189_273,own,de_anubis,84215,dd54131796,usp_silencer,True,False,False,False,False,False,24.0,0.0,0.0,pistol,0.4567689959507928,False,84023
33.85971356457207,3.959871488249028,23.40580509117973,1529.0350087587171,1.380711846203409,1.579515458841771,1.1887912453729477,24,27.69128543015396,31.89158554059319,0,1144.9389350373983,142.07023716514436,206.7128066651314,121205,16,2,1,False,True,aurora-vs-9z-m1-dust2,pro,de_dust2,121221,6c2b13b080,usp_silencer,True,False,False,False,False,False,0.0,1.0,0.0,pistol,0.45669418378318616,False,121013
751.010121659544,43.95528970147584,3.24462890625,18477.67833926854,1.8722647990885164,1.949154788365891,0.1906501899007558,27,27.320192227962643,28.28697322994563,0,827.7880779942119,59.87539735450659,173.9577522119306,2792,13,2,1,False,True,aurora-vs-9z-m2-mirage-p2,pro,de_mirage,2805,6e8537eb46,m4a1_silencer,True,False,False,False,False,False,0.0,1.0,0.0,rifle,0.4566843344285496,False,2600
19.689778610852503,4.367613463113819,0.0,650.2389774736555,0.4476973896213543,0.4331124120339276,0.3667146841489974,31,10.053255246303658,9.725851885052045,21,1250.92003592101,95.38365129982888,260.7008063508902,36492,0,1,1,True,True,match730_003846055312767320440_2034169741_274,own,de_nuke,36492,30df2fc581,awp,False,False,False,False,False,False,24.0,0.0,0.0,sniper,0.4565918606511115,False,36300
43.46313574136466,10.76700294573148,5.233228599650784,1193.756208127084,0.1288724638405633,0.2322788598144895,0.0418907060575217,65,2.9146454621815447,5.253308484064969,33,1295.798548943213,5.186592934612717,225.1330708692764,66513,0,1,1,True,True,furia-vs-betboom-m2-cache,pro,de_cache,66513,867e1a2fd2,awp,False,False,False,False,False,False,0.0,0.0292811393737792,0.0,sniper,0.4565540529336945,False,66321
57.75152345811203,9.802227783584476,42.82154293124395,1963.828238520432,0.4230467933249138,1.5025135822755311,0.0683939699134471,65,6.760145837253338,24.29652629444292,4,915.3751109378056,111.81044703606509,163.7399921886168,53794,26,5,5,True,True,luminosity-vs-nemiga-m2-dust2,pro,de_dust2,53820,590a913841,m4a1_silencer,False,False,False,False,False,False,0.0,0.0,0.0,rifle,0.45654131503534484,False,53602
145.0482066162289,39.485434818256834,0.5641276041666666,8171.6875,0.21938896564436,0.9834789585116244,0.21938896564436,18,3.1171884278932214,13.694547646020984,6,813.9506548420408,239.40655193811023,463.8491360368302,74231,84,9,5,True,True,match730_003829380948349157814_1390656678_161,own,de_dust2,74315,844038e231,glock,False,False,False,False,False,False,40.0,0.0,0.0,pistol,0.4565160083914048,False,74039
40.07389609945716,8.545236078771886,22.417554698670845,1453.729350365258,1.55659881003611,1.2813430600713085,0.8595954673233788,19,13.169192615482409,10.994378111390622,16,484.4179048738958,89.93536700891009,596.3725061175586,53017,25,6,4,False,True,match730_003845848209444307084_2046226831_274,own,de_dust2,53042,71f78fbbc6,mp7,False,False,False,False,False,False,28.0,0.0,0.0,smg,0.456515786718024,False,52825
19.00634765625,2.2558807185951384,8.17798064339668,676.40625,1.3317245905364052,1.404876341552704,1.3173951635119447,47,23.21428587748106,24.81105960188112,0,998.5050398986564,178.72564633072622,431.3330492461293,66039,23,5,5,True,True,aurora-vs-9z-m1-dust2,pro,de_dust2,66062,9885584175,m4a1,False,False,False,False,False,False,0.0,1.0,0.0,rifle,0.4564699659236651,False,65847
41.85619808955375,7.407194562037111,14.810922818759217,2192.17167773144,0.2734486940906601,0.4582220917253279,0.0445687039825961,53,7.091882356297019,11.86283075571352,10,1481.9175262153476,131.51897061214686,441.5741942710171,76802,19,4,4,True,True,luminosity-vs-nemiga-m2-dust2,pro,de_dust2,76821,3b306c71b2,ak47,False,False,False,False,False,False,0.0,0.0623774528503418,0.0,rifle,0.4564659890189951,False,76610
1291.1970154537069,129.4116715273356,39.34595710709604,36943.8999018443,1.7042584078853549,2.615438116188977,0.3973131136496716,6,16.46105683956709,25.312893799090222,4,553.2044855162651,98.5691218879885,602.2779938130012,61122,32,6,4,False,True,match730_003846095210866016783_0292086677_161,own,de_ancient,61154,26eeb217ae,ak47,False,False,False,False,False,False,40.0,0.0,0.0,rifle,0.4564267882751348,False,60930
130.48197497651446,36.59325877621589,61.22974279792037,4595.401027896271,0.4804557106353879,4.42327200510712,0.4804557106353879,4,6.055032030612337,57.33759712324285,2,720.4128134906774,214.48744595089323,513.1727053473969,50725,0,1,1,True,True,match730_003846095210866016783_0292086677_161,own,de_ancient,50725,9c0b0079af,awp,False,False,False,False,False,False,8.0,0.0,0.0,sniper,0.456408265853375,False,50533
159.94743779900665,18.612516371040588,16.733017611071375,3041.149341234245,0.3865304961805179,0.2545599673623914,0.0665639040363616,51,6.982462139866111,4.629477415668761,20,1035.000928623106,95.897641217033,305.442571494539,66354,0,1,1,True,True,luminosity-vs-nemiga-m1-cache,pro,de_cache,66354,456b773fab,awp,False,False,False,False,False,False,0.0,0.0,0.0,sniper,0.4563580954973964,False,66162
909.4204776133748,150.8560733917285,6.842598448525544,18919.615613920705,0.5657241908313807,1.5331458460609593,0.5657241908313807,9,6.506470122108505,18.06350310178143,7,657.8071170072988,166.42111346332226,335.262896834646,62953,6,2,1,False,True,match730_003829380948349157814_1390656678_161,own,de_dust2,62959,9a711e878c,ak47,True,False,False,False,False,False,40.0,0.0,0.0,rifle,0.45630856360609856,False,62761
48.13422212299671,7.562809215312817,6.972822224871643,1377.7152158717895,0.7237881627891056,0.9364487840378624,0.1753682222318034,65,12.286539300550665,15.65439686758034,43,972.4152783314807,137.4715500341204,282.36502876584194,117515,0,1,1,True,True,match730_003833678395988770820_2132169428_161,own,de_dust2,117515,f86f118666,awp,False,False,False,False,False,False,7.0,0.0,0.0,sniper,0.4562775983546462,False,117323
43.03914542751941,14.790457644522752,2.248372395833333,1888.255307361242,1.290367821757075,1.2895064414766453,0.4871534826857472,41,16.391688154897867,16.39131635812317,30,727.5029781328116,0.0570966841638497,242.3094818070872,95753,0,1,1,True,True,match730_003831793800846508273_1359762374_161,own,de_mirage,95753,60b48394d1,usp_silencer,True,False,False,False,False,False,18.0,0.0,0.0,pistol,0.45620816336144704,False,95561
46.04904164529589,24.053456573546896,3.3132966009182216,1098.9397791794772,0.8279856718976915,1.1411106848301409,0.7769837398518258,42,7.864452690000638,10.846220085007666,37,544.0134409609689,36.27231697350937,329.6657263657613,76850,0,1,1,True,True,match730_003833678395988770820_2132169428_161,own,de_dust2,76850,9517c1c552,awp,False,False,False,False,False,False,81.0,1.0,1.0,sniper,0.4561660527905639,False,76658
217.92470442959845,48.22674228432151,186.8333642512962,5264.497171354138,12.005142852673233,19.188821688986703,0.7562325778517168,0,41.497038264148365,71.53663435117782,0,194.7218358933836,227.83022291650377,1025.8862077918764,48883,17,4,2,False,True,match730_003846055312767320440_2034169741_274,own,de_nuke,48900,b9026ee78e,m4a1,False,False,False,False,False,False,18.0,0.0,0.0,rifle,0.45616149666360367,False,48691
29.955915548907715,12.972020576417986,4.743378992949457,675.0625,1.431385297184217,2.4804786035526414,1.431385297184217,7,19.266916798058705,33.547865358697166,1,770.9918150763453,45.50577871143208,55.33059184878057,11839,15,4,3,False,True,match730_003829380948349157814_1390656678_161,own,de_dust2,11854,857d0f207c,mac10,False,False,False,False,False,False,37.0,0.0,1.0,smg,0.45605044362774205,False,11647
15.567832247752577,3.011579246521725,6.963086332174434,750.6768589691553,1.570918254602485,1.642451453303586,1.5383795521956258,13,11.213755905969968,11.721298001484376,13,408.6941362842053,174.06411776893304,337.32566257064224,248228,19,4,1,False,True,furia-vs-betboom-m2-cache,pro,de_cache,248247,372a892754,ak47,False,False,False,False,False,False,0.0,0.0,0.0,rifle,0.45594067518469966,False,248036
183.515625,44.73186967966271,31.26038240534036,5821.190798933192,1.3250937003029502,6.79405923822041,1.3250937003029502,4,23.060711881995573,118.94290904400508,0,987.789402368644,29.491520270383617,29.54809142815737,38846,92,15,4,False,True,match730_003829380948349157814_1390656678_161,own,de_dust2,38938,8a33bc3a37,mp7,True,False,False,False,False,False,6.0,0.0,1.0,smg,0.4559070617308779,False,38654
365.8275877557149,38.61708975884643,17.865313350420607,8918.105204589036,0.9332490068616812,0.7987934615247669,0.6926824573200312,37,16.025304813220284,13.752611565595874,17,980.1081732259812,165.3263107776072,644.1006686607265,43960,6,2,1,False,True,aurora-vs-9z-m1-dust2,pro,de_dust2,43966,b793b85286,galilar,True,False,False,False,False,False,0.0,0.0,0.0,rifle,0.4558907596946324,False,43768
490.04080436874375,98.50529963694586,226.2703182381024,13339.212625609824,4.364101860668929,8.817347750007837,3.95369075558198,0,15.6250944841262,31.99991734073436,2,203.83184138106049,138.1011240379163,715.9550744045362,7061,47,5,3,True,True,astralis-vs-fnatic-m1-dust2,pro,de_dust2,7108,95b933ed7c,usp_silencer,True,False,False,False,False,False,0.0,0.5698253512382507,0.0,pistol,0.4557520525615211,False,6869
20.97973311062673,8.009737081805733,9.26975833062312,801.5625,1.038867080225835,1.82542558635368,0.1362137321718605,65,13.149383906118151,23.6496522757756,5,715.4700117143427,95.70152362993694,317.405319001905,3980,106,7,3,True,True,match730_003833678395988770820_2132169428_161,own,de_dust2,4086,4ccc3c6dfc,usp_silencer,False,False,False,False,False,False,45.0,0.0,0.0,pistol,0.45570475752088574,False,3788
30.37174317281958,4.321666789350254,0.908203125,885.8223335339042,2.782427212896525,2.8470778609705434,2.4055491407888745,7,19.41257752368295,20.18004032908973,7,399.0763132283144,209.9789559859888,374.7870258207337,154826,0,1,1,True,True,luminosity-vs-nemiga-m1-cache,pro,de_cache,154826,d61b8b9081,ak47,True,False,False,False,False,False,0.0,0.0,0.0,rifle,0.45562750137720404,False,154634
73.68643542969448,3.883256658812226,60.7118947023458,1255.6912094493448,1.6641560546635108,3.400292858139604,1.6641560546635108,3,8.07095467349549,16.503353717123048,8,157.51162066453173,85.42178104565475,235.92983057116507,119738,0,1,1,True,True,aurora-vs-9z-m1-dust2,pro,de_dust2,119738,7a9df6b20d,glock,True,False,False,False,False,False,0.0,0.0,0.0,pistol,0.4555822981969639,False,119546
7.400736563342373,0.8763637557965475,3.838609963579055,291.90616710064523,0.5870696497692866,0.5427715752248906,0.2297309982542553,65,10.054000593250606,9.39560810291842,34,981.1871243595216,83.92687882009973,472.4651449024232,104167,0,1,1,True,True,match730_003846095210866016783_0292086677_161,own,de_ancient,104167,c8d7238405,awp,False,False,False,False,False,False,25.0,0.0,0.0,sniper,0.45549715699938653,False,103975
29.20681329563964,1.4207839176737878,3.1824966069817577,1466.1114276168496,1.1522101324409937,1.3096906840220286,0.6874853791602009,48,22.79831632058152,26.21912801101006,0,1132.6745149758794,224.53486679236568,752.1503951872735,101891,0,1,1,True,True,match730_003829380948349157814_1390656678_161,own,de_dust2,101891,857d0f207c,awp,False,False,False,False,False,False,38.0,0.0,0.0,sniper,0.4553988490690926,False,101699
108.4495613579961,25.541954051211818,18.73746693687636,3338.814009849586,0.3137459312930745,1.1979362601401469,0.3137459312930745,26,1.9015369288774249,7.28771201548997,26,346.6286794232837,0.0,128.72275778069238,52391,0,1,1,True,True,match730_003846055312767320440_2034169741_274,own,de_nuke,52391,1c9bd3c08e,awp,False,False,False,False,False,False,32.0,0.0,0.0,sniper,0.45532172730672116,False,52199
21.436953568236863,9.275672702276538,4.09104940508644,706.9618924079484,1.4446545059897955,1.6332020620103112,1.2905461410529178,60,17.639460653465292,20.02689408065712,3,699.3737216095031,92.62685908349798,305.10408408508897,85240,53,7,3,True,True,match730_003833682433258029322_1216037504_161,own,de_dust2,85293,916fd9f867,ak47,True,False,False,False,False,False,19.0,0.0,0.0,rifle,0.45518751361196,False,85048
211.04516455590613,18.8885508554616,173.94232015391765,5315.669009996185,4.290661755990139,13.001604554824294,1.786864780022474,0,35.74561001292927,113.22983411586486,0,476.1436602190718,206.46648799920084,440.1702031011253,154469,13,3,1,False,True,luminosity-vs-nemiga-m1-cache,pro,de_cache,154482,d61b8b9081,ak47,True,False,False,False,False,False,0.0,0.0,0.0,rifle,0.4551858029291453,False,154277
25.404887614490544,7.49533557862908,1.1868489583333333,644.2560717781665,1.2922358382658072,1.0930376243382725,1.0040666200773911,28,18.281316179842584,15.60808309294185,15,810.3144091536205,98.7269747527764,102.37384324648755,5721,10,2,1,False,True,luminosity-vs-nemiga-m2-dust2,pro,de_dust2,5731,74c7d1f104,glock,False,False,False,False,False,False,0.0,0.6665493845939636,0.268843412399292,pistol,0.45511529138452805,False,5529
21.37576651732485,6.485744227000408,8.255763535258358,725.5917863402098,0.9693178604389808,1.212045792816132,0.9693178604389808,51,7.565362716726165,9.501800049974548,43,446.9360363079212,90.8688409254047,531.9430884118425,77228,0,1,1,True,True,aurora-vs-9z-m1-dust2,pro,de_dust2,77228,4044fff327,awp,False,False,False,False,False,False,0.0,0.0,0.0,sniper,0.4549516316607327,False,77036
838.4291960070076,40.88523428914871,55.49005904532489,23080.357996713043,8.7102464902842,5.334132637968066,2.0940810723131005,0,52.79177978301451,32.331598327393536,0,343.28955904266223,246.4269976410829,440.21128596613175,111038,7,2,1,False,True,luminosity-vs-nemiga-m2-dust2,pro,de_dust2,111045,524f4d4415,m4a1_silencer,True,False,False,False,False,False,0.0,0.0,0.0,rifle,0.4548085170599048,False,110846
578.2574019702539,75.44449733658149,11.608034150430328,16473.174621052483,0.5082277568387888,1.2533701033743387,0.2662427468443558,12,3.2022182213546637,7.894199154782619,13,360.8042543588433,59.545372325853606,485.0506104289765,117124,7,2,1,False,True,luminosity-vs-nemiga-m2-dust2,pro,de_dust2,117131,d61b8b9081,ak47,True,False,False,False,False,False,0.0,0.1624810695648193,0.9164589643478394,rifle,0.4547600476770083,False,116932
22.970721807635247,3.2721197913371345,3.3161246308549326,838.754153030763,5.690541706387211,5.910171383816338,5.690541706387211,0,27.6217369039107,28.42293185538953,0,276.9014200212495,115.88550050034186,513.9504230475287,168267,0,1,1,True,True,furia-vs-betboom-m2-cache,pro,de_cache,168267,372a892754,ak47,True,False,False,False,False,False,0.0,1.0,0.0,rifle,0.4547550534828354,False,168075
138.21735373612623,20.82288288942904,53.211477913176985,2799.18934746102,0.5448313562488587,4.970543734015407,0.5448313562488587,4,10.05723804254478,92.40673595207348,2,1057.4549215849324,239.64273827590955,327.84528222217784,4391,78,5,4,True,True,match730_003833682433258029322_1216037504_161,own,de_dust2,4469,916fd9f867,usp_silencer,True,False,False,False,False,False,19.0,0.0,0.0,pistol,0.4547278887815449,False,4199
460.7451171875,48.02067412142972,0.4759114583333333,16100.980388646729,2.757455646662261,2.88843212554924,2.691776366689198,7,23.932623696950436,24.988590946679587,0,496.80289290179496,33.582291345179584,241.89191897679265,103443,26,5,3,False,True,luminosity-vs-nemiga-m1-cache,pro,de_cache,103469,590a913841,m4a1_silencer,True,False,False,False,False,False,0.0,1.0,0.073265790939331,rifle,0.45468659000110934,False,103251
22.658119619113855,1.012215021787365,12.70163232095462,765.2759056232869,0.4966135803799182,0.6373344874649012,0.4966135803799182,19,3.907569051886354,5.076156997607962,16,450.63478674562543,91.70908039702545,338.0276072663058,159911,0,1,1,True,True,furia-vs-betboom-m2-cache,pro,de_cache,159911,52f704f8ce,awp,False,False,False,False,False,False,0.0,0.0,0.0,sniper,0.4546625403206069,False,159719
216.02258731045237,32.61643218497449,4.263621460743444,9861.715743196237,1.2664167772117016,0.972458853570044,0.7736574843869014,10,16.054879323159035,12.353018715205994,10,726.0398003735052,67.11200028686966,211.37596861693075,66597,0,1,1,True,True,match730_003846087479924883540_0606572273_161,own,de_mirage,66597,7a2108eafc,ssg08,True,False,False,False,False,False,19.0,0.0,0.0,sniper,0.4546022770678002,False,66405
30.23539661978148,4.642375406601251,19.367223107081937,1057.6518320668624,0.462601765944854,0.9215598824004888,0.4586520836949904,61,7.922325759096295,15.777282453002355,5,975.3321457054984,32.57513654491158,421.9192559970402,56193,0,1,1,True,True,astralis-vs-fnatic-m1-dust2,pro,de_dust2,56193,38f757d48e,deagle,True,False,False,False,False,False,0.0,0.0,0.0,pistol,0.4545949234313209,False,56001
60.09673046828421,12.295495775018734,9.81972336876156,2349.3203246757294,0.5979867078313593,0.3986708255104912,0.1427894486401395,58,14.833069750749692,9.888995108812264,10,1421.1134699250815,34.60967427330422,195.63789862550647,15046,0,1,1,True,True,luminosity-vs-nemiga-m1-cache,pro,de_cache,15046,c4ceacecd8,ak47,True,False,False,False,False,False,0.0,0.1024738326668739,0.0,rifle,0.45458771629522093,False,14854
322.016356344511,23.22440402638681,105.94008200310292,6975.809410821132,2.046507175368391,12.52915799838698,2.046507175368391,2,19.519604802846267,123.4951201682461,1,506.8139447755737,78.6037329028533,272.34187849373666,230479,17,4,3,False,True,furia-vs-betboom-m2-cache,pro,de_cache,230496,c32a6f9c5c,m4a1,False,False,False,False,False,False,0.0,0.0,0.0,rifle,0.454519880760357,False,230287
24.06793446789912,9.098201550692872,1.5778374036789529,804.5811644203586,1.12619658951441,1.1599226266570792,1.1169686660776343,22,22.96383743285589,23.853221104666225,0,1165.316643766129,246.6113602213751,746.1298193684863,36609,0,1,1,True,True,match730_003833678395988770820_2132169428_161,own,de_dust2,36609,b2feea7c7d,awp,False,False,False,False,False,False,24.0,0.0,0.0,sniper,0.45446909429031207,False,36417
117.333984375,27.269993436542887,0.0,4889.5,0.5870408306220901,0.9138165839351616,0.3230902757000828,15,6.450935230838527,10.200006058640168,13,629.465650335048,140.0338479465451,830.6785403676095,2673,23,3,3,True,True,match730_003845721267390906757_0873910189_273,own,de_anubis,2696,b0848df2ab,hkp2000,True,False,False,False,False,False,38.0,0.0,0.0,pistol,0.45435312505839553,False,2481
42.051508109210936,14.959556498917038,4.445023549108261,1809.3463627306555,2.464769895430857,1.3940880642395743,0.5057882837389485,34,50.234146688178086,28.620700853780413,0,1166.9671642326584,229.10994529249163,319.496649757984,31985,30,4,1,False,True,match730_003846087479924883540_0606572273_161,own,de_mirage,32015,8a33bc3a37,ak47,True,False,False,False,False,False,139.0,0.0,0.0,rifle,0.45435104783349634,False,31793
48.31571874716146,9.480656515243076,0.0,1929.894761783314,4.068989704865372,3.684784869840648,3.3877933226644648,0,20.62336215552208,18.827359780671543,0,289.64959527762403,10.34829355837043,375.4297835135533,140294,38,7,3,True,True,match730_003846095210866016783_0292086677_161,own,de_ancient,140332,8a33bc3a37,ak47,True,False,False,False,False,False,132.0,0.0,0.0,rifle,0.45434621073568937,False,140102
107.93585004136304,8.89953103797508,8.984029125304655,4042.333366487851,6.064669842943825,5.106171881156878,3.805114037967918,0,68.65230204080294,58.42342839853806,0,642.1474525801816,201.46728197545028,347.7254181492329,14521,38,7,1,False,True,match730_003846224175849013887_1403891103_383,own,de_anubis,14559,29b1cdb2be,ak47,True,False,False,False,False,False,61.0,0.0,0.0,rifle,0.4542952654752218,False,14329
755.7525524086208,105.0896346688067,15.23215881446791,15125.546284440205,0.986158761075034,1.9238879689586377,0.986158761075034,8,4.127065661164854,8.693761690489861,9,239.4167294897924,160.49924685007332,473.44749950440064,106600,7,2,2,True,True,match730_003846055312767320440_2034169741_274,own,de_nuke,106607,b3b8926d79,ak47,False,False,False,False,False,False,26.0,0.0,0.0,rifle,0.454273577424083,False,106408
6.666750796105114,0.6932525369414642,5.247315369535038,267.7970509507273,0.5301502332975878,0.7317594037261254,0.1397385195035267,45,9.428129531390704,13.014928295264593,29,1011.1100459822336,82.70132557884105,179.47647012503867,82234,0,1,1,True,True,match730_003845848209444307084_2046226831_274,own,de_dust2,82234,3a84a7ef32,awp,False,False,False,False,False,False,59.0,0.0,0.0,sniper,0.45422324056168106,False,82042
97.98487488161835,28.191558952757607,17.494981815552407,3285.92111456242,2.2836930419666577,1.1842901397566628,0.6163825453333538,23,33.73603096931102,17.49124832784124,0,845.8326539214979,92.37116974130016,206.37431683436657,44939,0,1,1,True,True,match730_003845721267390906757_0873910189_273,own,de_anubis,44939,2a309cc914,awp,False,False,False,False,False,False,47.0,0.0,0.0,sniper,0.4542231699272482,False,44747
21.86606445917649,8.110758783347784,1.8629747620479504,492.9738837708466,0.8074042544709824,0.8056588711372121,0.5903714452704594,19,16.264542447537973,16.232178758409674,8,1153.7349705606823,117.63260757599949,170.6822838554139,49291,12,3,2,False,True,astralis-vs-fnatic-m1-dust2,pro,de_dust2,49303,d8f9528a3a,m4a1,False,False,False,False,False,False,0.0,0.0,0.0,rifle,0.45421518205243927,False,49099
64.69694749332162,7.657289895523147,25.85464062670556,1555.6033168497747,0.3975752794490788,1.8063391201013392,0.3975752794490788,65,6.994758147562812,32.40378172702455,3,1007.001961769203,197.8421699084656,255.08144774853395,28652,26,5,3,False,True,luminosity-vs-nemiga-m2-dust2,pro,de_dust2,28678,590a913841,m4a1_silencer,True,False,False,False,False,False,0.0,0.0,0.0,rifle,0.45401505957939237,False,28460
86.96790667230194,19.67849572633517,12.8872243093028,1494.696071105794,1.3333911203848037,1.0047414078525752,0.1167664826846197,32,18.534137887979025,14.23509086696546,29,796.2347677058784,217.5326794532864,220.4707216007906,8835,50,4,2,True,True,match730_003846114907586035842_2006638891_196,own,de_mirage,8885,8a33bc3a37,p250,True,False,False,False,False,False,32.0,0.0,0.228515625,pistol,0.4538282013505784,False,8643
12.940151071978448,1.9934493160365747,1.1653026558493895,364.6881950241359,1.2597242773738393,1.0536164824658063,0.8543139283315464,29,18.40587992788073,15.373401535635724,20,835.7769507477103,114.0395120717447,750.3603721752492,47034,0,1,1,True,True,match730_003846095210866016783_0292086677_161,own,de_ancient,47034,9c0b0079af,awp,False,False,False,False,False,False,8.0,1.0,0.0,sniper,0.4538197257758135,False,46842
27.96581462182417,4.827880638697374,23.927575707166337,1466.8258675098994,0.510261681508186,1.2207536314114866,0.0523406517241475,62,10.01391378680496,24.28161916836532,3,1120.8796744048557,221.82073948207,653.0571616591026,19293,23,5,3,True,True,furia-vs-betboom-m1-mirage,pro,de_mirage,19316,372a892754,m4a1,True,False,False,False,False,False,0.0,0.0,0.0,rifle,0.45379384168324194,False,19101
1095.6257346500604,153.90856938108075,30.913566088646977,21219.249030826184,2.5370591130138607,4.249498108966814,0.694467225583828,6,26.113896227007952,44.06844740353047,0,589.219755136764,106.94898603216484,278.91696443351947,149045,13,3,1,False,True,furia-vs-betboom-m2-cache,pro,de_cache,149058,372a892754,m4a1_silencer,True,False,False,False,False,False,0.0,0.0,0.2655919194221496,rifle,0.4537439158140271,False,148853
569.2202495436874,136.31367780189157,36.865509563462,13879.827133966544,1.222232609783101,2.1490032295436814,1.222232609783101,9,7.39730304420616,12.628265031468633,12,284.87487222423454,211.4310854687498,481.6223741330503,202079,18,4,4,True,True,furia-vs-betboom-m2-cache,pro,de_cache,202097,6c3df85cda,m4a1,True,False,False,False,False,False,0.0,0.0,0.0,rifle,0.4537306373833046,False,201887
97.8104638079684,14.280980301942677,0.0,2945.1683184848985,5.037458240379107,6.626390889606052,5.037458240379107,0,19.92558076474119,26.45681760397626,1,221.9319297114629,176.80728318685556,521.3386260867641,64276,34,7,5,False,True,match730_003845735833772490759_0956054515_272,own,de_inferno,64310,132f8af47c,galilar,True,False,False,False,False,False,11.0,0.0,0.0,rifle,0.4537094141644838,False,64084
33.53495866187423,9.03141839559428,4.145647837796445,948.197958305346,2.0909085430294847,2.0497338050176217,0.2465027705170435,56,31.54246074425721,30.957550328842583,0,855.0673305387087,79.15330079178813,85.43708678840558,105156,32,4,2,False,True,aurora-vs-9z-m2-mirage-p1,pro,de_mirage,105188,fe43c71f39,glock,True,False,False,False,False,False,0.0,1.0,0.0,pistol,0.45366275281042107,False,104964
120.5088546000576,20.41568607751725,0.263671875,3528.047126283732,0.4963610799344484,0.796040632801045,0.4963610799344484,25,8.42437863265767,13.511861501944692,8,972.3792857303278,81.36322286878638,173.48482353921554,44862,0,1,1,True,True,match730_003829380948349157814_1390656678_161,own,de_dust2,44862,857d0f207c,awp,True,False,False,False,False,False,37.0,0.0,1.0,sniper,0.45358272493276547,False,44670
226.47707408599987,72.29281051192822,113.69412033612748,4325.442169612454,0.3598052630671354,9.71408850640167,0.3598052630671354,2,3.2861194304854555,91.2617268794649,2,522.7513043631907,131.59509653922285,581.4320192546821,89754,55,6,2,True,True,match730_003833682433258029322_1216037504_161,own,de_dust2,89809,e2df927a56,usp_silencer,True,False,False,False,False,False,25.0,0.0,0.0,pistol,0.4535183535674774,False,89562
294.4458298983658,46.50383362437438,60.60405617150824,7714.196909250219,0.3469066323592806,3.134543793488878,0.3469066323592806,4,3.2447001194573226,29.340563571843944,3,535.7414211013909,145.7175181998899,504.768252674433,17973,0,1,1,True,True,match730_003846224175849013887_1403891103_383,own,de_anubis,17973,9c0b0079af,awp,False,False,False,False,False,False,53.0,0.0,0.0862267985939979,sniper,0.4534628458444224,False,17781
44.009160163895146,16.64610766323269,3.6617838541666665,1064.0645373098116,1.260120451891567,1.3438673737498084,1.082024417249566,65,13.311299603332891,14.332337088243284,9,604.909819312854,111.46365679033484,532.9644473505401,16163,19,4,2,False,True,match730_003829380948349157814_1390656678_161,own,de_dust2,16182,f3383df9e7,m4a1_silencer,True,False,False,False,False,False,39.0,0.0755859389901161,0.0,rifle,0.4533335278608287,False,15971
144.3592211535365,57.312568745083226,10.222022218760914,3569.6336741802465,0.6338772198878219,1.062253366809044,0.611622357965714,17,6.546309507206098,11.122622703668371,15,590.2234639083534,105.17898505298716,341.84868819578566,9385,19,5,1,False,True,match730_003845721267390906757_0873910189_273,own,de_anubis,9404,6b4b6c808f,mac10,False,False,False,False,False,False,31.0,0.0,0.0,smg,0.4533268469931879,False,9193
71.52898478389784,8.456896091028039,58.814571265347325,2212.423891444758,2.2546395895328373,1.9540103689644572,0.5215544281675989,53,35.2331814924481,30.5937781488322,0,894.6127235601928,103.20186587132427,515.1164349608147,22892,0,1,1,True,True,match730_003845735833772490759_0956054515_272,own,de_inferno,22892,68a903afd4,ak47,True,False,False,False,False,False,32.0,0.0,0.7005609273910522,rifle,0.45319156408202427,False,22700
39.7845606838439,3.970241058371388,30.01848630354425,844.7818785938896,0.4610700322937845,2.234826589856989,0.4610700322937845,6,9.719285663212457,47.00502608932048,2,1204.3813069615098,165.76355635505928,298.69133273472465,44044,0,1,1,True,True,astralis-vs-fnatic-m2-ancient,pro,de_ancient,44044,ca06492643,awp,False,False,False,False,False,False,0.0,0.0,0.0,sniper,0.4529947917848186,False,43852
109.6875,28.77696641597596,2.8234115485864817,4965.5,8.516962647049105,9.39316207054418,0.8194416121360527,0,56.40923721751181,64.55761029498811,0,376.4625953377154,178.99964514822315,957.8283486570743,26126,78,8,2,False,True,match730_003846055312767320440_2034169741_274,own,de_nuke,26204,30df2fc581,glock,False,False,False,False,False,False,25.0,0.0,0.0,pistol,0.4528418263452517,False,25934
83.14453125,13.78831938669174,3.058503710899456,2574.875,1.0900801713914616,0.7908614746734959,0.4186949151873552,30,8.47629779990101,6.157494434738554,29,445.285586342398,23.956076979427014,156.68563509106792,95042,44,5,5,True,True,match730_003846114907586035842_2006638891_196,own,de_mirage,95086,b372556378,usp_silencer,True,False,False,False,False,False,10.0,1.0,1.0,pistol,0.452802996040309,False,94850
613.4366472968045,86.1057701866122,5.075846354166667,12225.327518596545,0.7022965413573984,0.922091757114784,0.1984448974001857,22,10.530791461128942,14.091544100145969,7,848.4595879950901,138.6315531681128,146.22732642314276,89430,0,1,1,True,True,match730_003846114907586035842_2006638891_196,own,de_mirage,89430,9f5f4034b1,usp_silencer,False,False,False,False,False,False,13.0,0.0,0.0,pistol,0.45278905380582424,False,89238
346.9467810514871,50.34430344832924,50.34005127745354,6599.029677914179,1.2882429920700609,8.394170034372985,0.6613751609912389,4,16.602514210530956,113.19470474321754,4,729.8936676898754,166.6338866667203,847.7796900830248,137191,38,7,4,False,True,furia-vs-betboom-m1-mirage,pro,de_mirage,137229,0f3b1e9da0,ak47,False,False,False,False,False,False,0.0,0.0,0.199594110250473,rifle,0.45270599535787404,False,136999
302.9972555520938,23.139922406091078,5.407151869135343,12834.851859395045,0.5618680998483433,1.007428891198022,0.554656653209461,41,12.812960376019925,22.9730198102688,5,1306.1315553196766,40.85732430021756,208.5751576188096,26963,6,2,1,False,True,match730_003846224175849013887_1403891103_383,own,de_anubis,26969,04d29c9bb8,ak47,True,False,False,False,False,False,139.0,0.0,1.0,rifle,0.45269154312732746,False,26771
180.54389365230097,14.530101510536872,147.83098577128823,4523.950142115928,10.84477286816234,15.337167007847654,7.951446984764733,0,40.07199931154579,57.38243397804081,0,208.7208779599252,65.82699041772194,220.3317198653651,23847,44,8,4,False,True,match730_003845735833772490759_0956054515_272,own,de_inferno,23891,baaaf134bc,ak47,False,False,False,False,False,False,15.0,0.0,0.0,rifle,0.45268065518495576,False,23655
835.7276888303224,86.55390749348149,8.444986979166666,31519.551436812777,3.971128011456104,5.818313188133611,2.0056087963501508,0,20.77189946589274,30.350826814314672,0,298.9448297220259,24.3617460003692,103.86551844869194,217634,13,3,1,False,True,furia-vs-betboom-m2-cache,pro,de_cache,217647,c32a6f9c5c,ak47,True,False,False,False,False,False,0.0,0.0,0.0,rifle,0.4526488240750668,False,217442
348.11116673295965,65.70268010119683,21.05651273889825,7330.560041289,2.40743175448558,4.434232737602322,0.7956501515591179,6,40.182728188331566,74.32907669269713,0,955.7272602308432,163.7035267643698,153.6975915514673,86867,59,5,2,False,True,match730_003846114907586035842_2006638891_196,own,de_mirage,86926,8a33bc3a37,usp_silencer,False,False,False,False,False,False,33.0,0.0,0.0,pistol,0.45258715827798246,False,86675
45.68018493329308,12.628096305004956,12.345340056701671,1946.480155843468,0.3272160570683297,1.178027747133738,0.3056843710337775,14,8.6292358771863,31.081721351851247,4,1506.4767352292972,51.452354258934974,161.01230648257908,107384,0,1,1,True,True,match730_003831793800846508273_1359762374_161,own,de_mirage,107384,8a33bc3a37,deagle,True,False,False,False,False,False,6.0,0.0,0.0,pistol,0.45257029941169313,False,107192
24.85617950252965,5.781854173519036,15.18410783147194,1027.2007310451545,1.224473346000238,0.9967230553404974,0.6804980450661893,42,18.752979436308784,15.263892687933843,35,875.8777409953574,102.7383570328192,439.9345185296157,32065,0,1,1,True,True,match730_003846224175849013887_1403891103_383,own,de_anubis,32065,29b1cdb2be,awp,False,False,False,False,False,False,61.0,0.0,0.0,sniper,0.45251567730292613,False,31873
246.6549548438072,22.23405766105481,6.522084051976712,10641.095029670729,0.7550059539653519,0.4912790565167075,0.3060301586793475,28,12.6244698136503,8.279437797796628,24,916.1757983937596,78.38840664079603,380.17009342686,76952,21,2,2,True,True,match730_003846055312767320440_2034169741_274,own,de_nuke,76973,8a33bc3a37,usp_silencer,False,False,False,False,False,False,18.0,0.0,0.0,pistol,0.45240984140362794,False,76760
88.59375,22.97960718787084,61.782861305169966,2988.25,0.3988880746721445,3.819727878166431,0.3988880746721445,4,5.74417679209368,55.145991677004005,1,825.064456138556,178.83138987379152,404.7175957411303,109375,0,1,1,True,True,match730_003833678395988770820_2132169428_161,own,de_dust2,109375,8a33bc3a37,ssg08,False,False,False,False,False,False,10.0,0.0,0.0,sniper,0.4523484818674826,False,109183
216.07176699308985,24.274661194090385,138.80654405102305,7488.217975429131,15.759209258262718,9.31888885973543,0.7295147935568786,0,64.07097172218872,38.41324872983354,0,226.80061865498345,216.1091326601725,499.5481814339964,120830,19,4,1,False,True,match730_003829380948349157814_1390656678_161,own,de_dust2,120849,ba3ac6a90d,ak47,False,False,False,False,False,False,46.0,0.0,0.0,rifle,0.4522600594381414,False,120638
856.5410976582145,97.7241263328022,79.37641575805074,27106.148957281344,1.6481516033353365,4.788252039082139,1.6481516033353365,2,19.2800137517777,56.46866899422675,1,643.0298727025971,194.59439267613,456.327972850034,192842,0,1,1,True,True,furia-vs-betboom-m2-cache,pro,de_cache,192842,6c3df85cda,ak47,False,False,False,False,False,False,0.0,0.0,0.0,rifle,0.4521907592633201,False,192650
37.62607292850665,8.628901453514427,6.873722063949683,1340.7999571175976,0.2359194370253094,1.0296840462358026,0.1690577922383759,48,6.357326365155643,27.76467255985146,5,1543.9419288568065,96.90683330576678,491.0137011526781,24528,37,4,4,True,True,furia-vs-betboom-m1-mirage,pro,de_mirage,24565,a7745f74db,ak47,False,False,False,False,False,False,0.0,0.0,0.0,rifle,0.45217255868015094,False,24336
80.35609306206784,26.20114410235172,39.948123179227984,2174.368449002514,4.516290812529766,6.625231845304688,4.516290812529766,0,62.999426887331744,93.0546373817447,0,797.4648497236017,38.03811012745673,440.6304678185985,35266,15,2,1,False,True,match730_003845721267390906757_0873910189_273,own,de_anubis,35281,2a309cc914,m4a1_silencer,False,False,False,False,False,False,48.0,0.0,0.0,rifle,0.45213642564449774,False,35074
121.12250169002212,13.797792766629964,0.0,2344.7151081614165,1.4107259250944728,1.1798327566021296,1.0480071159083335,20,15.359820542662122,12.848294185466248,15,623.4624511271555,58.93686629875633,58.87724173929553,72265,32,6,4,False,True,match730_003833678395988770820_2132169428_161,own,de_dust2,72297,7090249fd0,m4a1_silencer,False,False,False,False,False,False,36.0,0.0,1.0,rifle,0.45213318194849944,False,72073
53.57777655202565,14.916496134731252,17.713939657122285,1079.09256250912,0.8463095601328997,1.9727176138450704,0.6111010715495006,32,6.921257889281296,16.747630760748823,6,468.4004819401231,49.01259412921364,218.03532931722484,94993,10,3,2,False,True,match730_003846114907586035842_2006638891_196,own,de_mirage,95003,a0aa94d8fe,mp7,False,False,False,False,False,False,37.0,0.0,0.0,smg,0.4520794709166867,False,94801
715.0372989002393,153.4047440259542,50.62736732109744,22345.23866739724,5.348453865921732,12.440194412460205,5.348453865921732,0,23.05923312730549,55.15789271102274,0,218.8662580710116,255.4999866297623,711.6419852812697,103077,32,6,1,False,True,match730_003829380948349157814_1390656678_161,own,de_dust2,103109,301b246229,ak47,True,False,False,False,False,False,36.0,0.134995087981224,0.0,rifle,0.4520693744329885,False,102885
725.4461839934555,95.1955969243966,7.768026652550794,20563.397336006437,1.3193225763602814,1.209956487699067,1.0345435219633172,27,16.487077430446785,15.187875533572798,10,684.6860669266674,16.513531315691672,560.7182434609048,156209,7,2,1,False,True,astralis-vs-fnatic-m1-dust2,pro,de_dust2,156216,7097f9c9f2,ak47,True,False,False,False,False,False,0.0,0.0,0.0,rifle,0.4520455422151449,False,156017
254.41462208530965,48.01685738959237,118.57872376382,6551.389909945674,0.9434742753028056,7.610941611444869,0.9434742753028056,3,12.51901009991311,102.75146572308113,1,726.5967485890301,161.0365715724704,641.3851737493175,8670,26,5,4,False,True,luminosity-vs-nemiga-m1-cache,pro,de_cache,8696,f730a5e684,ak47,False,False,False,False,False,False,0.0,0.0,0.0,rifle,0.451971225446151,False,8478
170.58477304811103,31.852506435190485,20.36392966060491,5871.800475079106,10.708322630237038,10.104062961952852,6.834832497745383,0,78.01913520003474,73.53930304129327,0,412.50238974408217,69.41084370514906,309.2281967996544,34568,70,11,5,False,True,astralis-vs-fnatic-m2-ancient,pro,de_ancient,34638,c023f685ab,m4a1,False,False,False,False,False,False,0.0,0.854375958442688,0.0,rifle,0.45177960191390687,False,34376
16.282885566315407,8.089173474706392,6.355878050193932,534.5212572047672,3.0428250181502325,2.8843600333122814,2.798415742488526,0,35.82700891402117,34.05697679698289,0,673.8594323878041,83.38382451148667,83.27070567658998,90914,18,4,2,False,True,furia-vs-betboom-m2-cache,pro,de_cache,90932,52f704f8ce,galilar,False,False,False,False,False,False,0.0,1.0,0.3879692852497101,rifle,0.45172171572094344,False,90722
78.7939453125,4.142313584716426,49.5793010879508,3226.690049858972,4.422594202032732,3.087555589587165,2.797568317276207,0,19.853203279038947,13.862951605124206,16,256.3048709569155,78.99994209665908,507.07664526699847,182577,25,5,2,False,True,luminosity-vs-nemiga-m2-dust2,pro,de_dust2,182602,d61b8b9081,ak47,True,False,False,False,False,False,0.0,0.0,0.0,rifle,0.45168497118856027,False,182385
19.314453125,4.974420725351489,12.46051435702414,530.1875,1.2809890200208804,1.3833618393372764,0.3778225763455753,27,23.845516369302416,25.620216991543494,0,1066.2307455361777,151.89575786065924,297.9235681551135,95536,37,3,2,False,True,match730_003831793800846508273_1359762374_161,own,de_mirage,95573,8a33bc3a37,usp_silencer,True,False,False,False,False,False,6.0,0.0,0.0,pistol,0.4515614706199933,False,95344
163.32275390625,57.95227176961606,141.75093183515114,3798.007427929675,11.056618112524584,13.8349137059104,10.120508213991906,0,54.60924725449711,69.30960506044318,0,279.3531822512942,97.11312273948572,395.5498835862742,44473,135,22,4,False,True,match730_003833678395988770820_2132169428_161,own,de_dust2,44608,7090249fd0,ak47,False,False,False,False,False,False,36.0,0.0,0.0,rifle,0.4515005802442895,False,44281
14.875342228903571,2.7198186220213505,2.3464043624355573,746.71875,1.654955399458404,1.2389623691561602,0.672545417183449,29,23.23934546078096,17.403847106448048,0,803.6058989241932,91.76327363640848,191.5568683396706,33371,32,6,4,True,True,match730_003845735833772490759_0956054515_272,own,de_inferno,33403,6f17506be7,ak47,False,False,False,False,False,False,40.0,0.0,0.0,rifle,0.45149285909160763,False,33179
298.7740027389883,21.886905226724288,1.706354351835072,7030.280781734771,0.4178363957217665,0.45763913613577,0.3079763274013018,24,8.464669324880825,9.270637293976844,13,1159.5902120209737,121.6557984881648,947.9202579648822,29101,0,1,1,True,True,luminosity-vs-nemiga-m2-dust2,pro,de_dust2,29101,590a913841,m4a1_silencer,True,False,False,False,False,False,0.0,0.0,0.0,rifle,0.4513502809996955,False,28909
1009.5392140864184,125.41140392686243,10.586159428906734,22258.136496982566,2.733895017301447,2.710129494914469,2.3050645451964447,3,32.62068854367942,32.251442429201994,0,682.2448032290282,159.73570411721664,250.43965484349215,4677,29,4,2,False,True,aurora-vs-9z-m1-dust2,pro,de_dust2,4706,b793b85286,glock,True,False,False,False,False,False,0.0,0.0,0.0,pistol,0.4511744369363495,False,4485
82.39608898742084,9.011459248412708,48.76624022222713,3464.418725283077,0.7507403065028216,2.1853601073483984,0.5477134720263687,43,13.556701097386698,39.48046247921842,2,1034.48409970664,146.576175657438,269.97179017163927,69343,0,1,1,True,True,match730_003833682433258029322_1216037504_161,own,de_dust2,69343,f86f118666,awp,False,False,False,False,False,False,7.0,0.0,0.0,sniper,0.45116632274992446,False,69151
26.546867240379235,6.827815573118357,18.204391983406055,613.1052339993205,3.180226281701218,1.9650333947395324,1.1871308849484767,0,19.12026745382055,11.88616238526088,12,343.98230572316385,120.62582579583474,246.5318522195888,22159,17,4,1,False,True,luminosity-vs-nemiga-m1-cache,pro,de_cache,22176,74c7d1f104,m4a1,True,False,False,False,False,False,0.0,0.0,0.0,rifle,0.4510383117947126,False,21967
8.13018779927181,2.317989344103625,4.973981258570544,182.26749958851687,1.4254447236759475,0.8923645774304372,0.6464005796902947,22,14.74551520146172,9.298605029000688,16,591.0711305094406,189.88275578691625,295.3409070378349,36318,0,1,1,True,True,match730_003846095210866016783_0292086677_161,own,de_ancient,36318,c8d7238405,awp,False,False,False,False,False,False,25.0,0.0,0.0,sniper,0.4510226200189484,False,36126
20.3149174117396,5.307110374961659,2.101175861126789,665.6928699262736,0.7185480585689612,0.7055831402167864,0.6604185652185808,24,15.439642187629698,15.160692183218256,11,1230.9939762653082,20.93111362982181,213.9810400827347,48683,6,2,2,True,True,match730_003846055312767320440_2034169741_274,own,de_nuke,48689,9f3aebc0e3,m4a1_silencer,False,False,False,False,False,False,12.0,0.0,1.0,rifle,0.4509393576933643,False,48491
55.32679376775497,10.734103586588136,1.8824869791666667,1028.5304918873053,0.3039585057133073,0.3741992182067429,0.3039585057133073,28,5.669157045667769,6.979023450103428,20,1067.555395743731,62.216281485967045,103.2003421862539,161683,0,1,1,True,True,furia-vs-betboom-m2-cache,pro,de_cache,161683,4acdd8fa23,tec9,True,False,False,False,False,False,0.0,0.0,0.0,pistol,0.4509249151566303,False,161491
30.41015625,0.9273238738677028,16.0546875,973.125,5.529219197718674,5.384967650949102,5.144901681866359,0,27.116729116801835,26.718132824137875,0,279.7116618803286,119.50768110596636,548.7917758045246,138602,13,3,1,False,True,aurora-vs-9z-m1-dust2,pro,de_dust2,138615,7a9df6b20d,m4a1_silencer,True,False,False,False,False,False,0.0,1.0,1.0,rifle,0.45084387546838645,False,138410
69.9833984375,7.360073250292007,0.6591796875,1923.8106633077496,0.1310683287517628,1.2185001650934058,0.0922138259783841,8,2.210615126465031,20.5837595549879,6,957.5951750334492,32.15972139022326,325.4928429631106,65329,11,3,2,False,True,astralis-vs-fnatic-m2-ancient,pro,de_ancient,65340,3f5c0f1ef2,m4a1,False,False,False,False,False,False,0.0,0.0,1.0,rifle,0.45080297084165377,False,65137
464.2747780879703,50.93551003177697,109.66625383241808,11339.266397228172,3.6098850383297134,18.91764970125404,3.394151293589169,0,19.46829311011162,108.5677362925706,2,308.49500008266074,162.7952173375177,148.76506949278857,132330,12,3,1,False,True,match730_003846114907586035842_2006638891_196,own,de_mirage,132342,b372556378,ak47,True,False,False,False,False,False,10.0,0.0,0.0,rifle,0.4507804192005211,False,132138
45.43365937678298,4.099694510888547,0.5784505208333334,1736.6042047779931,1.5438254266472655,1.2290554016971371,1.0425855120396204,20,18.494095815180376,14.715943704536652,14,686.0833129775411,73.07315238036243,336.7035191549265,22314,13,3,2,True,True,match730_003846224175849013887_1403891103_383,own,de_anubis,22327,04d29c9bb8,ak47,False,False,False,False,False,False,139.0,1.0,0.0,rifle,0.4507022997307641,False,22122
30.78333852430905,9.953249637521044,8.224411161268064,1198.027534866093,0.4195840462220544,0.6111555998931293,0.4195840462220544,65,6.57664114014433,9.80881767218807,11,897.4781086052959,128.63075938125343,466.4665470167744,111512,25,5,3,False,True,match730_003845735833772490759_0956054515_272,own,de_inferno,111537,db46f148b7,ak47,False,False,False,False,False,False,43.0,0.0,0.0,rifle,0.45054172906578216,False,111320
570.551018860034,44.84652612972794,74.19493732642674,15808.138274868405,11.626343129948046,10.086639468463671,3.986093624033126,0,54.06733580566274,46.32483538864236,0,262.34710924663614,125.25316759921324,350.66595129624307,46995,38,7,3,False,True,astralis-vs-fnatic-m2-ancient,pro,de_ancient,47033,f100e9403c,ak47,True,False,False,False,False,False,0.0,0.0,0.0,rifle,0.450524955760307,False,46803
316.309393983013,72.88626573160286,101.94792584516284,10777.391587993474,15.608479118908235,9.455406158440947,1.616321342242555,0,87.96898413826058,54.69771811224532,0,314.6779523288716,115.5847026317688,464.689049433686,79433,34,8,6,False,True,match730_003845735833772490759_0956054515_272,own,de_inferno,79467,db46f148b7,mac10,True,False,False,False,False,False,43.0,0.0,0.0,smg,0.45045886983297373,False,79241
452.76816348941264,49.44820268521633,4.321614583333333,12648.71746812612,0.1585343592841417,1.1068513733051697,0.1585343592841417,13,3.012941350417276,20.860887331884257,6,1088.891643698509,179.74370336074213,363.85208793970617,94301,25,5,3,True,True,aurora-vs-9z-m1-dust2,pro,de_dust2,94326,6e8537eb46,ak47,False,False,False,False,False,False,0.0,0.0,0.0,rifle,0.4504494885857578,False,94109
45.74056881484615,8.590407379880794,10.455985581555408,1311.747897914553,0.8895246521848962,0.7512510650416602,0.2521601894873752,31,10.306675895718891,8.764085122503676,28,658.6454074418936,158.0148911733339,1062.8612985662814,134738,0,1,1,True,True,furia-vs-betboom-m1-mirage,pro,de_mirage,134738,372a892754,ak47,True,False,False,False,False,False,0.0,0.0,0.0,rifle,0.4503884681089278,False,134546
147.0829075808032,23.12140777767091,10.21170433755676,4212.910163546455,4.334432954256615,5.13676060115478,4.334432954256615,0,11.651341592212187,13.274370157482352,23,152.11251801751666,107.05158861462476,498.2588176672803,20949,6,2,1,False,True,match730_003845848209444307084_2046226831_274,own,de_dust2,20955,d9f31878b9,ak47,True,False,False,False,False,False,57.0,0.0,0.0,rifle,0.4503245197237049,False,20757
255.0752820731337,34.811630811808115,8.840011311565684,6095.6508166812055,0.2028784826751886,0.7026081783005879,0.2028784826751886,25,3.2619051383943294,11.527571456706909,21,912.9292975877792,76.29623985798433,549.2141770391412,77266,26,5,5,True,True,luminosity-vs-nemiga-m1-cache,pro,de_cache,77292,798c33b296,m4a1_silencer,False,False,False,False,False,False,0.0,0.0,0.0,rifle,0.4502327419468785,False,77074
21.00265007100742,1.7127765042500307,16.7528455281634,584.3526009796362,0.1852840320719164,0.6756350691023314,0.0880475599476767,65,5.660120087962641,20.65698334466212,4,1747.41062454703,99.37152688235338,455.3291730382023,40724,0,1,1,True,True,match730_003845735833772490759_0956054515_272,own,de_inferno,40724,baaaf134bc,awp,False,False,False,False,False,False,15.0,0.0,0.0,sniper,0.45017777192452596,False,40532
930.2772826075852,157.01638348894846,40.14002884025993,24553.69101811609,2.4772871895274937,6.002104379319826,2.4772871895274937,1,14.891932682510914,37.94427462413873,1,343.9743915351348,199.9247041486537,342.6939769811956,97646,9,2,1,False,True,match730_003846114907586035842_2006638891_196,own,de_mirage,97655,6f05066c08,tec9,False,False,False,False,False,False,20.0,0.2678063511848449,0.0,pistol,0.4501539303959169,False,97454
167.69130249489413,19.1299588795727,18.50042965785507,5195.553783086909,0.3955190317856514,0.8924260285368119,0.3955190317856514,25,11.510115221039934,25.98761276038045,2,1667.2311271424912,134.91811185335172,488.46779944569545,6689,0,1,1,True,True,aurora-vs-9z-m2-mirage-p2,pro,de_mirage,6689,6c2b13b080,ak47,True,False,False,False,False,False,0.0,0.0,0.0,rifle,0.45011935912753703,False,6497
25.56597194084174,0.7712921946725209,13.705533537019296,981.9562741620596,0.2637889178652396,0.36502237832557,0.1424443072625459,65,7.0642865952685,9.775402670081036,24,1534.366578222366,94.3970484030548,95.36087326888652,64563,0,1,1,True,True,astralis-vs-fnatic-m2-ancient,pro,de_ancient,64563,c023f685ab,awp,False,False,False,False,False,False,0.0,0.0,0.0,sniper,0.4500566818220429,False,64371
11.188429681946603,2.377441809403245,9.106762937725785,342.7431992235049,0.5654098308093206,0.4983658780579384,0.2060187068234145,60,11.751344184726488,10.382367458222898,38,1189.6419867531938,180.5078679960301,374.68156947270256,110654,0,1,1,True,True,match730_003846095210866016783_0292086677_161,own,de_ancient,110654,b639457643,awp,False,False,False,False,False,False,42.0,0.0,0.0,sniper,0.4500156139976746,False,110462
29.50536756660521,5.93860229878126,0.8346354166666666,732.4264777888313,0.8945381627742721,0.835529727920618,0.1779375662681873,39,13.983303440636591,13.180475305233797,34,895.2911675970258,117.9745728541669,240.73139271356183,46674,0,1,1,True,True,match730_003845848209444307084_2046226831_274,own,de_dust2,46674,3a84a7ef32,awp,False,False,False,False,False,False,59.0,1.0,0.0,sniper,0.4499975120280111,False,46482
355.52856058701394,65.28272240175272,5.749257419902008,6124.8249959492605,1.9943113729703907,2.216269973561274,1.7529045972016728,13,38.124282885253386,42.36881366244274,0,1094.793983794989,66.7030084045564,355.0500314719268,75569,45,8,5,False,True,match730_003833678395988770820_2132169428_161,own,de_dust2,75614,7090249fd0,m4a1_silencer,False,False,False,False,False,False,36.0,0.0,0.0,rifle,0.4499874368366184,False,75377
45.89603722322566,9.920613265632255,7.598143153260146,1809.3096578770756,0.2489067946836854,0.5157195110231738,0.0820017222918416,65,4.529496998056492,9.385189545488156,13,1035.6379314090086,40.83280008116772,48.89199583899812,11638,0,1,1,True,True,match730_003833678395988770820_2132169428_161,own,de_dust2,11638,f86f118666,deagle,False,False,False,False,False,False,7.0,0.0,0.0,pistol,0.44997360452007334,False,11446
328.55306869977017,37.52431944471641,234.056830527954,21027.39639678529,7.802427153337466,9.073745782780843,1.1850051434737157,0,42.10540648954871,50.12062921097066,0,306.66756962583264,103.38104430027204,372.6475685241615,55024,99,22,3,False,True,match730_003829380948349157814_1390656678_161,own,de_dust2,55123,844038e231,mp9,True,False,False,False,False,False,40.0,0.0,0.0,smg,0.44984784302909003,False,54832
64.89118758503568,6.091220453779952,5.163411458333333,1894.723364299561,0.7064353321382134,0.7131902214960982,0.6983871039144417,65,10.912810493172405,11.01544962283436,18,878.7694298017944,59.46571927672519,97.55990321047132,78371,0,1,1,True,True,aurora-vs-9z-m2-mirage-p1,pro,de_mirage,78371,c1c75a4da6,usp_silencer,True,False,False,False,False,False,0.0,0.0,0.0,pistol,0.4497755347897029,False,78179
27.22111262722153,8.51647767486292,5.782142279437682,836.4874018462867,0.5200447100220765,0.537718625742668,0.4896046324968621,32,7.998901953845175,8.330158856714466,23,881.2504995894707,91.57328059978585,392.6259000610037,30543,0,1,1,True,True,match730_003833682433258029322_1216037504_161,own,de_dust2,30543,c2d6ff7eff,m4a1,False,False,False,False,False,False,48.0,0.0,0.0,rifle,0.44970244430451956,False,30351
18.30737258943893,5.2175063715420045,7.355662415510227,781.1147107859703,0.9756501491079104,1.085633236085609,0.9074248651198774,58,18.310982485584656,20.48359826906252,3,1073.7607824107304,15.471675104129426,76.25554296131747,77727,80,5,2,False,True,match730_003845721267390906757_0873910189_273,own,de_anubis,77807,b0848df2ab,hkp2000,True,False,False,False,False,False,38.0,0.0,0.0,pistol,0.4496494383988162,False,77535
113.40523631404152,20.2149088657265,5.7932393702242,3443.401052593375,0.3984216927421726,0.6960965757738232,0.3984216927421726,44,11.266881792808697,19.68548482151329,6,1617.0359986935505,0.0,9.228819103801518,12471,24,2,2,True,True,match730_003845848209444307084_2046226831_274,own,de_dust2,12495,d9f31878b9,ak47,True,False,False,False,False,False,57.0,0.0,0.0,rifle,0.4495833590065422,False,12279
207.09781908384,22.512209374042907,183.1435244448885,4085.621638579343,12.514127202222978,13.903404454713728,7.964325166857003,0,38.09487265938605,45.662043531984885,0,169.50702896008278,215.0028173057754,530.8703347112706,34245,96,16,2,False,True,match730_003845721267390906757_0873910189_273,own,de_anubis,34341,a4c1cf00e8,m4a1_silencer,True,False,False,False,False,False,57.0,1.0,0.0,rifle,0.44954933782024925,False,34053
51.78135656277932,6.211808672070578,9.839167242779656,1537.000027508349,2.206124074943053,2.3685300572533485,0.3192258774574513,27,45.02852764001597,48.72179777384974,0,1168.855069371749,163.01909995189212,305.73203529035914,24279,20,4,1,False,True,aurora-vs-9z-m1-dust2,pro,de_dust2,24299,9885584175,ak47,True,False,False,False,False,False,0.0,0.1624810695648193,0.0,rifle,0.44947579844643504,False,24087
778.5435615271672,102.55146610923988,18.33863126288932,29274.685252735275,0.3858620548934494,1.616684989228527,0.3289503932617599,8,6.378549756175293,26.69661527152591,5,946.5933956459206,60.32806945266501,396.04425475131967,137528,0,1,1,True,True,luminosity-vs-nemiga-m2-dust2,pro,de_dust2,137528,d61b8b9081,ak47,True,False,False,False,False,False,0.0,0.0,0.0,rifle,0.44946650809412714,False,137336
464.2481360123313,41.85122811254728,74.60678553391398,11188.5961161801,0.6939837558767024,1.77632776951786,0.396418082504183,30,12.584561803135609,32.34453530264339,2,1038.860477108024,228.558652664622,233.63605182493552,133753,26,5,3,True,True,luminosity-vs-nemiga-m1-cache,pro,de_cache,133779,d61b8b9081,m4a1_silencer,False,False,False,False,False,False,0.0,0.0,0.0,rifle,0.44936926661229404,False,133561
162.32224362240817,13.12976048378405,4.985761142355703,6407.002490114843,0.6925994990369171,0.4685389963097762,0.375537287667289,29,15.077076309903092,10.19300756978991,15,1247.1955930578265,173.41765743051965,1101.466574491123,7311,0,1,1,True,True,astralis-vs-fnatic-m1-dust2,pro,de_dust2,7311,ca06492643,usp_silencer,True,False,False,False,False,False,0.0,0.0,0.0,pistol,0.44926468721340057,False,7119
46.55670917523703,4.898241194745209,19.36225705908679,1258.6078280732602,0.5979561605536169,1.3186488274818795,0.0852699020728252,65,9.64670463163714,21.293822354095965,2,924.1283516650216,19.904343153846572,248.14984505903945,77831,19,4,3,True,True,aurora-vs-9z-m2-mirage-p1,pro,de_mirage,77850,c1c75a4da6,m4a1_silencer,False,False,False,False,False,False,0.0,0.0,0.0,rifle,0.4491691297821295,False,77639
63.62097529963992,6.324546333002782,24.458657639669525,3784.922571537361,4.305924391450394,3.628097079467026,2.33620915390957,0,24.3113694432542,20.576707503122925,0,322.82434409864754,109.60200047240863,482.6764518454829,27931,0,1,1,True,True,match730_003845735833772490759_0956054515_272,own,de_inferno,27931,baaaf134bc,awp,True,False,False,False,False,False,15.0,0.0,0.0,sniper,0.449116019079406,False,27739
77.73571217369263,6.678924677715896,73.6030290010879,1820.5900792552225,7.437656690162508,8.508258593946119,4.538386236363003,0,51.037442367020255,59.45826817043344,0,364.2843293120468,171.99903597683073,618.0910931128672,60811,90,15,4,False,True,match730_003846114907586035842_2006638891_196,own,de_mirage,60901,9f5f4034b1,ak47,False,False,False,False,False,False,13.0,0.0,0.0,rifle,0.4490968285092652,False,60619
63.85540140108405,19.69174059044988,11.960947330919792,1545.6704612658104,0.5814332533738142,0.8630582188489713,0.5814332533738142,39,16.53596976883782,24.53207455186703,1,1629.364235176826,88.23110226641927,567.1687721548135,48769,13,3,2,False,True,match730_003846087479924883540_0606572273_161,own,de_mirage,48782,7b600d11e9,ak47,False,False,False,False,False,False,4.0,0.0,0.0,rifle,0.4490693477141662,False,48577
101.5791406937162,18.299978340458743,13.024172870279736,3349.462939910021,2.432489821530324,1.6693067585510737,0.0436617326408463,37,49.0772957480937,33.70394370977439,0,1154.8032924440247,131.65367711306234,302.953069608334,87939,13,3,3,True,True,astralis-vs-fnatic-m1-dust2,pro,de_dust2,87952,f100e9403c,ak47,False,False,False,False,False,False,0.0,0.820766806602478,0.0,rifle,0.4490647989799638,False,87747
36.13605809167073,6.817838765371722,1.7067057291666667,1767.082717866927,0.990369882238972,1.0806715089381829,0.0675334070138593,65,15.72283354502992,17.155896446564928,8,908.1658005448036,55.96076625103297,113.9470891710619,3687,0,1,1,True,True,match730_003846224175849013887_1403891103_383,own,de_anubis,3687,0c250789aa,glock,True,False,False,False,False,False,62.0,0.0,0.0,pistol,0.44899616615023225,False,3495
32.607421875,7.109700687152383,20.483712833208514,1043.375,0.6560433087089838,0.9589834902127292,0.6560433087089838,62,8.848350093521615,13.141115607727103,13,772.7279126045001,140.07798471754762,265.8684568420879,215309,7,2,2,True,True,luminosity-vs-nemiga-m2-dust2,pro,de_dust2,215316,d61b8b9081,m4a1_silencer,True,False,False,False,False,False,0.0,0.0,0.0,rifle,0.4489736171468631,False,215117
113.01082271043887,28.31323503151441,86.83078586810932,5030.5094298038,3.162534185899147,2.76432058792862,0.4408753757845358,0,24.04675935939405,21.196461630160943,0,434.8873095281504,109.17377058475996,482.52737379403374,122918,0,1,1,True,True,match730_003845735833772490759_0956054515_272,own,de_inferno,122918,8a33bc3a37,awp,False,False,False,False,False,False,20.0,0.0,0.0,sniper,0.4489541253575547,False,122726
726.8855591680262,112.5391337622894,35.71469356884116,22424.52911775017,5.652161102192609,5.183575173911284,0.4174392278637479,0,46.024332188223134,41.616361612329534,0,464.6911519774227,87.6618924824855,77.12870280011244,115478,7,2,1,False,True,furia-vs-betboom-m1-mirage,pro,de_mirage,115485,0f3b1e9da0,ak47,False,False,False,False,False,False,0.0,0.0,0.0,rifle,0.4489215526907681,False,115286
116.289551944747,52.47040751760177,0.0,3943.601974268772,1.3845388478704832,3.6952900027311046,1.0464136546595515,6,12.275501272937356,33.90627881884202,4,507.73162223398685,63.550170427112654,460.4240324223931,5002,59,7,1,False,True,match730_003846224175849013887_1403891103_383,own,de_anubis,5061,2f550dd2cf,glock,False,False,False,False,False,False,73.0,0.0,0.0,pistol,0.44889266513929277,False,4810
24.279296875,6.006397780795448,11.271484375,1215.0,0.8128171903826422,0.7728867074458206,0.5080843245346967,65,16.85997423478242,16.05019073530918,1,1187.6572412606972,60.67535749243158,252.78338565742456,58573,6,2,1,False,True,aurora-vs-9z-m1-dust2,pro,de_dust2,58579,6c2b13b080,ak47,False,False,False,False,False,False,0.0,0.0,0.0,rifle,0.4488524276957805,False,58381
517.2792598308367,116.77695805744354,109.45752171204155,15224.95105195488,0.0807581584669717,5.1216427393530095,0.0807581584669717,3,0.4501184855961774,26.53426210172163,3,288.5081460797123,223.7183799120544,549.0868327807742,124341,57,7,3,False,True,match730_003846114907586035842_2006638891_196,own,de_mirage,124398,1c49a0cc75,ak47,False,False,False,False,False,True,20.0,0.7872825860977173,0.0,rifle,0.44877786106085454,False,124149
96.80502323957194,23.790530417355416,47.24946713563225,2349.9364660062,3.4140788842485623,6.434895693601408,1.073793367739461,0,51.5249373883835,98.62315354720906,0,856.7058383942656,209.3235053250414,467.8395630690731,58747,19,4,1,False,True,match730_003831793800846508273_1359762374_161,own,de_mirage,58766,03d8a6e44d,ak47,False,False,False,False,False,False,46.0,0.0,0.0,rifle,0.4487397746784869,False,58555
41.10100962983584,4.962412743221799,12.321875116572269,2518.6009214566925,2.443816605495683,2.485165461980377,0.2134028512922628,50,35.5439484355867,36.19185715669894,0,832.7461237843021,188.59862571615872,470.9149093857897,74953,63,9,1,False,True,match730_003831793800846508273_1359762374_161,own,de_mirage,75016,03d8a6e44d,m4a1,True,False,False,False,False,False,44.0,0.4143197536468506,0.0,rifle,0.4487190077420511,False,74761
172.22611936121564,29.64625672892956,33.283546749690124,4729.59393086663,3.040201344714024,7.8658680698559165,2.846150530572384,0,44.95942575868011,119.05005810030954,0,842.23729765871,51.31920387858192,369.28510251644,57990,26,5,4,False,True,luminosity-vs-nemiga-m1-cache,pro,de_cache,58016,798c33b296,m4a1_silencer,False,False,False,False,False,False,0.0,0.0,1.0,rifle,0.4486711835992336,False,57798
475.4151952282231,120.9750126785024,86.93880368675393,15073.000270685348,6.115236776840834,10.137498500307949,6.115236776840834,0,50.894171743979314,86.04223627535745,0,387.1969198505024,104.24304050852126,217.174745222328,80823,57,13,5,False,True,match730_003846055312767320440_2034169741_274,own,de_nuke,80880,b3b8926d79,mac10,False,False,False,False,False,False,26.0,0.0,0.0,smg,0.44864869082312414,False,80631
36.715303247886006,4.662946167356166,8.806270762725122,800.3579936944105,3.606645496627508,3.675972552264561,3.323699471423252,0,47.13920992700893,48.037913324060064,0,746.6626227155082,5.759775971928084,135.21195687984368,117626,35,4,1,False,True,astralis-vs-fnatic-m1-dust2,pro,de_dust2,117661,c023f685ab,famas,True,False,False,False,False,False,0.0,0.0,0.0,rifle,0.44846665988907874,False,117434
1057.2713448640004,140.39008821464066,42.64810932733904,28025.40346648413,2.542778347054887,3.023167514110015,1.773152540472652,1,22.126225223745266,26.282359897065287,0,497.9424202109641,51.84350265247388,462.5716893214063,53943,32,6,4,False,True,luminosity-vs-nemiga-m2-dust2,pro,de_dust2,53975,95f0d4db09,ak47,False,False,False,False,False,False,0.0,0.0,0.0,rifle,0.4484495079132434,False,53751
204.68145968777563,43.14746566758846,57.949825589095006,7733.38856493446,2.846920338480842,5.091784786706743,2.846920338480842,1,18.562176393108576,33.547056589356544,1,373.2214765464284,199.19375701255123,393.73723354807817,93459,0,1,1,True,True,match730_003846087479924883540_0606572273_161,own,de_mirage,93459,7a2108eafc,ssg08,True,False,False,False,False,False,19.0,0.0,0.0,sniper,0.44844723248501817,False,93267
110.26033266569148,18.399059042966183,0.0,3057.363416191641,1.0770238381668176,0.878934397109146,0.7271531116971969,27,12.759430335031922,10.407120296292511,16,678.5534671595173,90.84660288423088,312.48803653392974,123202,19,4,2,True,True,match730_003846095210866016783_0292086677_161,own,de_ancient,123221,abfcba6be4,m4a1_silencer,False,False,False,False,False,False,18.0,1.0,0.0,rifle,0.448418857901107,False,123010
219.4302598871965,43.595574628938806,9.992203870066392,6779.132239342237,1.0798927699722145,1.0345759253497548,0.8157715185303474,19,4.861776376624784,4.7873131305252645,19,257.4651821408325,75.61143995283228,143.38153038415325,140899,18,2,2,True,True,match730_003846095210866016783_0292086677_161,own,de_ancient,140917,abfcba6be4,deagle,False,False,False,False,False,False,18.0,0.0,0.0,pistol,0.44840736928537067,False,140707
16.488396032133124,5.006657732759289,9.186586181407014,527.621092919001,2.1235484507323448,1.7626188178386195,1.4937435999901736,14,16.69574649574067,13.854935944779726,12,450.0223625696516,103.33649960796342,423.3042359970447,41142,23,5,3,False,True,astralis-vs-fnatic-m2-ancient,pro,de_ancient,41165,3f5c0f1ef2,m4a1,True,False,False,False,False,False,0.0,0.0,0.9174001812934875,rifle,0.44838683769433824,False,40950
20.74274382051741,2.83516148813045,14.904495918715762,672.4301144391874,0.3936449650337267,0.97331908510789,0.3936449650337267,18,6.1204578812032615,15.130362994883995,9,884.0719411565076,107.26553918006772,286.8151049910508,13586,0,1,1,True,True,aurora-vs-9z-m2-mirage-p2,pro,de_mirage,13586,6e8537eb46,m4a1_silencer,True,False,False,False,False,False,0.0,0.0,0.0,rifle,0.4483842913091059,False,13394
123.74692349703766,10.87739963556695,26.49246848580822,5399.176132573888,1.3416935096692082,0.7274139009634818,0.5057043540681582,34,18.6218837843434,10.18809110837489,21,794.0314404492061,115.85678575324138,270.83458308516896,55565,38,7,4,False,True,aurora-vs-9z-m2-mirage-p1,pro,de_mirage,55603,6e8537eb46,ak47,True,False,False,False,False,False,0.0,0.0,0.0,rifle,0.4483657071986418,False,55373
612.5049053890993,58.63846381449181,20.470397231021146,14613.931034118788,1.3142856735599335,2.058368600876121,1.3142856735599335,38,17.32915211436703,27.467355338993634,2,754.2507984004974,159.768128411037,139.65582570405527,130666,13,3,2,True,True,furia-vs-betboom-m1-mirage,pro,de_mirage,130679,372a892754,ak47,True,False,False,False,False,False,0.0,0.0,0.0,rifle,0.44833870752971783,False,130474
68.11251254642544,21.3861734241776,13.352741457119336,1168.738002046451,0.8706406443369825,1.2870372417343747,0.7409469407534398,44,12.571201892647402,18.84207781557928,4,820.7581190235877,166.28007267032973,705.7648840316436,40572,27,7,3,False,True,luminosity-vs-nemiga-m2-dust2,pro,de_dust2,40599,f730a5e684,mp9,True,False,False,False,False,False,0.0,0.0,0.0,smg,0.4482453414791227,False,40380
26.463581125467357,5.985987198770313,3.2428808898141663,1415.2941920299106,0.7147062422684103,1.1271594143449832,0.3305649840420706,65,11.221605294631583,17.76271516938946,5,899.4486125526055,108.5012680369582,468.2426426915055,64316,6,2,2,True,True,match730_003833678395988770820_2132169428_161,own,de_dust2,64322,39c6a8b9b8,ak47,False,False,False,False,False,False,143.0,0.34213787317276,0.0,rifle,0.44822957548244197,False,64124
31.170363999078067,14.485123414052977,0.46875,895.5181622435363,2.517847533856024,2.2138889225959058,0.8585560113019274,26,30.349996705957007,26.854971535040825,0,676.0117827654027,40.08142941662899,393.47472804973137,134558,0,1,1,True,True,luminosity-vs-nemiga-m2-dust2,pro,de_dust2,134558,95f0d4db09,ak47,True,False,False,False,False,False,0.0,1.0,0.0,rifle,0.4481463974659876,False,134366
354.064031127959,55.615516490237255,41.213544254427255,10452.824696589065,0.9477858177136672,1.0187925077968965,0.199215668639628,15,11.222175152633472,12.064497107367972,9,669.5952302194057,86.63972567569365,224.02675092601496,20062,0,1,1,True,True,match730_003846114907586035842_2006638891_196,own,de_mirage,20062,b372556378,ssg08,True,False,False,False,False,False,10.0,0.373941570520401,0.0,sniper,0.4481129209139794,False,19870
823.4543556998522,106.80040943188206,39.08660206000695,17911.861976975146,0.4081423595141862,1.6597941962502143,0.1596373792088871,17,3.29606694885878,13.514959490822264,7,461.6183332250541,95.36553070524285,426.2911407657435,177163,58,10,4,False,True,luminosity-vs-nemiga-m2-dust2,pro,de_dust2,177221,d61b8b9081,ak47,False,False,False,False,False,False,0.0,0.0,0.2049648761749267,rifle,0.448078056290223,False,176971
372.1589002893663,60.82527552311666,142.70274098030887,15695.376979660175,8.048934679999059,18.21060381621509,6.77464965246366,0,26.296403202854155,69.771156451818,0,185.12577490944028,226.1635224601885,607.9310248465383,82708,6,2,2,True,True,match730_003846087479924883540_0606572273_161,own,de_mirage,82714,901972cd23,famas,True,False,False,False,False,False,38.0,0.0,0.0,rifle,0.4480654981026581,False,82516
587.8921064564234,145.5538501431302,24.85777748835548,26760.76310829104,1.5276262721947151,2.975916956508775,1.5276262721947151,4,22.448122874857408,43.77185918870824,0,841.704007909502,128.19636035341017,260.8389190360256,112862,0,1,1,True,True,match730_003829380948349157814_1390656678_161,own,de_dust2,112862,8a33bc3a37,deagle,True,False,False,False,False,False,7.0,0.0,0.0,pistol,0.44797294365550056,False,112670
853.6389972691568,105.68380221833218,28.45211158169072,25114.66189164298,2.5883899108340787,1.4944896667967806,0.4266506179544217,11,27.74936386338885,16.127714817685725,0,613.770125422992,165.33491837605686,204.59973821549016,181207,7,2,1,False,True,furia-vs-betboom-m2-cache,pro,de_cache,181214,a7745f74db,ak47,True,False,False,False,False,False,0.0,0.0,0.0,rifle,0.44777079635425276,False,181015
91.5283816361241,30.52884763386612,1.5169068644530264,2664.540127568617,1.536417208924597,1.499924536922238,0.2665438855301879,23,10.566578350963407,10.452533206668775,21,393.5933406979143,64.9365701473529,31.08916741920134,53683,0,1,1,True,True,luminosity-vs-nemiga-m2-dust2,pro,de_dust2,53683,95f0d4db09,ak47,True,False,False,False,False,False,0.0,0.0,0.0,rifle,0.4477683079287613,False,53491
50.01551686793338,1.9178132195159572,32.447906853846455,1745.66379845488,0.8138346559389147,2.2046454385979697,0.8138346559389147,39,7.198584761156002,19.841519328701192,3,504.981248419932,116.00849618588224,535.39937540072,24440,96,16,4,False,True,match730_003846095210866016783_0292086677_161,own,de_ancient,24536,26eeb217ae,ak47,False,False,False,False,False,False,39.0,0.0,0.0,rifle,0.44772359442539444,False,24248
39.29450663109184,4.433917788009068,28.79970711736195,1201.1869234458557,10.229778189854324,8.369841509292893,6.63761981271869,0,28.79400352339254,24.204412435735847,0,159.10156793932404,173.63124641522347,826.1267625721124,7910,36,9,4,False,True,match730_003846224175849013887_1403891103_383,own,de_anubis,7946,9c0b0079af,mp9,False,False,False,False,False,False,53.0,0.0,0.0,smg,0.44762280700390605,False,7718
21.1376953125,5.435770057889599,8.956258630811442,1114.6331532868785,3.393080963419256,2.999807477600884,1.7460005625638482,0,47.24972030107615,42.1541796844942,0,796.826026360925,101.91112976583138,104.1092719233279,59995,52,9,4,False,True,match730_003845721267390906757_0873910189_273,own,de_anubis,60047,a4c1cf00e8,m4a1_silencer,False,False,False,False,False,False,57.0,0.0,0.0,rifle,0.4475891764515928,False,59803
108.28687009221976,46.67440540794432,12.61971186090095,2465.716228577757,2.370304099840601,1.567539701789426,1.0733605181286208,14,8.613036048458056,5.805266915196283,18,207.34982066895017,37.64321893092666,368.877471545044,82367,0,1,1,True,True,match730_003845848209444307084_2046226831_274,own,de_dust2,82367,6c9253641d,m4a1,False,False,False,False,False,False,53.0,0.0,0.0,rifle,0.44755991531345846,False,82175
224.6705542295492,61.98408868153802,165.8315592162674,6042.992954570394,4.150266843774603,16.092512420176583,0.5950335584722791,0,24.51213124385008,103.19956200954203,0,337.20001269334625,218.6022325438552,619.4604078056725,42964,119,19,4,False,True,match730_003833682433258029322_1216037504_161,own,de_dust2,43083,e2df927a56,ak47,False,False,False,False,False,False,24.0,0.0,0.0,rifle,0.44755875012901936,False,42772
823.6904045671461,212.1134299813312,67.24552535144481,17306.757190404576,2.2437706719298154,3.886099293082192,0.3470495245367143,4,21.14205842656382,37.28609456344467,0,539.5166233983267,75.0274264489129,271.65461511699567,17814,19,4,3,False,True,astralis-vs-fnatic-m2-ancient,pro,de_ancient,17833,d8f9528a3a,ak47,True,False,False,False,False,False,0.0,0.0,0.0,rifle,0.447520364108246,False,17622
40.01801706095983,8.007395571043489,5.931079519934081,1852.0215449922173,0.3053584890959871,0.603330252246799,0.3053584890959871,65,4.842982002203066,9.5694215514869,9,908.5969845650376,110.534707379522,341.7684921701884,33222,0,1,1,True,True,match730_003846055312767320440_2034169741_274,own,de_nuke,33222,9f3aebc0e3,deagle,True,False,False,False,False,False,13.0,0.0,0.0,pistol,0.44739624539628386,False,33030
382.4428382696716,40.80584928125135,180.9626846540328,9610.336992424272,3.78310698344355,16.249698712541495,3.78310698344355,0,11.517364119434244,55.2958199741818,2,173.49602885639877,26.23642157002368,25.221414699149054,14591,7,2,1,False,True,luminosity-vs-nemiga-m1-cache,pro,de_cache,14598,3b306c71b2,ak47,True,False,False,False,False,False,0.0,0.0,0.0,rifle,0.4473276168431293,False,14399
20.58837890625,7.715887639352015,1.1791764725096547,893.3414023279216,1.1403088863395805,2.1166631652383536,1.1403088863395805,8,16.62027150942531,31.395313673556277,2,834.9861635444155,118.07329785137324,555.6139965942231,3632,19,2,1,False,True,match730_003845735833772490759_0956054515_272,own,de_inferno,3651,11a0f5ab5d,usp_silencer,True,False,False,False,False,False,54.0,0.0,0.0,pistol,0.44724004705274395,False,3440
4.5771046826237,1.01430023761452,2.7221774621713286,229.7233730489782,0.6327611173917786,0.5432226615989074,0.51153761669597,65,11.572924645197396,9.94203435377484,19,1045.6111592941384,93.95926281495431,516.5784855209073,67329,0,1,1,True,True,match730_003846095210866016783_0292086677_161,own,de_ancient,67329,c8d7238405,awp,False,False,False,False,False,False,25.0,0.0,0.0,sniper,0.44720955144859037,False,67137
22.11421466603348,4.300796616200707,3.812579496418371,629.8307852698022,1.9065083039605693,1.957241291922158,1.721061322154897,35,30.934362880167168,31.761384901291155,0,929.312992624125,65.50106582637801,65.42250394370794,26743,19,4,2,False,True,match730_003845848209444307084_2046226831_274,own,de_dust2,26762,1d8a841068,m4a1_silencer,False,False,False,False,False,False,23.0,1.0,1.0,rifle,0.44718189869483416,False,26551
217.31795971002012,38.46305516871489,0.0,7773.131370609681,3.635148192002913,2.8203520444469845,0.1736678606836184,0,29.578636457006496,22.92241781157364,0,465.4293403016461,57.37127293920305,207.90213995223203,39721,81,19,5,False,True,match730_003845721267390906757_0873910189_273,own,de_anubis,39802,b0848df2ab,p90,False,False,False,False,False,False,38.0,0.0,0.0,smg,0.4471808792839758,False,39529
150.22626008222477,27.03155601376875,9.20843496190055,3810.855645262385,1.846423976972716,1.2193686065550668,0.5056360726031144,34,33.33567591801157,22.153059265956824,0,1033.7592257604638,153.12443468840524,201.653365023371,111862,68,13,5,False,True,match730_003833678395988770820_2132169428_161,own,de_dust2,111930,4ccc3c6dfc,mac10,False,False,False,False,False,False,46.0,0.0,0.0,smg,0.44700812174706966,False,111670
688.2367263101817,68.76990407243065,56.78331454770569,22787.406434124827,0.5141734913561155,1.853853147102188,0.2028859468966683,23,7.444478532266028,26.765976456283425,3,818.5622453171286,52.229110191729546,292.7130134426764,18462,6,2,2,True,True,aurora-vs-9z-m2-mirage-p2,pro,de_mirage,18468,c1c75a4da6,ak47,False,False,False,False,False,False,0.0,0.0,0.0,rifle,0.4469184383443235,False,18270
26.445832240351724,3.0825350153678754,12.553642688972316,840.6085852976357,1.202930632437982,2.0329041235468317,0.6378671992807572,43,21.60985426262502,36.82334122424032,0,1021.3009582709242,207.62394648779213,738.5294241053806,85152,0,1,1,True,True,match730_003845848209444307084_2046226831_274,own,de_dust2,85152,3a84a7ef32,awp,False,False,False,False,False,False,59.0,0.0,0.0,sniper,0.44689454295331793,False,84960
221.72846025706065,33.30299769663209,11.555017043062358,6131.191043368789,7.017686835725079,5.919426463270376,0.258122841624085,0,71.54154823868717,60.36028453177445,0,570.9986276940814,90.55163966516524,260.1918112957158,102349,0,1,1,True,True,luminosity-vs-nemiga-m2-dust2,pro,de_dust2,102349,524f4d4415,ak47,True,False,False,False,False,False,0.0,0.0,1.0,rifle,0.44687722221343545,False,102157
14.12890625,1.0839742112884942,6.318881648381432,808.2118199295197,0.2638064208444341,0.3076010417315411,0.247637801237205,65,9.545267287091898,11.130036206226617,24,2072.92469173005,94.65792506599652,125.76601314615114,138029,0,1,1,True,True,aurora-vs-9z-m1-dust2,pro,de_dust2,138029,fea287be28,ssg08,False,False,False,False,False,False,0.0,0.0,0.0435191616415977,sniper,0.4468759503716982,False,137837
37.558606191901866,4.10620595788057,25.074098739019657,1034.1257962817194,0.4851551661714349,0.6297279240407628,0.0603059195268527,16,4.3742606886187065,5.780768611970097,13,516.4198071057826,210.51457621439351,354.7916446180458,112047,13,2,2,True,True,furia-vs-betboom-m2-cache,pro,de_cache,112060,52f704f8ce,usp_silencer,True,False,False,False,False,False,0.0,0.0,0.0,pistol,0.4466435024178077,False,111855
37.880859375,4.422663246439193,4.173033647221906,889.6857233771229,0.7228739046568514,0.4597471749331503,0.0631297084626834,65,14.369339331528998,9.138586727552518,39,1138.7967163799378,39.12179626772537,657.4500551269404,58226,0,1,1,True,True,match730_003846224175849013887_1403891103_383,own,de_anubis,58226,9c0b0079af,awp,False,False,False,False,False,False,53.0,0.0,0.0,sniper,0.44658112364255154,False,58034
271.30559966357765,45.812877812265015,15.549006187501186,10268.088371133304,0.411318147870728,0.8873781688321161,0.224793130750806,27,6.046256476271888,13.048661225025006,9,842.1707159331389,71.05283737804332,117.05339474490248,48400,0,1,1,True,True,match730_003846224175849013887_1403891103_383,own,de_anubis,48400,6568c6977b,awp,False,False,False,False,False,False,81.0,0.0,0.916686713695526,sniper,0.44650673354189147,False,48208
133.13688496651838,36.61073550000416,35.70855013580792,2273.3840921292094,1.047359039145906,6.02806727398172,1.047359039145906,4,16.92959381713225,99.51257467304174,2,919.1600831148758,113.8177712173508,448.34050594347406,2698,16,2,1,False,True,match730_003846087479924883540_0606572273_161,own,de_mirage,2714,a6d0004234,p250,True,False,False,False,False,False,42.0,0.0,0.0,pistol,0.44646471043088204,False,2506
133.11046855578957,29.806326690440933,13.489729728442848,4454.467406674708,0.363174637517379,0.7275259057592829,0.2618337273796317,25,2.963712072082709,5.929517528072832,24,465.5673656403368,45.549527083778166,289.2026338535036,90783,0,1,1,True,True,luminosity-vs-nemiga-m2-dust2,pro,de_dust2,90783,f730a5e684,glock,True,False,False,False,False,False,0.0,0.0,0.3854082822799682,pistol,0.4463930812902161,False,90591
437.0507024871746,38.15066317339084,9.528465508192545,17782.121061572412,0.6668543759063069,1.8277301335197311,0.6668543759063069,20,11.362397249124609,31.16678026911515,2,976.1949851032238,116.9844910053528,855.559705407835,4035,22,3,2,False,True,match730_003833682433258029322_1216037504_161,own,de_dust2,4057,1823ad92a3,elite,True,False,False,False,False,False,20.0,0.0,0.3421701788902282,pistol,0.4463575353157784,False,3843
212.43526045675705,33.803169955425986,26.491016023368637,9313.168932085806,0.7359059431655611,2.3550137506990385,0.7359059431655611,7,12.752285097774587,40.71797382758909,2,953.901979261437,204.63244659035044,587.559919636413,72723,0,1,1,True,True,match730_003846055312767320440_2034169741_274,own,de_nuke,72723,30df2fc581,awp,False,False,False,False,False,False,25.0,0.0,0.0,sniper,0.4463034874746842,False,72531
400.8693056787546,37.214285729283375,22.529296875,8846.69349341744,0.4499973617653685,0.8455305326852869,0.2358932626361101,22,5.905839324688714,11.16135041121702,20,751.8348142923516,137.52725418051756,321.1948680794424,87748,11,3,3,True,True,furia-vs-betboom-m2-cache,pro,de_cache,87759,c1aa9f613a,m4a1,False,False,False,False,False,False,0.0,0.0,0.0,rifle,0.44629471976659385,False,87556
291.51400539980625,40.98427828653082,28.1511072924007,7367.520290227547,0.9598629503802792,0.8419414586910694,0.4027112556853031,25,16.10522446582576,14.107898164272772,20,956.7671320552192,89.78599916785086,295.3649429332934,6876,0,1,1,True,True,aurora-vs-9z-m2-mirage-p1,pro,de_mirage,6876,6c2b13b080,usp_silencer,True,False,False,False,False,False,0.0,0.0,0.0,pistol,0.44629362618545665,False,6684
44.65153471048843,11.269496726868592,1.1276041666666667,1449.0375529970345,0.3052610029052013,0.6373146792277514,0.2992715603998339,17,7.683850545871477,16.053726965314375,7,1439.9928522545038,0.0,538.958461895647,57085,22,3,2,True,True,match730_003845848209444307084_2046226831_274,own,de_dust2,57107,3a84a7ef32,ak47,True,False,False,False,False,False,59.0,0.0,1.0,rifle,0.4462763559561862,False,56893
197.3948601460351,62.99652463408515,176.264597655041,4367.325549019502,14.96429278144359,21.285182246653605,5.452087528147015,0,49.06676037747032,77.78660752170057,0,183.1451924851026,130.52842672982476,363.63452565829147,89285,91,20,2,False,True,match730_003833678395988770820_2132169428_161,own,de_dust2,89376,5a6218ec0c,mac10,True,False,False,False,False,False,45.0,0.0,0.0,smg,0.4462735357880995,False,89093
312.35096543848164,79.34785243386722,22.13603135770451,12816.857429552472,2.808159410577341,7.594391333159574,2.49893960900296,4,34.50023072381483,94.28113312216274,0,701.3709603715134,212.8830398564905,615.553222830219,65382,40,4,1,False,True,match730_003846224175849013887_1403891103_383,own,de_anubis,65422,8a33bc3a37,glock,True,False,False,False,False,False,160.0,0.0,0.0,pistol,0.4461868964587312,False,65190
45.84945341593549,8.406410045003764,1.8821614583333333,1295.2283766750234,0.4323441199436359,0.4162235230227091,0.228168075189714,25,9.713762722829784,9.36066837021276,18,1257.5171685571952,158.66534551373036,155.9689936976692,21748,78,9,5,True,True,match730_003846055312767320440_2034169741_274,own,de_nuke,21826,657a17d37a,galilar,False,False,False,False,False,False,39.0,0.0,0.0,rifle,0.44608628665273004,False,21556
45.5222042552369,4.992862737634372,36.80084363352558,1281.8682554846694,1.0889351120551576,0.63089923866345,0.3792704988715357,48,22.974151049288096,13.342766972317524,0,1170.642118142344,153.56496642085042,370.3670002259134,40242,7,2,1,False,True,match730_003846055312767320440_2034169741_274,own,de_nuke,40249,f9d25d950a,m4a1_silencer,False,False,False,False,False,False,20.0,0.0,0.0,rifle,0.4460523876507234,False,40050
64.56142537643483,18.443331679030283,2.7524072781025537,2051.2901584927363,2.6911233104874697,2.4663712654711425,2.233843864964584,20,12.928165166663277,11.883853344283986,22,272.2652870464006,40.19981613206842,38.12796669736362,23166,21,3,1,False,True,match730_003833678395988770820_2132169428_161,own,de_dust2,23187,b2feea7c7d,ak47,True,False,False,False,False,False,24.0,0.0,0.0,rifle,0.4460050189920873,False,22974
150.23845179159744,20.563221442989764,2.285875576802979,3869.936921608733,0.1308146396332156,1.0377370246768736,0.1308146396332156,9,3.284542764683614,26.196573071662705,6,1438.5443578390275,83.51951501305277,829.2969957307535,14898,30,4,3,True,True,luminosity-vs-nemiga-m1-cache,pro,de_cache,14928,c4ceacecd8,ak47,False,False,False,False,False,False,0.0,0.0,0.8536713719367981,rifle,0.44588848564833683,False,14706
59.411153327099,13.709192136280144,1.895600021594061,2292.885329151069,0.8629488013608728,0.96220557039249,0.3402397391375234,58,10.836121248067624,12.083059951572206,12,718.0789834026506,9.174187097728677,211.3434879541641,72085,0,1,1,True,True,match730_003845721267390906757_0873910189_273,own,de_anubis,72085,8a33bc3a37,deagle,True,False,False,False,False,False,19.0,0.0,0.0,pistol,0.44588461440019855,False,71893
32.39550787137695,19.072188045318534,8.994792431028353,665.2384603374426,1.070065412573296,1.6962194520645308,1.070065412573296,34,20.733589167909344,33.13546079602092,0,1083.3247519723302,123.63969883588008,190.09652449207164,78157,13,2,1,False,True,match730_003833682433258029322_1216037504_161,own,de_dust2,78170,296e119cfc,glock,True,False,False,False,False,False,98.0,0.3396745324134826,0.0,pistol,0.4458600365405769,False,77965
18.88691590451809,3.9044033654853,13.438719684018706,758.851917515633,3.1323377325955,3.151010499551654,2.8417677613283323,0,33.82147795878564,34.60807919844886,0,617.7162056740033,225.6925521263852,490.2080715258352,46297,38,7,4,False,True,match730_003845848209444307084_2046226831_274,own,de_dust2,46335,d9f31878b9,ak47,False,False,False,False,False,False,57.0,1.0,0.0,rifle,0.4458499139586057,False,46105
149.71859518897887,26.137824615358586,93.31742223376492,3888.344555484489,2.60114511880624,8.483264901079568,2.60114511880624,1,35.037526638228684,115.30249886949947,0,762.7505466364751,80.0584937453063,313.6210035559657,103491,116,17,4,False,True,luminosity-vs-nemiga-m2-dust2,pro,de_dust2,103607,798c33b296,m4a1_silencer,False,False,False,False,False,False,0.0,0.1468078196048736,0.0,rifle,0.4458284977348796,False,103299
690.2293466694201,160.12175182027403,6.337556108823679,14623.995110983662,4.219740331463838,3.422041111469139,0.8645869184574065,0,30.2982106561307,24.52954706249229,0,410.422229995417,35.88139442436888,45.37591999748881,7255,4,1,1,False,True,match730_003846114907586035842_2006638891_196,own,de_mirage,7259,401def1742,glock,True,False,False,False,False,False,21.0,0.0,0.4961225986480713,pistol,0.4457894414441753,False,7063
316.0044295582981,43.42000494759374,215.16783076098284,9270.091025584232,4.428155906967138,12.340030142301902,1.7030281401023084,0,28.54850520281071,80.73389197991415,0,368.2695150702415,214.23774237922777,270.01559228225454,105370,26,5,2,False,True,match730_003845735833772490759_0956054515_272,own,de_inferno,105396,132f8af47c,m4a1_silencer,False,False,False,False,False,False,11.0,0.0,0.0,rifle,0.44569610711265567,False,105178
24.982977794062464,5.840179095490646,12.243408251605208,1061.4388753497128,2.0459460729666774,2.456880802213608,2.0459460729666774,31,37.14441435424272,44.667814816250896,0,1032.1934338334277,90.01933965322871,217.9310647634804,12611,0,1,1,True,True,match730_003833678395988770820_2132169428_161,own,de_dust2,12611,8a33bc3a37,galilar,False,False,False,False,False,False,9.0,0.0,0.0,rifle,0.4456555979166112,False,12419
211.442584178778,17.135306854015113,5.099747286744496,5760.840328436722,2.009674548527004,1.8213466956299924,0.3256141502671548,54,24.72265010436917,22.534485662544743,0,704.49820419084,93.58088657748128,180.50299803792151,105117,0,1,1,True,True,luminosity-vs-nemiga-m1-cache,pro,de_cache,105117,74c7d1f104,ak47,False,False,False,False,False,False,0.0,1.0,0.2896842956542969,rifle,0.44561598363885285,False,104925
50.4130592642441,16.67547664999677,24.11385621849583,1275.375,2.6253033981631733,4.1705413326977565,0.0553071665088125,3,40.69570122446989,65.4714173757859,0,887.4849084057782,182.5516974925441,391.64051365132616,3997,0,1,1,True,True,match730_003833682433258029322_1216037504_161,own,de_dust2,3997,296e119cfc,usp_silencer,True,False,False,False,False,False,98.0,0.0909635052084922,0.0,pistol,0.44550106334230066,False,3805
33.60748704247855,4.3262903810851485,23.76067089842103,687.625,1.817920517815796,1.8578254636795504,1.311106643650765,16,12.678250413300509,13.191933483739737,15,379.4755638875698,141.9018143881582,515.7014865923513,26505,0,1,1,True,True,match730_003846114907586035842_2006638891_196,own,de_mirage,26505,b372556378,ak47,True,False,False,False,False,False,10.0,0.0,0.0,rifle,0.44543230416117124,False,26313
52.829545165285936,7.904320074762444,49.34009120076948,1799.2727799359131,1.6719820160814716,3.123130711308809,1.6719820160814716,3,6.927956521377523,13.364702724269248,17,232.4678822923505,209.4133515676357,1037.921411786553,24713,19,4,2,True,True,match730_003846095210866016783_0292086677_161,own,de_ancient,24732,abfcba6be4,m4a1_silencer,True,False,False,False,False,False,18.0,0.0,0.0,rifle,0.44540563867530353,False,24521
707.4723091401609,53.08307238539921,16.475463680723802,24838.991017404216,0.851858239793298,1.0986618680792213,0.5096099754201373,13,7.317375352028839,9.52678617143722,12,492.04568079857216,116.06528557752672,785.1165264277173,4584,10,2,2,True,True,match730_003846224175849013887_1403891103_383,own,de_anubis,4594,cd1c592f75,usp_silencer,True,False,False,False,False,False,15.0,0.0,0.0,pistol,0.44539501989113645,False,4392
21.81724536070937,4.385763214245749,0.8288932132125203,686.5632713252973,1.030435963785279,1.1593273829193635,0.0617430383101969,58,13.144066364570213,15.114081615051251,6,730.7759503986449,230.63963941139437,989.6050976933984,111743,0,1,1,True,True,match730_003833678395988770820_2132169428_161,own,de_dust2,111743,8a33bc3a37,ssg08,True,False,False,False,False,False,9.0,0.0,0.0,sniper,0.44537872474407664,False,111551
20.58754042694996,2.509103197208081,1.106060721306952,569.7812967508672,0.5881200753738038,0.4422580272668751,0.3699000796775931,65,17.00020783604781,12.866468741529069,13,1650.274994232752,229.3470749702754,938.980653737283,48492,0,1,1,True,True,match730_003829380948349157814_1390656678_161,own,de_dust2,48492,9a711e878c,awp,False,False,False,False,False,False,40.0,0.0,0.0,sniper,0.44523525913411155,False,48300
64.52700317300324,7.749471788472098,6.328125,4129.728203072207,0.7240480589274207,1.0502029095685308,0.7240480589274207,65,14.14233926441702,20.55928485070584,2,1118.8859553245595,0.0,295.43695919684745,64258,71,7,4,True,True,match730_003846114907586035842_2006638891_196,own,de_mirage,64329,ccfd5f1e85,ak47,False,False,False,False,False,False,39.0,0.9701077938079834,1.0,rifle,0.44520827613149183,False,64066
132.8089276647896,19.34851940723847,5.242686085697831,4625.141877674829,0.1948276384644544,0.8603070219290003,0.1948276384644544,36,5.472020404448454,24.166977986297923,5,1607.7585372958335,5.417947349732902,610.5035283588697,46698,0,1,1,True,True,match730_003846224175849013887_1403891103_383,own,de_anubis,46698,6568c6977b,awp,False,False,False,False,False,False,82.0,0.0,0.0,sniper,0.4451757516611122,False,46506
498.2638685877401,36.81323944254066,22.96061500637552,10442.04865811742,1.007238180762254,1.7106451624615553,0.9069150834375148,41,11.601548071720307,20.255040502209503,4,652.1185215827638,115.3966601150624,77.61334180903944,47427,0,1,1,True,True,furia-vs-betboom-m1-mirage,pro,de_mirage,47427,a7745f74db,m4a1,True,False,False,False,False,False,0.0,0.0,0.0,rifle,0.4450150626886219,False,47235
44.88442923851908,9.115759837203395,2.300940753981925,1547.081449291894,0.2712701876532672,0.2372428168397152,0.125331909100595,65,5.177961431094325,4.5144910800080895,23,1093.4326498383002,75.83255916627786,118.83226958452798,195696,0,1,1,True,True,luminosity-vs-nemiga-m2-dust2,pro,de_dust2,195696,c4ceacecd8,awp,False,False,False,False,False,False,0.0,0.0,0.0,sniper,0.445011552448942,False,195504
99.68360942555088,19.84950776064818,0.4615885416666667,3755.694824330766,1.279772491167061,1.3857750284771302,0.6591558773478856,30,9.677716918993024,10.593721531674566,10,433.0129455164775,108.22318591225208,389.8446189498785,23596,0,1,1,True,True,match730_003846055312767320440_2034169741_274,own,de_nuke,23596,8a33bc3a37,ak47,True,False,False,False,False,False,30.0,0.0,0.0,rifle,0.444967083704515,False,23404
57.48142841457009,10.229403191183092,45.79084828203085,1487.9090980788706,2.3154973643407235,0.7161104474714882,0.0974075085783882,32,29.44141066438172,9.168685294786789,0,728.1038392206358,57.95765921893485,79.13178015708358,12550,18,5,1,False,True,match730_003833678395988770820_2132169428_161,own,de_dust2,12568,4ccc3c6dfc,mp9,False,False,False,False,False,False,46.0,0.0,0.0,smg,0.44493615232870815,False,12358
419.2943469291713,111.8990500272928,45.24465908369566,11285.924313307216,1.670682283968824,2.266084105736922,1.670682283968824,18,16.0408982394653,22.15185553653491,3,549.705030535081,38.86560665497132,43.46033089872897,93384,36,9,6,True,True,match730_003833682433258029322_1216037504_161,own,de_dust2,93420,916fd9f867,p90,False,False,False,False,False,False,19.0,0.0,0.0,smg,0.4449090868650247,False,93192
189.0121137682809,38.69255809588397,7.479677911545583,4650.977298626017,3.302698852818776,3.0048663844184533,2.370481018738299,0,9.541477045620304,8.979653642937041,18,164.96228841355605,102.22657161472156,413.9611520624695,62614,7,2,2,True,True,match730_003829380948349157814_1390656678_161,own,de_dust2,62621,844038e231,ak47,False,False,False,False,False,False,40.0,0.0,0.0,rifle,0.4449034688885578,False,62422
57.17411766855947,9.627778688334717,2.0691626073623883,1892.875,0.7803244410036351,0.7683319694497368,0.7048653273723355,63,10.548692066801369,10.395283135370994,15,774.3902305488446,62.382201604492295,665.3236724343392,98179,0,1,1,True,True,luminosity-vs-nemiga-m1-cache,pro,de_cache,98179,f730a5e684,deagle,True,False,False,False,False,False,0.0,0.0,0.0,pistol,0.4448987569754383,False,97987
470.7706682456135,74.98016749730971,150.53031386448245,23998.236376872104,1.4190586120408255,5.288087623841814,0.2249489079160835,2,9.400414698838684,35.1768341715079,2,379.4166472119818,124.11846850274294,441.2714060280632,54699,63,15,3,False,True,match730_003831793800846508273_1359762374_161,own,de_mirage,54762,6df4b3d0cf,mp9,False,False,False,False,False,False,73.0,0.0,0.0,smg,0.4448402488402371,False,54507
55.55366252736324,5.9335900878617,27.53837823958929,1576.275739530127,1.3200338058294077,2.256046788169747,1.3200338058294077,51,11.7090727802324,20.758259616691653,3,503.38947317880456,123.32066850050732,536.9377295749936,4789,0,1,1,True,True,match730_003845721267390906757_0873910189_273,own,de_anubis,4789,a4c1cf00e8,p250,False,False,False,False,False,False,57.0,0.0,0.0,pistol,0.44480291052665666,False,4597
65.29774343438432,8.141561700113842,10.559651443210058,2409.510227375048,0.9404640116157592,1.3925836578921065,0.1469673847091465,65,11.266371814451391,16.726119005454386,5,686.2724117807409,51.18466450169694,142.6888247986931,38121,0,1,1,True,True,match730_003846095210866016783_0292086677_161,own,de_ancient,38121,26d15ffc47,deagle,False,False,False,False,False,False,67.0,0.0,0.8738616704940796,pistol,0.44474683806817633,False,37929
49.4212079215701,4.750378894686395,34.292769051639944,2026.7073069804865,1.011125731760568,1.9210012816681024,0.7826483802342782,36,16.497161570810608,31.081134404850296,2,934.455415561555,214.115006787686,758.4208560947948,67722,0,1,1,True,True,match730_003846087479924883540_0606572273_161,own,de_mirage,67722,bea1536d33,deagle,True,False,False,False,False,False,37.0,0.0,0.0,pistol,0.4446874170595874,False,67530
294.1165112832088,35.785028944121045,20.77428883632357,7534.873801686203,2.314237987713498,1.570329109884203,0.5414009338454804,10,12.455712000815776,8.421063192819167,12,307.9442216686481,69.81913571962862,170.2999558103352,50330,0,1,1,True,True,match730_003845735833772490759_0956054515_272,own,de_inferno,50330,11a0f5ab5d,awp,False,False,False,False,False,False,54.0,0.0,0.0,sniper,0.444674462834591,False,50138
64.62109375,18.46072100953792,0.7981770833333334,1894.642851609836,1.1339400979619043,1.0671829918543865,0.3759242117006325,36,22.345255936955137,20.969168714608173,0,1125.750920936878,81.13393864158574,357.5601549015921,57943,61,7,5,True,True,match730_003845721267390906757_0873910189_273,own,de_anubis,58004,88df3b8433,m4a1_silencer,False,False,False,False,False,False,49.0,0.0,0.0,rifle,0.4446507613934146,False,57751
27.67226128332804,6.488416038018778,7.149068199613303,716.2124991490953,0.2820116804166946,0.6929518626818689,0.2820116804166946,65,5.759562850059111,14.171408485392636,44,1169.221609944312,30.45781667899545,379.8081575222655,53518,0,1,1,True,True,match730_003846095210866016783_0292086677_161,own,de_ancient,53518,9c0b0079af,awp,True,False,False,False,False,False,8.0,1.0,0.0,sniper,0.4445259395035429,False,53326
21.633545107850694,3.955736727565816,15.693785694958736,806.9204667570359,0.2931261969420779,0.7207777857540808,0.2931261969420779,65,4.03559376108709,9.95494487562685,29,780.9591578823002,115.46344830585484,100.2299446132542,164327,0,1,1,True,True,luminosity-vs-nemiga-m2-dust2,pro,de_dust2,164327,c4ceacecd8,awp,False,False,False,False,False,False,0.0,0.0,0.0,sniper,0.44445106547709584,False,164135
77.17838288490505,6.102786488135664,35.213176178993265,4939.416504633923,3.984553971101366,3.890872461062639,2.752184986013229,0,15.882836323246726,15.237072377545095,8,224.95988332084443,217.2958252979758,1066.269725259383,87346,31,7,6,False,True,match730_003846095210866016783_0292086677_161,own,de_ancient,87377,7bbb0d4a11,mp7,True,False,False,False,False,False,19.0,0.0,0.0,smg,0.4444194213632265,False,87154
46.77121307400135,4.844477481149568,35.37733683969737,1932.4512836402716,1.905499458420752,1.6381470566660885,1.0699600445719903,57,22.03792130083116,19.019362887495998,0,662.2676354124396,143.19891037070667,423.502252742427,76666,6,2,2,True,True,luminosity-vs-nemiga-m2-dust2,pro,de_dust2,76672,590a913841,m4a1_silencer,True,False,False,False,False,False,0.0,1.0,0.0,rifle,0.4443922065188528,False,76474
34.02991171202976,8.560949794236436,4.311818448696726,1335.1776938824307,0.4650790885052835,0.6005973226448875,0.4650790885052835,65,7.015924331987711,9.056123132832589,11,864.2184781512764,15.832270602237871,326.0511418536612,98553,0,1,1,True,True,match730_003846055312767320440_2034169741_274,own,de_nuke,98553,9f3aebc0e3,tec9,True,False,False,False,False,False,13.0,0.0,1.0,pistol,0.4443262548545913,False,98361
31.76067100882644,11.46444559083619,9.303685072252796,870.9572951875564,0.2721948795494862,0.688210976739634,0.2721948795494862,28,3.5216355935261787,9.014585379936566,21,734.6150762878569,49.78203558467648,297.3818859883936,83016,19,4,4,True,True,match730_003846114907586035842_2006638891_196,own,de_mirage,83035,8a33bc3a37,ak47,True,False,False,False,False,False,32.0,0.0,0.0,rifle,0.44409878151234483,False,82824
104.7571173687589,23.063033037601684,98.99241158569896,2272.166046143534,2.830847956826754,5.69545967632104,2.830847956826754,1,11.603961857453106,24.277442568041447,3,234.54799130614356,119.48465518297226,437.7313516634325,126303,0,1,1,True,True,astralis-vs-fnatic-m1-dust2,pro,de_dust2,126303,ca06492643,awp,False,False,False,False,False,False,0.0,1.0,0.0,sniper,0.44409571565587086,False,126111
82.61770870107465,20.916486846450724,0.0,5287.533356868777,0.9815851169365524,1.030576172584179,0.9518480225161288,15,15.23183839819044,16.130307234062354,9,888.9134527457707,26.768480650366065,120.59619452459556,78085,6,2,1,False,True,match730_003846114907586035842_2006638891_196,own,de_mirage,78091,476a8ccf25,m4a1,False,False,False,False,False,False,19.0,0.0,0.2114629745483398,rifle,0.4440797300906435,False,77893
618.78588910529,233.0741012670328,17.29413961381385,15197.8780707741,3.334277586836405,5.154156555966765,2.963481215959231,0,17.299195037672863,28.41317531500925,1,288.1819849769304,61.21971791149881,36.06628474707296,3626,19,3,1,False,True,furia-vs-betboom-m1-mirage,pro,de_mirage,3645,c1aa9f613a,glock,True,False,False,False,False,False,0.0,0.0,0.0,pistol,0.44406570160716274,False,3434
9.580078125,3.175145742779043,0.7228500440714458,213.41054917693268,0.4486956739644363,0.391018774233166,0.3415039864004309,65,11.984505615169986,10.518916023057798,17,1528.1667174318754,163.95242310709378,794.9272463625882,100863,0,1,1,True,True,match730_003833678395988770820_2132169428_161,own,de_dust2,100863,5a6218ec0c,awp,True,False,False,False,False,False,45.0,0.0,0.0,sniper,0.44398718600002673,False,100671
106.38136360328686,34.93885947463639,10.687655771148007,4768.821022740463,2.0678601950982096,2.0383899280883275,1.4163786616303051,18,16.114051645205866,16.297116210202528,17,446.1882137447201,158.3796823543512,945.813748638954,98830,41,9,2,True,True,match730_003845848209444307084_2046226831_274,own,de_dust2,98871,8a33bc3a37,mp7,True,False,False,False,False,False,19.0,0.0,0.0,smg,0.44393584835949984,False,98638
53.22551985738082,9.87560951342468,1.8678385416666667,2317.0840887342483,0.6797655784889812,0.5703809446192066,0.4912117764365015,43,14.608038835949577,12.194428694795622,15,1227.417197936721,62.165390709927415,551.8050730351871,8040,0,1,1,True,True,match730_003833678395988770820_2132169428_161,own,de_dust2,8040,a8942b953a,usp_silencer,True,False,False,False,False,False,45.0,0.0,0.0,pistol,0.4438550379710729,False,7848
34.964350842123416,6.839171195758331,5.176603978310677,1000.7832264812644,0.3432235603158406,0.5732832587510799,0.3432235603158406,48,8.825074715111077,14.740877712794884,8,1472.5624835578142,86.09821240919172,538.938506318326,42256,41,6,2,False,True,match730_003831793800846508273_1359762374_161,own,de_mirage,42297,6df4b3d0cf,m4a1_silencer,False,False,False,False,False,False,73.0,0.0,0.768088698387146,rifle,0.4438422879810556,False,42064
942.3184543762304,93.76727701187856,43.84845671773916,29544.36632650096,3.920722069891689,6.839482720481476,3.2827822423829804,0,24.442856361567145,44.01993983907559,0,356.4101135694266,100.73103706723536,853.349629975238,59197,0,1,1,True,True,match730_003846224175849013887_1403891103_383,own,de_anubis,59197,0c250789aa,ak47,True,False,False,False,False,False,62.0,0.0,0.0,rifle,0.44383358843655824,False,59005
163.22829399565353,36.69326853269384,92.5658746069104,7468.100281914702,6.363126447632627,12.552904730341655,0.2209033674456373,0,60.33631648839119,126.28420743878162,0,540.4913602443767,114.7562322999102,549.0954815526696,20728,29,7,5,False,True,match730_003829380948349157814_1390656678_161,own,de_dust2,20757,0ecd5d7027,mac10,False,False,False,False,False,False,73.0,0.0,0.0,smg,0.4437005985812937,False,20536
17.98212827805561,6.013191651001513,10.474618206874531,478.6209081503009,0.3413021741298471,0.98251349029075,0.3413021741298471,24,5.287342326621767,15.222787045619771,6,887.3393583980363,76.57659046233674,591.2302748427792,8527,23,5,4,True,True,match730_003846095210866016783_0292086677_161,own,de_ancient,8550,9c0b0079af,m4a1,True,False,False,False,False,False,8.0,0.0,0.0,rifle,0.44368520841739784,False,8335
42.1085111596672,8.279466779376795,26.14135551554377,1767.881536295674,3.963733998395178,2.716644431993597,0.4704583614081926,0,65.62189932293549,44.93912289921572,0,944.4054338272684,86.23670097556314,443.082982274094,29159,39,7,2,False,True,aurora-vs-9z-m1-dust2,pro,de_dust2,29198,6e8537eb46,ak47,False,False,False,False,False,False,0.0,0.0,0.0,rifle,0.4436838083571212,False,28967
121.3032242669576,47.09028912558181,2.74658203125,2459.53125,0.6474395997538042,2.5481959172007342,0.5933094157890948,6,12.585973585993756,49.99362250687934,4,1113.6027351161613,147.78456426469097,810.9633493760082,8875,65,7,2,True,True,match730_003829380948349157814_1390656678_161,own,de_dust2,8940,f3383df9e7,usp_silencer,True,False,False,False,False,False,41.0,0.0,0.0,pistol,0.44366180676194894,False,8683
26.962058093499984,10.95273260003702,1.4524307118423057,1131.5071455660552,0.5121336491601506,0.4766170506437327,0.389924712286779,46,15.256917261048592,14.312090707820436,16,1706.7736718960773,244.4548115872905,798.7198507188416,56724,0,1,1,True,True,match730_003829380948349157814_1390656678_161,own,de_dust2,56724,9a711e878c,awp,True,False,False,False,False,False,40.0,0.0,0.0,sniper,0.44364675378102003,False,56532
19.02581644399193,2.69340840327017,2.079427083333333,803.0996461319111,1.0243849525351805,0.8390572369778517,0.6668116892374515,65,21.507159191482927,17.642351375012453,0,1164.5882600290247,90.69771045144826,253.57269957853563,62497,0,1,1,True,True,match730_003846055312767320440_2034169741_274,own,de_nuke,62497,b3b8926d79,awp,False,False,False,False,False,False,26.0,1.0,0.0,sniper,0.44363224812856417,False,62305
431.3168909899358,40.95206076038848,254.5439474296612,16067.091019179072,1.9442792753718068,4.378382283646138,0.9485583534959716,2,12.139758236013789,27.594327252057525,2,357.5914969783963,86.24591580461096,452.92243732357673,7459,48,6,4,True,True,aurora-vs-9z-m2-mirage-p1,pro,de_mirage,7507,7a9df6b20d,glock,False,False,False,False,False,False,0.0,0.0,0.0,pistol,0.4433998716768394,False,7267
458.9215024185708,62.474760929685445,123.98354278328937,18415.456218865533,3.857707862615956,8.865026972036778,3.1433546729570034,0,35.03823774439557,81.05717247209618,0,514.6141276972293,79.55986909347895,679.5048921216895,86428,29,6,3,False,True,aurora-vs-9z-m1-dust2,pro,de_dust2,86457,9885584175,m4a1,False,False,False,False,False,False,0.0,0.0,0.0,rifle,0.443339253887452,False,86236
53.72386566711314,4.811959240792503,44.23485987775346,1393.9375029313132,0.4313902963347588,2.206132762606185,0.1283265824700801,6,8.916193512391441,45.64289039600256,3,1179.534383836378,126.17924491472846,404.5496004051727,79162,0,1,1,True,True,astralis-vs-fnatic-m2-ancient,pro,de_ancient,79162,ca06492643,awp,False,False,False,False,False,False,0.0,0.0,0.1099561229348182,sniper,0.4433235616430488,False,78970
502.9871756101896,76.85158426114737,121.26961050524136,13750.507403510102,1.362155932749187,9.09393059652174,1.1299275965347546,2,5.434730268525757,38.084389170298415,3,196.07516968367605,114.08389600787608,128.51549226382974,70279,0,1,1,True,True,aurora-vs-9z-m2-mirage-p1,pro,de_mirage,70279,6e8537eb46,galilar,False,False,False,False,False,False,0.0,0.0,0.0,rifle,0.4432058312783111,False,70087
532.4216967289515,110.08268836099975,7.461654445702316,23969.686929829008,1.9195210498612865,0.9623334374995712,0.2858846946886147,17,22.819403292929703,11.411878006432293,0,680.7236209067962,104.59790258036008,207.0557660684963,86720,0,1,1,True,True,match730_003846087479924883540_0606572273_161,own,de_mirage,86720,cd1c592f75,ak47,True,False,False,False,False,False,50.0,0.0,0.0,rifle,0.443178997777486,False,86528
25.43902247791084,5.994089264239159,3.22265625,1343.300521923457,1.9601995951522508,1.5389522912385776,1.324260017334631,16,22.81934901019557,18.15585573247208,0,666.6753131914722,108.30506229010984,843.9766442439216,40075,10,3,2,True,True,match730_003845848209444307084_2046226831_274,own,de_dust2,40085,8a33bc3a37,mp7,True,False,False,False,False,False,19.0,0.0,0.0,smg,0.4431553077835855,False,39883
547.1575442939434,95.38249359028634,30.49992666739549,17437.78938478537,1.5778837092163176,6.806535099821876,1.5778837092163176,5,12.73894164248491,56.56624310041154,5,462.2118529343318,59.06925034746338,157.995478478992,31854,5,2,1,False,True,match730_003831793800846508273_1359762374_161,own,de_mirage,31859,237144b7d2,mac10,False,False,False,False,False,False,39.0,0.0,0.3735687732696533,smg,0.4430731844681002,False,31662
14.740819530970493,4.007873259685134,6.244131531975918,529.6637339720193,0.5776122727938772,0.4731527232696815,0.1334044470609219,42,16.9525771980968,13.894923373938523,27,1680.0004523459934,94.94950819566584,161.42839943375105,15798,0,1,1,True,True,match730_003829380948349157814_1390656678_161,own,de_dust2,15798,857d0f207c,awp,False,False,False,False,False,False,37.0,0.0,0.0,sniper,0.44299140346583515,False,15606
114.21255395367594,31.056374667485304,1.336249698598836,3652.2510588631794,1.4578690996564596,3.030541252612553,0.4086533246142282,7,24.30226575714393,51.82350228699092,0,946.6996279644404,190.75116694212704,878.6680864455088,100372,54,10,3,False,True,astralis-vs-fnatic-m2-ancient,pro,de_ancient,100426,d8f9528a3a,mp9,True,False,False,False,False,False,0.0,0.0,0.0,smg,0.44294815075900945,False,100180
157.6103515625,51.78109350798125,91.9481323599194,2960.7354585896146,13.203573901964132,14.948800451132293,13.203573901964132,0,54.9054150769391,61.949838526395126,0,233.6744590964596,4.236816681037579,184.85854513091527,131226,13,3,1,False,True,luminosity-vs-nemiga-m1-cache,pro,de_cache,131239,d61b8b9081,m4a1_silencer,False,False,False,False,False,False,0.0,1.0,1.0,rifle,0.4429145591274721,False,131034
59.495983469056085,12.440762525813188,7.294921875,1606.8679420195897,0.7731536226334857,1.0689471957869188,0.3704779570247321,35,9.848494648317851,13.77659378179736,27,727.9826006911121,100.46312590751776,457.8602717999973,49033,18,4,2,True,True,match730_003833678395988770820_2132169428_161,own,de_dust2,49051,4ccc3c6dfc,m4a1,False,False,False,False,False,False,46.0,0.0,0.4983644485473633,rifle,0.4429142271376381,False,48841
597.9730176364191,129.47578557347546,5.536147400414031,14026.873713803066,3.1566760647304166,3.670951010586586,3.1163007953692565,0,23.08992546144701,26.322171201095824,0,401.3462520781047,110.10921070565864,288.71386825123415,100574,20,5,4,True,True,match730_003846055312767320440_2034169741_274,own,de_nuke,100594,b9026ee78e,mp7,False,False,False,False,False,False,18.0,0.0,0.0,smg,0.4428965258098898,False,100382
142.74763893339411,29.975555367488997,131.73875153646037,3258.7618603133324,2.647541447073192,4.028763272373561,1.1034928821194545,4,14.08216759863437,21.52898833511562,4,304.09710757543763,197.34905708573964,605.148682600972,58916,0,1,1,True,True,furia-vs-betboom-m1-mirage,pro,de_mirage,58916,52f704f8ce,awp,False,False,False,False,False,False,0.0,0.0,0.7188557386398315,sniper,0.44289419105788147,False,58724
64.83642021943638,11.48511025189586,14.29813664557272,1760.2577640500378,0.1043142535076159,0.8287333414347667,0.1003938775284001,54,2.368536619470502,18.815522060666275,4,1300.9329299225262,178.32068200099025,812.1209431960948,134324,6,2,2,True,True,furia-vs-betboom-m1-mirage,pro,de_mirage,134330,c1aa9f613a,m4a1,False,False,False,False,False,False,0.0,0.0,0.0,rifle,0.44285065293189857,False,134132
65.06859411305774,7.283513699130034,51.63321869699667,1577.6846310831856,12.418788629215436,11.768997601771051,11.378827616784475,0,40.94617124223965,40.83644504460331,0,174.99176430469024,218.83265437255025,842.8468453209915,135692,45,4,1,False,True,astralis-vs-fnatic-m1-dust2,pro,de_dust2,135737,f100e9403c,deagle,True,False,False,False,False,False,0.0,1.0,0.0,pistol,0.4428373298994789,False,135500
38.36429180635585,14.007280979647494,2.7097618834865176,1162.7094065425376,1.404724796149066,1.3823097672103564,1.145898630087428,32,14.566030499592625,14.317027461883162,23,593.8741509218471,71.27479775090762,110.97695572718636,137117,46,6,3,False,True,match730_003846114907586035842_2006638891_196,own,de_mirage,137163,e767760b4c,ak47,False,False,False,False,False,False,29.0,0.4523674845695495,0.0,rifle,0.44283642994084266,False,136925
41.26818169527912,17.49016226987595,12.849886826385807,1359.6048974012351,0.4087094482696307,0.7451096914595798,0.0380714071450715,22,11.885562627934869,21.509790457730983,5,1663.8870389218223,62.34522163935574,136.4691400072514,41867,136,13,4,True,True,match730_003833682433258029322_1216037504_161,own,de_dust2,42003,e2df927a56,galilar,False,False,False,False,False,False,24.0,0.0,0.0,rifle,0.44282769338218064,False,41675
502.196796594678,68.43804757493248,83.31345818860619,9335.076978504128,0.8108198633731514,5.915935574171384,0.8108198633731514,3,11.444150728045267,84.10244224574002,1,808.5323496805148,30.48220714866145,61.969044953138216,117063,84,14,4,False,True,aurora-vs-9z-m2-mirage-p1,pro,de_mirage,117147,4044fff327,m4a1_silencer,False,False,False,False,False,False,0.0,0.0,0.0,rifle,0.4427645017726744,False,116871
205.5809815664913,30.909334703367485,198.89148054684105,8212.213466272355,10.276521956904707,13.499398249268078,3.226326083754602,0,33.731338001608776,43.261997109176825,0,180.45501956724323,205.69259696857003,704.1434529794191,33709,7,2,1,False,True,match730_003845735833772490759_0956054515_272,own,de_inferno,33716,68a903afd4,ak47,False,False,False,False,False,False,32.0,0.0,0.0,rifle,0.44269463277853427,False,33517
189.95363361453408,25.088588654541,21.80734170837734,5237.755370576285,0.2067315199116075,1.4450592147463428,0.2067315199116075,40,3.790734595833462,26.52186184630697,4,1044.8350949469384,79.00935807630228,270.66849858566763,187702,0,1,1,True,True,luminosity-vs-nemiga-m2-dust2,pro,de_dust2,187702,c4ceacecd8,awp,False,False,False,False,False,False,0.0,0.0,0.0,sniper,0.4425735954756692,False,187510
967.3498455232036,144.50563135280345,20.074781557901726,19692.737860493857,1.6749027988692933,3.907240913329938,1.2662320807772691,6,14.040714248663908,33.13960408513138,5,462.08615053772,64.25554798966374,144.67344029293685,13140,40,8,5,True,True,aurora-vs-9z-m2-mirage-p2,pro,de_mirage,13180,6c2b13b080,galilar,True,False,False,False,False,False,0.0,0.0,0.1804329007863998,rifle,0.4425204923996456,False,12948
814.4096350388915,73.52299058684736,33.6166812269257,11998.178222541645,8.600071244041294,9.7027616399584,2.60260374810778,0,45.21917129702497,51.84728337892492,0,298.7212120708156,109.59202232312978,478.65557826738257,67022,39,7,4,False,True,match730_003846095210866016783_0292086677_161,own,de_ancient,67061,26d15ffc47,m4a1_silencer,False,False,False,False,False,False,38.0,0.0,0.0,rifle,0.44250442320672756,False,66830
26.800516398280045,0.8988150392071637,11.011221944204394,1316.311485692602,0.734687048212989,1.146557326075239,0.734687048212989,17,13.964793687499052,21.7879888931856,5,1088.9721909177968,239.0297606853802,420.7144294274691,2295,0,1,1,True,True,aurora-vs-9z-m2-mirage-p2,pro,de_mirage,2295,ac7afcf085,m4a1_silencer,True,False,False,False,False,False,0.0,0.0,0.0,rifle,0.4422931154004261,False,2103
651.0891866840335,71.40198415584652,86.63946600023444,19960.29751553299,3.531867188012973,10.498973143816825,3.531867188012973,0,11.82269913177528,40.5643140303948,2,151.7533634021256,224.27231898071165,675.8115045807414,13055,26,5,3,False,True,aurora-vs-9z-m2-mirage-p2,pro,de_mirage,13081,7a9df6b20d,ak47,True,False,False,False,False,False,0.0,0.0,0.0,rifle,0.44224142465089245,False,12863
38.77716698312766,6.272553363902942,9.477571545671577,1298.2343016319244,1.2151069843283506,1.2148768058325832,0.1210581550738352,65,18.96051541033492,18.957420360032,1,893.5620969686515,35.58409151428076,37.42808282307069,134349,12,2,1,False,True,astralis-vs-fnatic-m1-dust2,pro,de_dust2,134361,ca06492643,tec9,True,False,False,False,False,False,0.0,0.6711273193359375,0.0,pistol,0.4422171946381151,False,134157
201.2687691625894,16.10635391505499,15.302117362876706,5531.945602034253,0.6341813081921368,0.4757225028886322,0.3135782300796147,33,14.579590404238347,10.903885016360269,16,1307.462007175079,220.68428787252668,371.3707276785261,229089,25,5,4,True,True,furia-vs-betboom-m2-cache,pro,de_cache,229114,6c3df85cda,ak47,False,False,False,False,False,False,0.0,0.0,0.0,rifle,0.44220680849496974,False,228897
22.521484375,4.90531230344671,6.068620016246989,588.675043119422,2.027235529799723,1.8568964098017549,1.7614787125881717,13,14.056136979142345,12.877889037477754,13,396.9215168311473,98.802013775581,95.95173939068388,7952,0,1,1,True,True,match730_003846114907586035842_2006638891_196,own,de_mirage,7952,1c49a0cc75,usp_silencer,True,False,False,False,False,False,20.0,0.0,0.0,pistol,0.44209477351550225,False,7760
38.43497803640898,6.557793327330832,4.138020833333333,1393.8385943301746,0.2676971393140457,0.3334991335217315,0.0480993562125081,53,6.863953455181068,8.54569579020092,35,1466.714646543811,71.48583417162882,96.48495447247352,42352,0,1,1,True,True,astralis-vs-fnatic-m1-dust2,pro,de_dust2,42352,ca06492643,awp,True,False,False,False,False,False,0.0,0.0,0.0,sniper,0.4419646549077969,False,42160
323.4738151073387,31.229759752634685,24.310384699814357,10561.499209480546,5.93061899196147,5.982735512691896,3.575665711375656,0,65.23357582952669,65.45301460224196,0,627.679730473046,274.0158102162518,453.5968605202888,149530,19,4,2,False,True,luminosity-vs-nemiga-m1-cache,pro,de_cache,149549,d61b8b9081,ak47,False,False,False,False,False,False,0.0,1.0,0.0,rifle,0.4419203095445652,False,149338
87.296875,21.480198397045875,1.875,1837.220204188721,2.270436533281567,1.535669506979669,0.0557332377795934,23,17.154462401860645,11.528643533434357,22,427.6272432541287,137.33958660363083,218.02683076410312,59678,6,2,2,True,True,furia-vs-betboom-m1-mirage,pro,de_mirage,59684,e1ccb1699e,ak47,True,False,False,False,False,False,0.0,0.0,0.0,rifle,0.44191215797102024,False,59486
761.0980570129936,114.94776862071822,103.67536074241144,17844.132653579767,3.578061207549411,8.683258372755764,3.578061207549411,0,19.633564276440424,48.59092248833712,1,310.78065764925486,140.79460567110374,296.1631050053631,93711,0,1,1,True,True,aurora-vs-9z-m1-dust2,pro,de_dust2,93711,b793b85286,ak47,True,False,False,False,False,False,0.0,0.0,0.8432007431983948,rifle,0.44185593139819646,False,93519
316.39233049118315,59.33896955975364,14.752939434009448,6993.057743577496,10.807164600548262,8.007721526820237,4.389548613112466,0,66.71092815434643,49.111910768057285,0,338.03660484300224,249.9521443610738,561.625750414787,14406,6,2,2,True,True,match730_003846224175849013887_1403891103_383,own,de_anubis,14412,6568c6977b,m4a1,False,False,False,False,False,False,82.0,0.0,0.0,rifle,0.4417788144160816,False,14214
92.87857467734008,17.415190733420676,18.917375768927855,2009.4187140480103,8.35355897713256,10.352103382465849,8.35355897713256,0,65.82795732261744,81.78125618201199,0,448.142505929493,181.7434948180966,514.5378022502757,158697,38,7,4,False,True,luminosity-vs-nemiga-m2-dust2,pro,de_dust2,158735,798c33b296,m4a1_silencer,False,False,False,False,False,False,0.0,0.0,0.0,rifle,0.44173787266723546,False,158505
54.35128582983647,8.255554239751856,23.47179245203424,1968.0547482852007,0.7731851323290435,1.4098135614980938,0.7731851323290435,28,8.277751932493487,15.087724308164534,24,612.1431370444287,136.73454511977218,434.1377860678237,122314,0,1,1,True,True,match730_003846095210866016783_0292086677_161,own,de_ancient,122314,b639457643,ak47,True,False,False,False,False,False,42.0,0.0,0.7012779116630554,rifle,0.44158191991395407,False,122122
55.92116559610679,3.479391035273188,46.599935664592806,1500.6088944306855,1.8686847500869035,3.150222871662681,1.8686847500869035,2,18.761219020561985,31.666238430004103,1,564.9655000942288,102.14406600105556,263.2311247010378,31754,0,1,1,True,True,aurora-vs-9z-m2-mirage-p1,pro,de_mirage,31754,fea287be28,awp,False,False,False,False,False,False,0.0,0.0,0.0,sniper,0.4415717147078955,False,31562
65.56507123736291,14.115376605414816,10.83149474913901,3539.7538973100764,1.1168228932710822,1.0693963126328323,0.0912501132880222,19,26.89814314405867,25.73338377032551,0,1373.927002332485,249.4279438250325,864.5245635300494,39622,0,1,1,True,True,match730_003846087479924883540_0606572273_161,own,de_mirage,39622,7a2108eafc,ssg08,True,False,False,False,False,False,19.0,0.0,0.0,sniper,0.44153852479614697,False,39430
272.2791993076975,31.278312913687405,0.5641276041666666,8782.577857788965,2.350874028899025,2.3206414305423304,2.0810862078845584,17,25.008408573663655,24.736017965987923,0,609.0313274036853,104.57779636014364,93.24828887621172,198105,12,3,2,True,True,furia-vs-betboom-m2-cache,pro,de_cache,198117,372a892754,m4a1,True,False,False,False,False,False,0.0,1.0,0.0388276576995849,rifle,0.44149378421908814,False,197913
777.8638365163795,115.8947426123903,12.961175105355125,19683.303196869085,0.5360523771950861,1.6974021583097991,0.5360523771950861,8,4.277414497973718,13.560244795537576,7,456.81427131810256,212.51264365925425,539.0191739557945,84476,34,4,2,True,True,match730_003845721267390906757_0873910189_273,own,de_anubis,84510,b0848df2ab,glock,False,False,False,False,False,False,38.0,0.0,0.0,pistol,0.4413639178379113,False,84284
68.14221995690717,10.854851984927242,18.118665961551887,1394.0265461793174,0.5738821201793539,0.921643234217979,0.1379893886417051,65,10.288516533983808,16.504354240314875,7,1023.0301597765716,17.91740424361959,120.21668104306332,87021,13,3,2,False,True,aurora-vs-9z-m2-mirage-p1,pro,de_mirage,87034,fe43c71f39,m4a1_silencer,True,False,False,False,False,False,0.0,0.0,0.0,rifle,0.4413442228127374,False,86829
101.84684907892336,24.511931101694085,53.56874823868825,4128.593359123662,1.6741647272361546,4.327736307834306,1.6741647272361546,3,18.777753459725616,50.18816444601805,1,638.946539352199,250.29443891425865,812.2439580357761,43634,0,1,1,True,True,match730_003846224175849013887_1403891103_383,own,de_anubis,43634,04d29c9bb8,awp,False,False,False,True,False,False,139.0,0.6419976353645325,0.0,sniper,0.44133591768372044,False,43442
36.84874068376765,7.8573342933079955,26.286103148807317,848.6203022051292,1.0892402602490276,1.7363349031238595,1.0892402602490276,17,16.69609786367941,26.8666566933486,1,878.0430473199827,126.3862729052438,736.9346446030836,15329,0,1,1,True,True,aurora-vs-9z-m2-mirage-p1,pro,de_mirage,15329,4044fff327,mac10,True,False,False,False,False,False,0.0,0.0,0.0,smg,0.44131550448319556,False,15137
14.70019424206342,3.137579908629299,9.57483525849038,484.8189933539646,0.4262126951904252,0.7599460262618484,0.4262126951904252,54,14.080058784648706,25.10812636888968,3,1892.747319083428,93.95638372022012,201.27575469404476,45943,0,1,1,True,True,aurora-vs-9z-m2-mirage-p2,pro,de_mirage,45943,4044fff327,awp,False,False,False,False,False,False,0.0,0.0,0.2848577499389648,sniper,0.4413138594830029,False,45751
70.14016049767267,9.149812518828842,40.37537435293786,3189.7535607131435,0.8495113967583962,1.2457752698953883,0.2430912242004978,43,20.277345502082404,30.034672336467263,0,1361.05348820736,58.93735902036316,205.1247084935251,39223,12,3,1,False,True,match730_003831793800846508273_1359762374_161,own,de_mirage,39235,9f98d2dad8,m4a1,True,False,False,False,False,False,47.0,0.1706371307373047,0.0,rifle,0.4412572200921438,False,39031
201.40463456008376,46.7320477539876,23.28555414191021,4177.035916232915,0.2108461758122982,3.1425678683144787,0.2108461758122982,6,1.8361590115363915,28.353459239067803,5,494.78215229009993,177.3034003890847,465.2368865658296,140604,0,1,1,True,True,luminosity-vs-nemiga-m1-cache,pro,de_cache,140604,c4ceacecd8,awp,False,False,False,False,False,False,0.0,0.0,0.1098788753151893,sniper,0.44120584283045994,False,140412
509.4406076579148,116.80844040653012,122.53556362002912,16184.631735390012,1.9655735731307176,6.885305213167754,1.1170267948437822,2,9.089045072760074,32.240481327171494,3,264.5290275652744,164.2101004312696,752.0506274155636,125006,25,5,3,False,True,match730_003846114907586035842_2006638891_196,own,de_mirage,125031,8a33bc3a37,ak47,False,False,False,False,False,False,32.0,0.0,0.4864483475685119,rifle,0.441201349504907,False,124814
40.22821331063372,7.686470155547674,28.42504448227051,1431.2624456270726,0.5809722327650547,1.5818904658796964,0.4938698738545891,59,7.131221472513099,19.419855415764083,5,702.9684035741501,86.66533294591558,80.27707564906085,144234,0,1,1,True,True,match730_003846114907586035842_2006638891_196,own,de_mirage,144234,6f05066c08,ak47,False,False,False,False,False,False,21.0,1.0,0.0,rifle,0.44116009997831196,False,144042
257.9790115986474,24.384285848510217,194.21984915227824,8781.798401652763,4.118133179554792,10.603180137913927,3.637842077460623,0,13.61409856624247,35.54185991375171,2,188.65184476973823,87.47060390437426,419.62441078828834,209780,39,7,5,False,True,luminosity-vs-nemiga-m2-dust2,pro,de_dust2,209819,74c7d1f104,ak47,False,False,False,False,False,False,0.0,0.0,0.0,rifle,0.44107465604206025,False,209588
180.8302312253801,74.18297707764788,9.19189453125,7890.813741722786,0.7392010658164874,0.8813157709654431,0.5229585319024329,13,11.186611628593909,13.514937602628606,8,860.1603780850226,110.1750016684899,776.6643185797992,14884,103,16,7,False,True,match730_003829380948349157814_1390656678_161,own,de_dust2,14987,8a33bc3a37,mp7,False,False,False,False,False,False,7.0,0.0,0.9129517674446106,smg,0.4409520252705082,False,14692
438.0376197736618,65.45489797628812,10.266360955996705,7936.24597963615,0.9035150593226102,0.6054413213939027,0.1807658586851024,13,15.08099993797709,10.18049673999929,11,956.23136417262,48.69093500486675,290.8795580265611,112355,10,2,1,False,True,luminosity-vs-nemiga-m1-cache,pro,de_cache,112365,f730a5e684,fiveseven,True,False,False,False,False,False,0.0,0.0,0.2192922532558441,pistol,0.44090091430101097,False,112163
47.53177471485727,19.701963891733485,32.3573701016095,1431.0410730107806,3.449697464713789,6.462042115241879,2.0855359795982684,0,47.72880781269316,90.39691409285808,0,791.4944077043089,166.53140909045908,309.70192019923155,8949,36,8,3,False,True,match730_003833682433258029322_1216037504_161,own,de_dust2,8985,e2df927a56,mp7,True,False,False,False,False,False,25.0,0.0,1.0,smg,0.44089011554969826,False,8757
36.4939660643623,8.289555531419964,21.169957641144837,1830.4440787906208,3.001360449577763,2.5667125839093994,1.4158563236918706,0,46.061630336902645,39.39300365256697,0,877.9462527579826,146.89687707206414,499.61127017009625,68951,68,5,1,False,True,match730_003845848209444307084_2046226831_274,own,de_dust2,69019,71f78fbbc6,usp_silencer,True,False,False,False,False,False,28.0,0.0,0.0,pistol,0.4408560624675262,False,68759
840.5124295215971,112.54217713393996,80.63739237731279,24862.6508585778,1.418483783318158,5.821998899492107,1.418483783318158,2,8.272236070369454,34.258489874461624,3,334.0185566740847,204.10048808245975,252.3050707230505,4791,0,1,1,True,True,aurora-vs-9z-m1-dust2,pro,de_dust2,4791,b793b85286,glock,True,False,False,False,False,False,0.0,0.0,0.0,pistol,0.4408150302272388,False,4599
28.253880664671986,10.445109659430145,22.83165811765009,1009.7080340333016,0.420385114350185,1.406050029655209,0.420385114350185,52,8.652333617658185,28.94496968368609,3,1178.8113199546362,88.49734826547576,254.25589606555792,42352,6,2,2,True,True,aurora-vs-9z-m1-dust2,pro,de_dust2,42358,b793b85286,galilar,False,False,False,False,False,False,0.0,0.0,0.0,rifle,0.4406249812320543,False,42160
57.25755496753765,16.109111257582484,0.7457766832826868,1640.7754962189902,0.6289828396294431,1.9380359089212345,0.6289828396294431,8,4.710544523175466,14.600484135563608,8,428.8000969515394,71.53121230254413,34.28658536675196,121614,6,2,2,True,True,match730_003845735833772490759_0956054515_272,own,de_inferno,121620,11a0f5ab5d,ak47,True,False,False,False,False,False,53.0,0.0,0.0,rifle,0.44043825572321116,False,121422
723.3541593191179,137.0186123793825,80.65857944717608,20576.7376478774,3.1318420182007105,8.598405815729222,3.1318420182007105,0,20.92870854321163,56.48461397198497,0,348.8848600816115,235.8391389395269,564.1247119055777,119483,49,9,5,True,True,match730_003846055312767320440_2034169741_274,own,de_nuke,119532,1c9bd3c08e,m4a1,False,False,False,False,False,False,33.0,0.0,0.0,rifle,0.44034443622075276,False,119291
83.14048966954341,33.18220700648082,28.18149391879461,2359.1284744937784,12.657351181811617,7.3381788021616146,3.708806938845188,0,65.1052311096342,37.392456208212266,0,166.78579180186046,142.9216096529774,176.49160089582537,41899,25,5,2,False,True,astralis-vs-fnatic-m1-dust2,pro,de_dust2,41924,fe19e6103c,ak47,True,False,False,False,False,False,0.0,0.0,0.0,rifle,0.4403092107882912,False,41707
47.56917690826821,9.922732806181417,8.11310259740992,1008.5271987193752,0.4224113620105608,0.6263231604344469,0.352883750467564,35,15.298174641364929,22.6836255851047,5,2053.0849862741056,141.79472445932225,587.0502383747865,50536,0,1,1,True,True,match730_003846055312767320440_2034169741_274,own,de_nuke,50536,f9d25d950a,awp,False,False,False,False,False,False,20.0,0.0,1.0,sniper,0.44007308897395664,False,50344
399.820802971808,50.84648156699652,1.8600013454436948,8442.490014130104,0.4090852181784074,1.744145827273758,0.4090852181784074,9,3.2988977028295268,14.083773125109252,7,461.8633338517007,84.97642732387878,127.3589245177258,100083,6,2,1,False,True,match730_003833678395988770820_2132169428_161,own,de_dust2,100089,9517c1c552,m4a1,False,False,False,False,False,False,79.0,0.0,0.2283782958984375,rifle,0.4399923026924268,False,99891
76.07739595920616,34.04879119036028,0.9375,1442.3812602069124,1.400288039989097,1.6164626677239091,1.0759533304976594,16,11.475662728214902,13.103933107049532,16,469.2907973324597,160.88790335267367,314.2654724166717,82095,6,2,1,False,True,luminosity-vs-nemiga-m2-dust2,pro,de_dust2,82101,95f0d4db09,ak47,True,False,False,False,False,False,0.0,0.0,0.0,rifle,0.4399840469781918,False,81903
229.47145211552169,35.36897926507214,9.739387832580723,6575.936727066503,0.6472430458329875,0.8084698677641198,0.3828218011341029,29,14.516444991125647,18.133981558067145,7,1284.8473624949368,62.0382268111811,223.9623693798064,72981,0,1,1,True,True,match730_003833678395988770820_2132169428_161,own,de_dust2,72981,9517c1c552,awp,False,False,False,False,False,False,82.0,0.0,0.0,sniper,0.4398450880345209,False,72789
747.0804308829242,83.68635511360793,34.335565259502665,13975.402738273748,0.9187886866470284,0.9248038336671872,0.7214021878338687,18,13.956854631438356,14.064525273128476,12,870.169094924171,193.74559912846885,285.3718428934494,136690,19,4,2,False,True,aurora-vs-9z-m1-dust2,pro,de_dust2,136709,6c2b13b080,m4a1_silencer,False,False,False,False,False,False,0.0,0.0,0.0,rifle,0.43984424419448853,False,136498
578.2574019702539,73.06762570629488,18.951954689001656,16473.174621052483,2.5370899994318035,2.075419726207797,1.0604053686252022,30,24.361951999114524,19.98567162162401,0,549.6654184999923,177.8380437326735,238.51677368979517,117137,13,3,3,True,True,luminosity-vs-nemiga-m2-dust2,pro,de_dust2,117150,d61b8b9081,ak47,False,False,False,False,False,False,0.0,1.0,0.0,rifle,0.4398333826900464,False,116945
12.871741021281672,0.9107626566419472,12.4403989487023,639.426595134025,0.74309575950929,0.9032702771730026,0.7334342858801707,39,18.90228868769802,22.976960224899923,2,1454.9612837960124,119.16115830099092,530.0810576141685,54450,0,1,1,True,True,astralis-vs-fnatic-m1-dust2,pro,de_dust2,54450,ca06492643,awp,False,False,False,False,False,False,0.0,1.0,0.0,sniper,0.43976773118643425,False,54258
31.662333710689744,2.983814268863959,24.95367906982698,663.5180477005492,0.7203301281514708,1.761479730881356,0.7203301281514708,11,15.320568584883318,37.75030494386228,2,1216.3376056596078,135.16927521403656,437.0703739830737,33466,0,1,1,True,True,astralis-vs-fnatic-m2-ancient,pro,de_ancient,33466,ca06492643,awp,True,False,False,False,False,False,0.0,0.0,0.0,sniper,0.4396713347823717,False,33274
113.21628394667054,18.32007585923361,56.9359297231516,3980.236240591503,3.502064527460899,1.4566920209837966,0.0928857438036157,0,20.64811432181918,8.581755481396423,0,337.15128211860105,122.88089678230442,278.85391167334666,153810,0,1,1,True,True,furia-vs-betboom-m2-cache,pro,de_cache,153810,e1ccb1699e,awp,False,False,False,False,False,False,0.0,0.0,1.0,sniper,0.43957391166297394,False,153618
28.190269858539235,9.337337522160736,4.390115961393516,601.425476247816,1.099745978504156,1.2991541175082073,1.063582270552037,19,9.14928120299739,11.157312079518691,13,456.4975029622895,109.40636298583163,591.519742276685,119123,0,1,1,True,True,astralis-vs-fnatic-m1-dust2,pro,de_dust2,119123,38f757d48e,famas,False,False,False,False,False,False,0.0,0.0164308547973632,0.0,rifle,0.4395679456594005,False,118931
903.7348424049296,115.46816102743426,15.730283777142867,25859.498663915503,1.563151983223101,2.27680266311082,1.5411787017497711,8,11.228356942015507,17.102792609023254,7,411.4415382275341,229.83067623262025,380.8537479929091,81394,19,4,3,False,True,match730_003829380948349157814_1390656678_161,own,de_dust2,81413,f3383df9e7,ak47,False,False,False,False,False,False,42.0,0.0,0.0,rifle,0.4395373636668273,False,81202
41.85128631984896,7.431739146867917,22.11925562768316,1538.24369470352,0.3998328433248396,1.2056561397129884,0.289125031181904,63,6.365656049359042,19.22174200915522,6,903.05436075198,154.74108734817565,870.9987307890138,64399,6,2,1,False,True,astralis-vs-fnatic-m2-ancient,pro,de_ancient,64405,95b933ed7c,ak47,True,False,False,False,False,False,0.0,0.0,0.3825624287128448,rifle,0.4393824977348132,False,64207
817.7846384715501,80.00740781717971,78.48060969784962,24328.91187419073,5.22358108246187,6.916556965063134,0.6614085363730974,0,22.357276587282364,30.347191330981357,0,244.2324993620879,182.34440899854397,229.1217979041171,68526,45,4,1,False,True,match730_003833682433258029322_1216037504_161,own,de_dust2,68571,1823ad92a3,deagle,True,False,False,False,False,False,19.0,0.0,0.1887910366058349,pistol,0.43936411581450946,False,68334
25.333984375,7.048964547572055,14.326017274048828,1081.375,0.8607116568497583,0.6099823862946091,0.5157419500807253,38,12.602182229409424,8.937636875826968,17,838.7057686267907,136.45129842494427,178.48368368973468,3559,44,3,1,False,True,match730_003846095210866016783_0292086677_161,own,de_ancient,3603,9c0b0079af,usp_silencer,False,False,False,False,False,False,8.0,0.0,0.0,pistol,0.4391200618440263,False,3367
35.16757006336061,8.961622030958829,9.813115940947773,1373.368049930384,0.8889234330696337,0.8971870893114857,0.7093064392639761,21,6.096954631182348,6.232675320065276,19,392.7406558675104,64.10281251365424,284.66014512237297,212480,0,1,1,True,True,furia-vs-betboom-m2-cache,pro,de_cache,212480,6c3df85cda,ak47,True,False,False,False,False,False,0.0,0.0,1.0,rifle,0.43903357781293006,False,212288
16.978805120008378,4.016520095246783,1.824793030610456,978.3935276805362,1.2944360210498496,0.7698681182501739,0.443677735230539,21,20.16700543177662,12.026528330976294,0,892.4593596947456,222.93296875280845,1112.182822995417,240453,6,2,1,False,True,furia-vs-betboom-m2-cache,pro,de_cache,240459,372a892754,ak47,True,False,False,False,False,False,0.0,0.0,0.0,rifle,0.4390276004083706,False,240261
8.434372668497414,1.344874416252366,3.4442375852622926,440.8060851973088,0.2171134101287421,0.3115999082809006,0.2171134101287421,34,5.448046647904986,7.823899871540154,12,1435.2510568041655,153.13481397460376,726.9043034937188,111335,0,1,1,True,True,luminosity-vs-nemiga-m2-dust2,pro,de_dust2,111335,456b773fab,awp,True,False,False,False,False,False,0.0,0.0,0.0,sniper,0.43897682716997594,False,111143
66.54683901518695,23.23824667342079,1.83837890625,3240.4162102026494,7.335956784867748,4.638666768486529,0.0949940711624334,0,50.56139409748134,32.21494208728608,0,390.03580492302086,238.60653282152995,775.4456529133015,27742,47,9,5,False,True,match730_003833682433258029322_1216037504_161,own,de_dust2,27789,916fd9f867,famas,False,False,False,False,False,False,19.0,0.0,0.0,rifle,0.43897113372727903,False,27550
195.8927320330668,31.725804379111853,16.806011211039802,4239.204530645306,1.0429849049885105,0.7497377130519977,0.2427702425724344,24,10.647997093461738,7.6773371877410685,22,584.7111910734122,153.4674357148267,502.950321163789,33229,0,1,1,True,True,aurora-vs-9z-m2-mirage-p2,pro,de_mirage,33229,4044fff327,awp,False,False,False,False,False,False,0.0,0.0,0.0,sniper,0.43894401566750874,False,33037
427.7116394065081,72.68151660914126,97.60130152036454,24202.56670999096,1.8331747225277448,7.82510981110182,1.633732560724485,3,14.937313231249822,62.81696749638945,2,451.54962994628266,111.48255912159688,205.6093283352992,11188,19,4,3,False,True,aurora-vs-9z-m2-mirage-p1,pro,de_mirage,11207,7a9df6b20d,ak47,False,False,False,False,False,False,0.0,0.0,0.0,rifle,0.43887379205480137,False,10996
21.60954957065419,8.433290096668728,7.533069873018267,770.818766863529,0.7730183848143344,1.155138332180638,0.7430598073594313,40,18.40954175205114,27.628282790583,2,1362.7875933340742,104.66637412040863,467.806061353492,60417,45,6,2,False,True,luminosity-vs-nemiga-m1-cache,pro,de_cache,60462,74c7d1f104,m4a1,False,False,False,False,False,False,0.0,0.0,0.6979572772979736,rifle,0.4388629421655838,False,60225
32.719273312527186,15.586870961987866,13.430882368855029,851.9064595861333,0.5542026702205706,1.2114450455367434,0.163960936641829,11,12.73251342640508,28.15866415341256,5,1313.7520476059892,226.1366465894144,519.6826142725438,5895,0,1,1,True,True,luminosity-vs-nemiga-m2-dust2,pro,de_dust2,5895,d61b8b9081,usp_silencer,True,False,False,False,False,False,0.0,0.0,0.0,pistol,0.43885251877140574,False,5703
29.492738060264887,9.448101433725128,4.809857226273006,1124.7735836432248,0.5619011551460874,0.5497804316130301,0.2466048568710836,34,18.975034500252185,18.689301747961828,6,1929.3856374754716,237.50061159693453,287.32115609406543,46462,0,1,1,True,True,match730_003829380948349157814_1390656678_161,own,de_dust2,46462,857d0f207c,awp,False,False,False,False,False,False,37.0,0.0,0.0,sniper,0.4388364706021659,False,46270
49.063966039148085,17.52113755048011,42.27536122361695,1287.587298945408,0.5172893039880313,1.7817220131575096,0.2008178530561197,27,12.255158963289023,42.21581093858768,2,1349.7066596933566,169.61086437844924,200.90958293759343,185910,0,1,1,True,True,luminosity-vs-nemiga-m2-dust2,pro,de_dust2,185910,c4ceacecd8,awp,True,False,False,False,False,False,0.0,0.0,0.1744139641523361,sniper,0.43879609599985914,False,185718
32.08006274450854,7.086161117708628,8.57229908425485,1038.0884369932571,0.474936265762318,1.0593323183147811,0.474936265762318,50,11.85416050197601,26.766958410975395,3,1423.3978742242437,232.573358895692,378.7037272725725,51802,0,1,1,True,True,match730_003845848209444307084_2046226831_274,own,de_dust2,51802,bfb8267f0c,m4a1_silencer,False,False,False,False,False,False,30.0,0.0,0.0,rifle,0.4387436554222038,False,51610
21.1162109375,1.8284425182303528,7.698867795053265,636.9675994327395,0.954241910206654,1.3599401437100724,0.830231644405451,28,13.09603386819745,18.677036212768424,5,785.1858587490967,59.1823812738713,703.8341926760967,116608,17,4,2,True,True,astralis-vs-fnatic-m1-dust2,pro,de_dust2,116625,c023f685ab,famas,True,False,False,False,False,False,0.0,0.0,0.0,rifle,0.43873566027108774,False,116416
25.97382276729262,2.911961880757697,19.254154869780425,1259.187501282249,3.2728067700064547,3.136741060909337,2.2128626813338523,0,23.66510583935194,23.00068170060664,0,413.7055571081153,111.51057208781418,426.2369197710201,94213,4,2,2,True,True,match730_003833678395988770820_2132169428_161,own,de_dust2,94217,7090249fd0,mac10,True,False,False,False,False,False,38.0,1.0,0.0,smg,0.4387271748092437,False,94021
724.5376332120094,64.63036523040427,89.39573021167881,25392.774111149996,1.850548915974635,4.155654950976289,0.4201266960482448,2,9.194429491746789,20.6569133674234,3,284.3247585895324,41.33033152930282,43.23876953745325,176952,0,1,1,True,True,luminosity-vs-nemiga-m2-dust2,pro,de_dust2,176952,f730a5e684,galilar,True,False,False,False,False,False,0.0,0.0,0.0,rifle,0.4386898492038371,False,176760
28.32126838702005,12.147499261752989,4.4124092911436925,767.8333645414946,0.3463514148413067,0.6374309936584793,0.3463514148413067,41,5.624307393594871,10.606361602100364,11,930.2851424871494,151.51692050499452,325.71261478197283,77345,66,7,4,True,True,match730_003833678395988770820_2132169428_161,own,de_dust2,77411,4ccc3c6dfc,ak47,False,False,False,False,False,False,46.0,0.0,0.0,rifle,0.43866716068578615,False,77153
976.627187649044,76.71977569985472,19.6897271273705,28419.04174373598,1.2789965351409731,2.62909059996976,0.5526469886624386,7,14.35156608370438,30.083981372884768,1,642.6846145114308,224.79386617799344,696.2305854940984,94946,38,7,4,True,True,luminosity-vs-nemiga-m2-dust2,pro,de_dust2,94984,3b306c71b2,ak47,True,False,False,False,False,False,0.0,0.0,0.0,rifle,0.43860008284970886,False,94754
527.3005250233671,29.73834639920159,53.234249090300445,24032.858601495493,0.954381430858317,3.180053386499736,0.954381430858317,4,14.53522112606978,48.45559227797808,1,872.4396388291647,72.27931050069685,179.96328476377354,94787,38,5,4,True,True,match730_003831793800846508273_1359762374_161,own,de_mirage,94825,9f98d2dad8,glock,False,False,False,False,False,False,48.0,0.0,1.0,pistol,0.4385452951483879,False,94595
31.844304118328267,13.427275612794965,18.90937545046233,845.2281174907522,1.3182654255025694,1.068982026475392,0.5135224728712056,21,10.455820357687834,8.544888340125164,20,451.5189455872072,78.04685678251461,260.86088744196616,120164,0,1,1,True,True,aurora-vs-9z-m1-dust2,pro,de_dust2,120164,6c2b13b080,usp_silencer,True,False,False,False,False,False,0.0,0.0,0.0,pistol,0.4385370833476066,False,119972
464.2045082724728,87.42322088990309,93.72444816588173,11057.385706209836,4.379191531647894,6.609391303271229,4.260974432626561,0,52.68672585193603,80.96123714090291,0,686.6521283800835,19.530814192198164,122.2429227135818,104267,148,34,3,False,True,match730_003845735833772490759_0956054515_272,own,de_inferno,104415,db46f148b7,p90,False,False,False,False,False,False,43.0,0.0,0.0,smg,0.43850359659082,False,104075
32.96936215379275,2.965971866143165,14.89192269100544,1540.8291990124278,1.5695225803515218,1.854264046603138,1.5695225803515218,16,9.990951386665955,12.01725419682137,16,364.5222861407463,145.02121263776417,621.9123571191234,26711,23,5,2,False,True,match730_003833678395988770820_2132169428_161,own,de_dust2,26734,7090249fd0,galilar,False,False,False,False,False,False,36.0,0.0,0.7202134728431702,rifle,0.4383784575312617,False,26519
412.355701788212,96.3248910338432,150.0889251462538,13239.083626355148,4.3916027822444885,9.128310850128845,4.3916027822444885,0,17.790171208460723,38.2336926428416,2,230.34069993093536,6.970816189646618,752.8326087253829,93643,6,2,1,False,True,match730_003833682433258029322_1216037504_161,own,de_dust2,93649,c2d6ff7eff,m4a1,True,False,False,False,False,False,47.0,0.0,0.0,rifle,0.43837771364498124,False,93451
336.4988882378043,29.5483075872156,2.819661458333333,7704.192651417555,1.0201746520780552,1.5179482779019695,1.0201746520780552,37,10.45393677391596,15.616772257699353,7,586.9198783876965,76.47147804513537,363.964823390432,161202,6,2,2,True,True,furia-vs-betboom-m2-cache,pro,de_cache,161208,372a892754,ak47,True,False,False,False,False,False,0.0,0.0767338350415229,0.0,rifle,0.4383663922309739,False,161010
260.4638671875,66.32749787520778,62.30001660353479,11262.6875,11.550840850626331,12.170589551272665,3.521615113859232,0,80.87496750717376,85.33030029176774,0,395.5084492675553,116.63912705304614,199.13379091683163,32694,44,9,1,False,True,match730_003831793800846508273_1359762374_161,own,de_mirage,32738,6ca81de9cd,mac10,False,False,False,False,False,False,63.0,0.0,0.0,smg,0.4383220403569712,False,32502
38.15243125320419,8.59000402209021,6.828481160407292,2441.7556002050683,0.9031926373936012,0.8369637714151104,0.3581608604033824,65,12.59857442387946,11.67471979460522,11,798.2825506554419,0.0,28.397368338882018,119592,0,1,1,True,True,match730_003846095210866016783_0292086677_161,own,de_ancient,119592,cd1c592f75,ak47,True,False,False,False,False,False,46.0,0.0,0.0,rifle,0.4382076181260979,False,119400
140.8452027700662,17.034084258024826,3.7583282592029854,3269.5929772842373,0.3695234647805794,0.4150947625070602,0.0716485958149073,51,8.199055718934666,9.212079847190802,11,1249.946699458815,51.32194412302052,564.608364154882,55470,31,3,1,False,True,match730_003831793800846508273_1359762374_161,own,de_mirage,55501,03d8a6e44d,ak47,True,False,False,False,False,False,42.0,0.0,0.0,rifle,0.43811863678336893,False,55278
196.45887151693643,23.335638636416014,0.3515625,6622.858670385056,1.9890365121801723,2.511241680540916,1.824405431582551,7,17.05393928537077,21.541728637835885,5,490.888079260926,42.66478258064954,523.7109913861093,99623,22,2,1,False,True,match730_003831793800846508273_1359762374_161,own,de_mirage,99645,ca729defe3,deagle,False,False,False,False,False,False,70.0,0.0,0.9756832122802734,pistol,0.43809257084512154,False,99431
859.8771987695055,58.827451644677936,12.83748941789492,19882.8570181052,0.6261963282033627,0.8812527667662764,0.2911290590254297,18,8.360721298050876,11.762794628462604,8,758.6304373071056,162.3036735973758,686.4234372591824,55742,19,4,4,True,True,match730_003846224175849013887_1403891103_383,own,de_anubis,55761,0c250789aa,ak47,False,False,False,False,False,False,62.0,0.0,0.0,rifle,0.438035214512941,False,55550
65.99762326353769,16.443000918787302,28.80543717523928,2334.6098192804416,0.8376194089451007,2.0065623703022952,0.4330536810768982,8,16.501053097696115,39.660009009025934,2,1128.5461046230205,111.68967705373376,539.0086189547553,60404,0,1,1,True,True,match730_003833682433258029322_1216037504_161,own,de_dust2,60404,916fd9f867,mp9,False,False,False,False,False,False,19.0,0.0,0.0,smg,0.4380336878327089,False,60212
29.134765625,2.926129783249784,23.744791666666668,828.125,5.606108724843995,5.284137787267497,5.034936667673845,0,26.934271411054127,26.254445517657693,0,273.9729763055352,183.9541807275782,300.30182424788643,94252,0,1,1,True,True,aurora-vs-9z-m1-dust2,pro,de_dust2,94252,6e8537eb46,ak47,False,False,False,False,False,False,0.0,1.0,0.0,rifle,0.43803326512131385,False,94060
84.29995639320232,10.32464691991006,3.648759481102642,2676.053713293554,0.3560768586381916,0.6613527752188552,0.1867656142581455,35,8.161690668230335,15.40516895140025,6,1313.107399659413,62.90354573662013,646.0200682673764,76927,23,2,2,True,True,match730_003833682433258029322_1216037504_161,own,de_dust2,76950,f86f118666,glock,True,False,False,False,False,False,7.0,0.0,1.0,pistol,0.43786114634877926,False,76735
242.48688792734453,25.084515728894605,146.55195138662685,12176.53582735005,1.485603204414073,7.605512147856904,1.3276338619641976,2,11.684160326165635,63.09820775474015,2,450.34424879779993,161.67208201126888,561.5384468794535,99322,70,13,5,False,True,match730_003831793800846508273_1359762374_161,own,de_mirage,99392,9f98d2dad8,galilar,False,False,False,False,False,False,47.0,0.0082101346924901,0.0,rifle,0.43777461241396887,False,99130
15.873022842435972,2.8532233830063163,3.390310808265914,334.275110612145,2.1509917282569275,1.905010952469005,1.7774101370719102,28,19.148305388801376,16.989102621402157,14,509.093662755792,52.16280017430724,366.7072790141128,69377,0,1,1,True,True,match730_003846095210866016783_0292086677_161,own,de_ancient,69377,bea1536d33,awp,False,False,False,False,False,False,37.0,1.0,0.0,sniper,0.4377333950796073,False,69185
286.76028714605536,94.7899096712488,110.75630025649752,6732.880057912721,1.649674840346639,6.296013246211524,1.3132405834950565,3,20.435227677878355,77.79056847870879,0,709.4357225858511,41.26140026092834,411.9194563898406,86712,51,7,3,True,True,match730_003846055312767320440_2034169741_274,own,de_nuke,86763,1c9bd3c08e,famas,False,False,False,False,False,False,33.0,0.0,0.4875181913375854,rifle,0.43752818385999975,False,86520
18.31780140144221,2.030400623871304,6.985532834730318,847.5932463256945,1.728007835895217,1.9707856634252623,1.638647622073586,18,27.469697699753823,31.50387630480093,0,910.5342107671114,203.41949675091016,615.1746095143154,23454,52,9,5,True,True,aurora-vs-9z-m1-dust2,pro,de_dust2,23506,6e8537eb46,ak47,False,False,False,False,False,False,0.0,1.0,0.0,rifle,0.4374885832062007,False,23262
41.07942491043863,15.267483453109996,37.80407100514861,727.001836726092,0.5507723510905809,2.2458592406377704,0.5507723510905809,15,9.67355727621068,39.48489387459362,2,1006.2089944716904,79.83363397072876,93.90303756095426,133887,0,1,1,True,True,luminosity-vs-nemiga-m1-cache,pro,de_cache,133887,c4ceacecd8,awp,False,False,False,False,False,False,0.0,0.0,0.0,sniper,0.4374102612214684,False,133695
150.84671856551486,16.03487310944642,16.413511957355315,3714.05189864454,0.8751914134361286,1.1260903090691228,0.8751914134361286,48,12.841157481747734,16.49948144782179,11,840.3450959493846,56.77268120421668,12.339089429504607,3144,0,1,1,True,True,astralis-vs-fnatic-m1-dust2,pro,de_dust2,3144,f100e9403c,usp_silencer,True,False,False,False,False,False,0.0,0.0,0.0,pistol,0.437315893624156,False,2952
227.7284058719353,34.12828005752808,100.68793841479052,5292.304228254223,1.3449683425256005,7.892306913123532,1.3449683425256005,3,15.4607837032821,94.63021943974876,2,654.2660413753518,195.53379256775224,450.5208569907769,15959,43,5,2,False,True,aurora-vs-9z-m1-dust2,pro,de_dust2,16002,ac7afcf085,fiveseven,False,False,False,False,False,False,0.0,0.0,0.0,pistol,0.4373004326140692,False,15767
268.6270046523227,65.56181171341872,25.096807344984672,5692.662068592832,3.661709225918284,4.565987786865445,3.128229798294276,0,12.259664272484834,15.312388418454322,16,191.141023068141,21.410704623781708,91.53699843650465,99467,19,4,3,False,True,match730_003846055312767320440_2034169741_274,own,de_nuke,99486,6a8c9faae0,ak47,False,False,False,False,False,False,43.0,0.0,0.0,rifle,0.43728080038978046,False,99275
190.08436086940804,24.938001343011425,0.9070465920148988,4347.048445369066,0.833884127358548,1.0334508443837072,0.833884127358548,30,15.961585195981378,19.783718042751648,5,1086.7028365551496,92.57428350294882,247.5748884705586,24574,0,1,1,True,True,match730_003833678395988770820_2132169428_161,own,de_dust2,24574,b2feea7c7d,ak47,False,False,False,False,False,False,24.0,0.0,0.0,rifle,0.4372424609883987,False,24382
87.47935870710424,21.527992847143643,8.873337668096527,2161.4375,2.7859510857558454,3.100154216349705,2.474776541353069,6,10.423756678126049,11.58925809421172,11,213.9126631145136,0.0,52.61790486450662,11283,39,9,7,True,True,match730_003846055312767320440_2034169741_274,own,de_nuke,11322,657a17d37a,mac10,False,False,False,False,False,False,39.0,0.0,0.0,smg,0.43722186073516395,False,11091
99.119140625,32.909504901074214,1.061824259576971,4325.6875,2.346857925939209,3.2943311956921315,2.346857925939209,6,33.54132875788968,48.30974255827534,0,817.1870393001965,69.64390917616558,477.61913651775126,125641,52,7,4,True,True,match730_003846114907586035842_2006638891_196,own,de_mirage,125693,e767760b4c,ak47,True,False,False,False,False,False,29.0,0.1516183316707611,0.0,rifle,0.43705585526625146,False,125449
48.39901874430284,20.977905897242763,12.26439029489581,1004.707221085956,0.3349599156055944,0.4236485779383795,0.1563388616380611,59,5.411034124561756,6.8565093977998215,16,917.351894107276,193.89027839210863,318.55253806366096,211238,0,1,1,True,True,luminosity-vs-nemiga-m2-dust2,pro,de_dust2,211238,c4ceacecd8,awp,False,False,False,False,False,False,0.0,0.0,0.0,sniper,0.43705217264112384,False,211046
106.3194360057103,25.225144650831368,0.0,4227.253308289332,3.353260631677869,2.1772839510623,0.6869305956017933,0,23.36745954487581,15.170945195329937,0,398.27138534633457,61.96762279368163,629.8643003246196,59199,44,3,2,False,True,match730_003846087479924883540_0606572273_161,own,de_mirage,59243,8a33bc3a37,deagle,True,False,False,False,False,False,139.0,0.0,0.0,pistol,0.4370193063290881,False,59007
328.13180429288246,26.37811231121423,6.793424268841574,7778.538013004358,0.978554722533252,0.5726590442212296,0.0411775372021991,33,14.261436344029294,8.339910598867057,16,823.6475498349965,47.86421575965332,41.23988633660478,33107,20,4,2,False,True,furia-vs-betboom-m1-mirage,pro,de_mirage,33127,c1aa9f613a,ak47,True,False,False,False,False,False,0.0,0.5286790132522583,0.8807700872421265,rifle,0.43698627143413266,False,32915
25.843947939132025,12.547058545138054,14.748118630172394,901.9428772351864,0.5181990655478661,1.5177795863765913,0.1355059901749754,49,5.68746619871466,17.37265858093166,7,626.644247188383,218.4102076518907,548.3925055642333,73444,35,7,4,False,True,match730_003845721267390906757_0873910189_273,own,de_anubis,73479,dd54131796,m4a1,True,False,False,False,False,False,24.0,0.0,0.0,rifle,0.43695523358352134,False,73252
421.0991287459775,63.89862112471698,72.58454317558925,10981.71830227368,0.5976393069348789,2.7107337312243165,0.4185669969913851,4,2.7702205596871816,12.578291584600205,4,242.8800064157216,87.54419262080057,520.7277077083842,162564,0,1,1,True,True,astralis-vs-fnatic-m1-dust2,pro,de_dust2,162564,dd32420517,ak47,True,False,False,False,False,False,0.0,0.0,0.0,rifle,0.43685719663889644,False,162372
255.2395843730873,55.817781205510464,247.18204068503348,6890.454867285224,1.341475327321148,11.526249255342378,1.341475327321148,1,8.18868784990818,71.4650165511733,1,336.8087232586663,43.32282525759635,45.49292032557916,50404,24,6,2,False,True,astralis-vs-fnatic-m2-ancient,pro,de_ancient,50428,d8f9528a3a,mac10,False,False,False,False,False,False,0.0,0.0,0.1851428151130676,smg,0.43678247588599145,False,50212
568.6626387504164,85.83139553238878,134.922718781834,23520.313924732767,3.233904862287988,8.810160209064168,3.233904862287988,0,17.60253282508224,48.32263828378954,1,309.2341272120834,68.31465460616627,210.73612487094312,34613,26,5,4,False,True,aurora-vs-9z-m2-mirage-p1,pro,de_mirage,34639,7a9df6b20d,ak47,True,False,False,False,False,False,0.0,0.0,0.0,rifle,0.4367345043871041,False,34421
56.77496276209226,6.794759790357534,18.17050150410337,1148.0161481031666,0.4294242279381999,1.5028907105454536,0.3769617654567201,8,10.855091277817934,38.258321679508114,4,1448.2687158634078,82.26083020523237,347.16673239666727,181080,23,5,4,True,True,furia-vs-betboom-m2-cache,pro,de_cache,181103,0f3b1e9da0,m4a1,False,False,False,False,False,False,0.0,0.0,0.0,rifle,0.43666488852716623,False,180888
391.9767832254853,80.99617221604234,3.2899269625136127,9558.65556832297,5.068250102794621,5.453532156354469,5.068250102794621,0,32.719630046881946,35.93983276952085,0,366.3615724592303,174.35433660083498,779.5657321396695,14356,25,5,2,False,True,match730_003833682433258029322_1216037504_161,own,de_dust2,14381,c2d6ff7eff,ak47,True,False,False,False,False,False,47.0,0.0,0.0,rifle,0.436548988042501,False,14164
245.07031845389,36.47340944449433,129.14928541449817,6761.33831145096,13.20232507307504,14.677108054985208,4.24276862757305,0,45.98218496185624,53.09074752265517,0,194.4810716579189,76.90225359377102,498.2756371883409,9259,11,2,1,False,True,match730_003845848209444307084_2046226831_274,own,de_dust2,9270,cc23b0e440,usp_silencer,True,False,False,False,False,False,28.0,0.0,0.0,pistol,0.4365031937448434,False,9067
545.1776468739438,93.212306714061,97.5803559916076,15831.154895644191,2.211967494286069,4.56183614291298,1.4394849676681818,4,8.460689815491051,17.953300975872317,5,209.7377011948008,116.9666544769472,335.01597916059313,59244,28,4,3,True,True,furia-vs-betboom-m1-mirage,pro,de_mirage,59272,e1ccb1699e,fiveseven,True,False,False,False,False,False,0.0,0.0,0.0,pistol,0.43643140883024795,False,59052
31.862088284801253,4.714037945598932,18.63862984990604,1063.039596213053,1.0117462064769518,0.9564570875900756,0.2447336529374842,65,13.915653891214037,13.161466695987418,22,786.3946875456406,17.817952581429893,248.3793423860091,50619,0,1,1,True,True,match730_003833678395988770820_2132169428_161,own,de_dust2,50619,8a33bc3a37,awp,False,False,False,False,False,False,9.0,0.0,0.0,sniper,0.43641768321611535,False,50427
242.84417250963057,25.983765478708456,142.75111001880603,15542.027040616356,2.951342830765892,7.26600855719181,1.6309791503524549,1,10.471638692635784,26.8678146238388,2,203.09685076301832,154.5973097167819,805.5106454495254,8072,27,7,7,True,True,match730_003846224175849013887_1403891103_383,own,de_anubis,8099,9c0b0079af,mp9,False,False,False,False,False,False,53.0,0.0,0.0,smg,0.43640259923663727,False,7880
29.2890625,7.01215772925592,5.4047323194989465,938.0,0.8367375769557683,0.8530348608933425,0.6189790177423895,65,14.895654125646669,15.179329774808114,8,1019.6685477627052,73.07113588469248,445.34108563285577,7505,0,1,1,True,True,match730_003833678395988770820_2132169428_161,own,de_dust2,7505,b2feea7c7d,deagle,True,False,False,False,False,False,24.0,0.0,0.2644782364368438,pistol,0.4363439847110686,False,7313
523.398420651445,51.600475338408046,9.462890625,23047.45845750647,0.7871428598436353,0.6831868582586978,0.393514130660656,13,7.779323371805221,6.756813806930481,12,564.0186174455197,144.38175896461618,721.8819440780832,51388,0,1,1,True,True,match730_003846224175849013887_1403891103_383,own,de_anubis,51388,cd1c592f75,ak47,True,False,False,False,False,False,15.0,0.1242486536502838,0.6548611521720886,rifle,0.43630590148725346,False,51196
215.705078125,66.95819793328438,134.13622951831607,4723.5625,1.753304513660423,11.367862518535352,0.7400801221044392,1,12.244450974884533,83.81117574189972,1,399.9882411808427,157.75586410006954,500.86918261755767,48146,51,9,4,False,True,match730_003845735833772490759_0956054515_272,own,de_inferno,48197,c0d4e00ddc,ak47,False,False,False,False,False,False,4.0,0.0,0.0,rifle,0.4362252315114825,False,47954
244.8721050969552,56.056119967405046,201.2997801989587,5812.397205496505,4.639323762577289,13.778503841256487,2.50624152040006,0,23.622591050062265,73.92341792497861,0,290.9813595989482,211.48413262557875,415.5725523120411,82556,32,6,2,False,True,match730_003845848209444307084_2046226831_274,own,de_dust2,82588,94ae0b8591,m4a1_silencer,True,False,False,False,False,False,53.0,0.0,0.0,rifle,0.43615254838969675,False,82364
78.3385946664495,19.460652627911788,0.7102864583333334,2532.787037932121,0.6933974823336716,0.6596249294578903,0.6193015373390187,22,9.17180809213238,8.770267727850232,16,754.5511150034409,93.3018358843468,432.9929726880733,64825,19,4,1,False,True,match730_003829380948349157814_1390656678_161,own,de_dust2,64844,ba3ac6a90d,m4a1_silencer,True,False,False,False,False,False,44.0,0.0,0.0,rifle,0.43593777348701185,False,64633
367.2464061649509,33.90054872637008,17.95295483980458,23503.769994556857,2.985063275472186,2.6286373059854204,1.7274837371645886,8,41.41924763158197,36.57207575664923,0,793.4841002280236,43.115610942413625,141.57874431077911,20125,6,2,1,False,True,match730_003846114907586035842_2006638891_196,own,de_mirage,20131,476a8ccf25,m4a1,True,False,False,False,False,False,18.0,0.0,0.0,rifle,0.43591402841063664,False,19933
50.94391254946212,11.13813525607332,12.57744869781768,1704.11178727326,1.8488475774403397,1.6325229313533107,0.0201369814029697,35,39.98074264004369,35.29922289436749,0,1238.5380558947231,37.19935325051773,585.877717466968,76529,7,2,1,False,True,match730_003845848209444307084_2046226831_274,own,de_dust2,76536,d9f31878b9,m4a1_silencer,False,False,False,False,False,False,57.0,1.0,0.0,rifle,0.4358942886038016,False,76337
113.51356163591238,18.069309994248485,10.175970806397734,2411.929154001564,1.1089331016380255,0.7327980308044733,0.21320130351346,43,18.635064311088502,12.357963402190776,19,962.6054777664148,214.5547830030748,511.0637547258561,86731,0,1,1,True,True,match730_003846114907586035842_2006638891_196,own,de_mirage,86731,a0aa94d8fe,deagle,True,False,False,False,False,False,36.0,0.0,0.0,pistol,0.43589129399953613,False,86539
28.258697689958154,6.253515495686778,23.14709290704897,790.5393618184562,0.0846346153995783,0.8800012625474933,0.0493950448992476,34,2.4918046298137626,25.988409575764077,3,1686.889181861469,211.5845779763831,391.16405205557305,73143,0,1,1,True,True,astralis-vs-fnatic-m2-ancient,pro,de_ancient,73143,c023f685ab,awp,False,False,False,False,False,False,0.0,0.0,0.0,sniper,0.43587337803209064,False,72951
862.1577044734711,76.27660265049428,44.46585561826757,22807.299385152823,0.9494971177114312,2.158767361469091,0.5514804195984088,7,7.0595903094177865,16.066534272812948,6,425.7123369638133,28.224145157409176,263.5654679396726,63471,6,2,1,False,True,furia-vs-betboom-m2-cache,pro,de_cache,63477,372a892754,ak47,False,False,False,False,False,False,0.0,0.0,0.166195809841156,rifle,0.4358509187258858,False,63279
9.760151249151368,1.573814113001489,7.713716735519349,274.17755609751475,0.4922210858942712,0.8701262948013202,0.3954448523044121,59,7.555915266858547,13.358158079580752,23,879.5001914986044,74.95227368397386,346.59245080948256,70927,0,1,1,True,True,furia-vs-betboom-m2-cache,pro,de_cache,70927,867e1a2fd2,awp,False,False,False,False,False,False,0.0,0.0,0.0,sniper,0.4357792696036266,False,70735
28.8720703125,5.191320743372726,11.08852166413599,925.3125,0.5243859975629241,1.099499840219501,0.5243859975629241,46,12.10026428241362,25.57259743002683,4,1322.0592018653192,209.2472993023233,922.943001675938,56214,70,10,4,False,True,match730_003846087479924883540_0606572273_161,own,de_mirage,56284,7b600d11e9,ak47,False,False,False,False,False,False,5.0,0.0,0.0,rifle,0.43563489490353285,False,56022
477.6570396868536,74.80450639688051,64.87785680768145,13691.925605224324,3.7448966443543217,8.086890611755965,2.7112128480677997,0,37.73467345450965,83.89873819657188,0,575.3698466892389,128.50793590883217,289.314271286327,83290,17,4,1,False,True,match730_003846087479924883540_0606572273_161,own,de_mirage,83307,7b600d11e9,famas,False,False,False,False,False,False,4.0,0.0,0.0,rifle,0.4355860150106924,False,83098
528.5942360763277,84.06295858161062,11.925232230430076,13562.330216678394,0.8859895486954973,1.836465621938391,0.8859895486954973,9,5.242349626340412,10.827070842864597,10,315.0442764742121,80.64316667205895,265.29434777028985,5739,0,1,1,True,True,luminosity-vs-nemiga-m2-dust2,pro,de_dust2,5739,590a913841,usp_silencer,True,False,False,False,False,False,0.0,0.0,0.0,pistol,0.43557968036220424,False,5547
424.36169868714273,86.49688160883088,13.7136944551229,9971.66185771389,6.87816215148977,6.083570986749491,0.3129533747380355,0,52.35149284726375,47.38191429257156,0,433.2871332210747,71.03835636552563,197.35066448789524,43115,74,7,2,False,True,furia-vs-betboom-m2-cache,pro,de_cache,43189,0f3b1e9da0,glock,True,False,False,False,False,False,0.0,0.0,0.0,pistol,0.4355561772709295,False,42923
186.1300759145342,13.69476189194132,73.70205220550001,4851.0949701912905,1.59587171487498,7.495427517348541,1.59587171487498,3,17.403706755247324,82.88507582395792,2,624.4564481045543,177.0284129983283,687.6758816597203,3649,36,3,1,False,True,furia-vs-betboom-m1-mirage,pro,de_mirage,3685,e1ccb1699e,usp_silencer,True,False,False,False,False,False,0.0,0.0,0.3592209219932556,pistol,0.4353010843753273,False,3457
158.11710698025658,40.17610101546377,93.12707565679416,5789.78761154094,1.4352127407745263,3.247328883894648,0.2215653230104209,4,10.437982059349489,24.18934125359079,4,416.41558330726633,154.04800384700354,648.681550787917,33317,0,1,1,True,True,match730_003846055312767320440_2034169741_274,own,de_nuke,33317,8a33bc3a37,awp,False,False,False,False,False,False,18.0,0.0,0.0,sniper,0.4351007746028102,False,33125
180.89803264311493,38.80469681413993,133.3168063112563,7966.207959046538,2.5588304239389195,10.2872853705777,0.6574772053336858,1,23.67682311746468,96.66679374587378,0,529.7828084319677,109.46797059968696,303.86937104071507,89781,71,12,4,False,True,match730_003846087479924883540_0606572273_161,own,de_mirage,89852,26d15ffc47,ak47,False,False,False,False,False,False,67.0,0.0,0.0,rifle,0.43509130892225945,False,89589
54.38807528030876,3.1789455527286457,30.7691601588162,1632.2478205555396,1.812386933939067,3.1277476851738824,1.812386933939067,3,9.286572494161106,15.952051845256443,9,293.1691342376641,96.2527421598057,428.9830578037927,6929,13,2,1,False,True,aurora-vs-9z-m2-mirage-p1,pro,de_mirage,6942,4044fff327,p250,True,False,False,False,False,False,0.0,0.0,0.3736174702644348,pistol,0.4350727912745962,False,6737
161.1434919282958,45.19675801157203,24.99991744535413,4395.447000475842,3.3304721091048664,2.730289172977041,1.030252111565194,0,60.80901446407158,50.25980658069237,0,1037.5282000797415,117.21818306312842,549.517864508253,4407,46,5,1,False,True,match730_003829380948349157814_1390656678_161,own,de_dust2,4453,f3383df9e7,usp_silencer,True,False,False,False,False,False,38.0,0.0,0.0,pistol,0.43499063028521634,False,4215
172.748046875,23.37165280960355,9.587230144593756,6219.372442467567,4.643361480933528,4.22992631111942,1.9887055761070611,0,64.42952725919524,58.1582220247746,0,775.3220527301845,201.2542475011441,775.0527481758687,92866,35,5,2,False,True,match730_003845735833772490759_0956054515_272,own,de_inferno,92901,a133b8e5d6,m4a1_silencer,True,False,False,False,False,False,12.0,1.0,0.0,rifle,0.43496992179892296,False,92674
28.0108998745093,7.797717159482886,5.312611010823173,1593.31579624458,2.214411675014614,1.8294015881885275,1.5800458286997523,19,13.439471729366677,11.275819612223511,19,347.30562000993626,124.7992037123785,533.0472274644156,8985,6,2,2,True,True,match730_003833682433258029322_1216037504_161,own,de_dust2,8991,c2d6ff7eff,m4a1,False,False,False,False,False,False,47.0,0.0,0.0,rifle,0.43496172459227256,False,8793
210.11709995838845,26.41972912861965,188.9540615820448,5930.315607521304,9.006929694000087,13.398503178454323,2.863277732146984,0,33.08342864636049,52.39454710431775,0,208.4375567378949,213.56415138778164,996.6481108529028,65538,63,6,4,True,True,match730_003846224175849013887_1403891103_383,own,de_anubis,65601,8a33bc3a37,glock,True,False,False,False,False,False,160.0,0.0,0.0,pistol,0.4349277234331154,False,65346
338.1049244969124,35.46470398187527,13.291546426950807,11535.255836878749,0.656931129399011,1.05688042978333,0.656931129399011,19,15.590793099607671,25.103594379516235,5,1359.667521330945,152.06031315458927,906.7673197291032,58504,38,7,4,False,True,furia-vs-betboom-m2-cache,pro,de_cache,58542,c1aa9f613a,ak47,False,False,False,False,False,False,0.0,0.6246345639228821,0.0,rifle,0.4346806671044732,False,58312
19.6875,7.673814555587702,13.804012133082573,545.0866871780204,1.7427416829810862,1.641723016399154,0.4406820828462549,25,16.979827318973037,15.989511633848776,2,557.9235042345604,92.25935527130738,215.18742253884227,4790,38,3,1,False,True,match730_003846087479924883540_0606572273_161,own,de_mirage,4828,7b600d11e9,glock,True,False,False,False,False,False,5.0,0.0,0.0,pistol,0.43452571243042226,False,4598
60.03386478001741,15.891479700969906,6.165758199304743,1840.1873732332988,1.1354802104050352,1.4952529043418694,0.4315950655116369,65,15.637326059248702,20.520589137498924,5,769.4765794945033,120.58031434861596,123.21562414749378,35810,0,1,1,True,True,luminosity-vs-nemiga-m1-cache,pro,de_cache,35810,d61b8b9081,m4a1,True,False,False,False,False,False,0.0,0.0,0.0,rifle,0.4344823213922945,False,35618
60.26048547075367,2.951691991009511,42.243803763226495,2444.378994419534,0.5718009270415074,2.095929579763731,0.5718009270415074,13,8.088085180058094,30.01032870466248,3,804.5251942266653,77.81183351780003,296.0000347266763,113993,0,1,1,True,True,astralis-vs-fnatic-m1-dust2,pro,de_dust2,113993,3f5c0f1ef2,usp_silencer,True,False,False,False,False,False,0.0,0.0,0.0,pistol,0.43446574934009713,False,113801
53.26985393822813,22.6828925843273,17.833451792507326,1351.5,0.0949257314245633,1.200201405729704,0.0949257314245633,15,1.1966976855092195,15.801307338373809,6,722.3082028717374,139.18617886130335,208.93686123328683,89491,49,12,4,False,True,match730_003845721267390906757_0873910189_273,own,de_anubis,89540,6b4b6c808f,p90,False,False,False,False,False,False,30.0,0.0,0.0,smg,0.4344519155136495,False,89299
34.28752854888762,7.912618889371865,5.036613974314225,1216.40625,0.4536543209597174,0.8486773131091905,0.4536543209597174,65,8.397210650931632,15.714180219754194,7,1057.6403916069344,18.102992103475785,55.04968575294576,6344,0,1,1,True,True,match730_003829380948349157814_1390656678_161,own,de_dust2,6344,301b246229,glock,True,False,False,False,False,False,36.0,0.0,0.0,pistol,0.4344435861920451,False,6152
110.14396235766922,10.47018394662228,3.770448565336045,4597.242275787708,6.119966506851615,4.534359763601908,0.9235137693927554,0,52.34063694992325,38.97974489846369,0,488.06221946083554,152.57424771610562,464.2836444768295,43697,28,6,4,False,True,match730_003846114907586035842_2006638891_196,own,de_mirage,43725,476a8ccf25,m4a1,False,False,False,False,False,False,19.0,0.0,0.0,rifle,0.4343508593314337,False,43505
124.0716332943659,15.85191460894863,5.399579450141442,5093.908341293967,0.6914901474271649,2.707895901453491,0.6432729448881152,6,14.973156624571429,58.77600321259165,4,1239.7826621520387,101.58520313079168,167.01741424626024,25524,50,8,4,False,True,match730_003845721267390906757_0873910189_273,own,de_anubis,25574,dd54131796,ak47,False,False,False,False,False,False,24.0,0.0,0.0,rifle,0.43432966747038804,False,25332
74.64563768726559,15.444793483197053,60.87425785431342,1389.2133039568212,3.591759944852907,6.017883836343613,3.591759944852907,0,38.20563924372452,64.71398567864493,0,608.139068584372,211.7780150098874,722.8467581700057,3626,27,3,2,False,True,match730_003833682433258029322_1216037504_161,own,de_dust2,3653,8a33bc3a37,usp_silencer,False,False,False,False,False,False,9.0,1.0,0.0,pistol,0.43420351720383554,False,3434
87.48033323249787,29.00141396945438,18.061222794060985,3226.8940227095354,1.0576560952676228,0.5757683276085096,0.3278672038742429,35,18.597992625227583,10.121861771476071,14,1003.7011675275556,95.43644009220984,580.2169208820346,122436,47,4,2,False,True,aurora-vs-9z-m2-mirage-p1,pro,de_mirage,122483,4044fff327,fiveseven,False,False,False,False,False,False,0.0,0.0,0.0,pistol,0.434127113344714,False,122244
100.283203125,24.01991046918045,1.259765625,2181.0625,2.2035749651087544,1.7875217649810868,0.3872325708648132,39,27.425994403970837,22.58003140536133,0,712.6745336233628,157.3258803858118,413.55604012267577,86251,32,6,1,False,True,match730_003845735833772490759_0956054515_272,own,de_inferno,86283,c0d4e00ddc,m4a1_silencer,False,False,False,False,False,False,4.0,1.0,0.0,rifle,0.43409581509115863,False,86059
469.6257686596008,66.59481885904171,31.1104277250794,8998.781963171907,0.685563268315812,7.149267978472425,0.685563268315812,4,7.765307033728788,82.90593617617608,3,646.6047278009282,84.14084929947474,411.633896669968,97925,0,1,1,True,True,luminosity-vs-nemiga-m1-cache,pro,de_cache,97925,c4ceacecd8,p250,False,False,False,False,False,False,0.0,0.0,0.0,pistol,0.4340754233910186,False,97733
22.001118046354183,1.203633960901909,15.917941394724012,563.2194599228076,0.4502398048409625,0.7718679254109151,0.4502398048409625,40,13.306500228748904,22.943909859782828,2,1687.2598187754886,221.6079208909598,514.7091128275331,72777,0,1,1,True,True,luminosity-vs-nemiga-m2-dust2,pro,de_dust2,72777,456b773fab,awp,False,False,False,False,False,False,0.0,0.0,0.0,sniper,0.4340668644240381,False,72585
342.66810390218006,30.8817143029576,57.35513801336393,15635.735465459342,1.263363218471926,6.200123253639717,1.263363218471926,4,17.16198965314015,85.81641787440145,2,765.3572852799757,193.799313941806,447.8596165870863,36318,51,10,3,True,True,match730_003831793800846508273_1359762374_161,own,de_mirage,36369,9f98d2dad8,m4a1,True,False,False,False,False,False,47.0,0.0,0.0,rifle,0.43387569854010544,False,36126
265.87597508289787,35.61296524199159,2.087239583333333,6002.019272785961,0.9151577179221548,2.4974099354072594,0.9151577179221548,7,12.70838112478799,35.2378048069514,3,795.3394932508196,111.78498760609588,728.4925755736289,13856,52,10,5,False,True,match730_003833678395988770820_2132169428_161,own,de_dust2,13908,4ccc3c6dfc,mp9,True,False,False,False,False,False,46.0,0.0,0.0,smg,0.433867687473865,False,13664
123.18694942821637,34.72979343412218,96.50384284880022,3001.333142296995,0.7929750651642885,4.5236472148424784,0.7270499743358583,3,5.805134606513861,32.189224677719494,3,419.1617239245943,202.6920871429935,312.5829089620268,135748,0,1,1,True,True,match730_003829380948349157814_1390656678_161,own,de_dust2,135748,8a33bc3a37,awp,False,False,False,False,False,False,6.0,0.0,0.0,sniper,0.4338132904335031,False,135556
61.611328125,14.716724789960375,4.1171875,3043.125,0.8476007527467962,0.8717636062834322,0.7977498852283129,27,8.219570251265802,8.446031666363083,24,555.0832881320423,57.37179858385822,117.5290993112505,48277,32,6,4,False,True,match730_003831793800846508273_1359762374_161,own,de_mirage,48309,6ca81de9cd,ak47,False,False,False,False,False,False,66.0,0.0,0.0,rifle,0.4337907819154313,False,48085
61.63639880875238,16.513204680830434,1.171875,1464.3644225792295,4.582954880932765,2.80113992465252,0.8945415435937604,0,42.27654971568619,25.948013585123704,0,527.3366654238062,145.21468219475656,589.3553367543614,62835,18,3,2,True,True,match730_003833678395988770820_2132169428_161,own,de_dust2,62853,9517c1c552,tec9,True,False,False,False,False,False,78.0,0.0,0.1075780391693115,pistol,0.4335945628788129,False,62643
221.27652239695465,20.741778042690022,185.28082623244023,6244.607127854074,3.4959620903239976,7.35886513598369,1.4513248098868914,0,13.42779725068282,28.335566534481995,2,219.3999810754297,51.31814416236608,309.37248244644195,40892,0,1,1,True,True,match730_003845848209444307084_2046226831_274,own,de_dust2,40892,3e06735caf,ak47,True,False,False,False,False,False,38.0,0.0,0.0,rifle,0.43357428873797643,False,40700
113.0621341300852,6.381878587603611,52.19228690281733,5130.768877641562,1.9403125322132428,1.6988418924313904,1.262920288528116,18,16.487589051283628,14.448499216058456,17,486.510003097956,197.29572106078365,243.59084709081048,121552,0,1,1,True,True,aurora-vs-9z-m2-mirage-p1,pro,de_mirage,121552,6c2b13b080,m4a1_silencer,True,False,False,False,False,False,0.0,0.0,0.0,rifle,0.433544264484591,False,121360
38.09655543598445,11.892124060232964,27.884204448994264,1257.0626922910355,0.7817950934752644,2.166223663701736,0.5135195383253702,7,18.947605099543136,52.64402814179732,1,1380.5174347484226,227.1261077448825,939.5544284489944,162464,19,4,3,True,True,astralis-vs-fnatic-m1-dust2,pro,de_dust2,162483,d8f9528a3a,ak47,True,False,False,False,False,False,0.0,0.0,0.0,rifle,0.4335402142759589,False,162272
172.20872467270985,48.50577910420855,70.00939606983445,5598.648710082304,3.570244649909865,9.987467284100756,3.570244649909865,0,36.33098755240418,102.66066464138436,0,572.7080180357486,55.2554622601664,210.26009759011865,93587,0,1,1,True,True,match730_003845735833772490759_0956054515_272,own,de_inferno,93587,68a903afd4,m4a1_silencer,False,False,False,False,False,False,32.0,0.0,0.0,rifle,0.4335059008234377,False,93395
41.420753846595744,17.252763138954272,17.279287655641113,1038.112811148393,1.7298708440315356,0.7654500598837302,0.3889198385979376,32,26.62079181681824,11.775591107570152,0,881.4265494898899,141.77053109313374,388.4041734447841,103123,0,1,1,True,True,match730_003833678395988770820_2132169428_161,own,de_dust2,103123,5a6218ec0c,awp,False,False,False,False,False,False,45.0,0.0,0.2581129074096679,sniper,0.4334758357069056,False,102931
78.19905368599434,21.73204154076189,6.14461892408931,2334.42212680908,6.17574012565035,5.677462166657305,5.29039977973184,0,69.69055819831003,62.64242826876026,0,642.0084880754418,179.62520533738035,465.2618926935587,53485,0,1,1,True,True,match730_003845735833772490759_0956054515_272,own,de_inferno,53485,6f17506be7,p90,True,False,False,False,False,False,40.0,0.0,0.0,smg,0.43343992859199715,False,53293
104.42572362355445,7.2610974600285,20.07125168308625,5527.532468310701,2.0457111946550195,2.0967435332919693,1.0113319427267455,11,26.44769701368265,27.167056071110505,0,730.7052475767942,178.45397599366223,237.08448555848508,78590,0,1,1,True,True,match730_003846087479924883540_0606572273_161,own,de_mirage,78590,7a2108eafc,ssg08,True,False,False,False,False,False,19.0,0.0,0.0,sniper,0.4333807508867892,False,78398
55.15742331491494,9.253981866550545,22.672693656648818,897.634360984147,1.307368130909771,2.579482167942764,1.307368130909771,7,28.151935779681214,55.52745701606297,0,1228.2607310746914,184.5198816166936,343.0754445151047,51916,26,5,1,False,True,match730_003845848209444307084_2046226831_274,own,de_dust2,51942,3e06735caf,ak47,True,False,False,False,False,False,38.0,0.0,0.0,rifle,0.43327894719601084,False,51724
91.25844625810257,34.99231253157234,18.214370416392462,2837.271762582513,1.229191460880445,1.6877353730686118,1.1587317750724508,18,9.748923618826574,13.239475233601976,15,454.2008943259861,118.39931515664804,503.8920109774488,54669,107,25,8,False,True,match730_003829380948349157814_1390656678_161,own,de_dust2,54776,f3383df9e7,mp9,False,False,False,False,False,False,37.0,0.0,0.0,smg,0.4331625797514923,False,54477
333.9962486653184,84.90668769180985,32.63457889513008,9192.559896775629,0.416309788495692,1.2564673677620453,0.416309788495692,11,2.7703292984895005,8.560175150995835,10,376.3884298989748,112.98371758067468,395.6212853109756,31050,18,4,2,True,True,match730_003846114907586035842_2006638891_196,own,de_mirage,31068,6f05066c08,m4a1,False,False,False,False,False,False,21.0,0.0,0.0,rifle,0.4330898133013013,False,30858
284.91551402475176,52.337324152834185,0.9375,9181.36703746567,2.831778111643488,2.8441664351518865,0.4391385469900712,7,20.982293125978288,20.90350446006085,0,423.9989012276645,132.45059231760882,571.273327071659,62057,0,1,1,True,True,match730_003846055312767320440_2034169741_274,own,de_nuke,62057,657a17d37a,glock,True,False,False,False,False,False,39.0,0.0,0.0,pistol,0.4329965922741302,False,61865
43.72590871993159,4.836858614121983,25.635587654435103,1486.3209864997036,1.228428291497169,1.889399549912093,1.228428291497169,19,9.41808156341978,14.481689888244045,17,430.9473682668307,40.18012534996734,40.115310555299416,45910,39,7,4,False,True,aurora-vs-9z-m2-mirage-p2,pro,de_mirage,45949,c1c75a4da6,ak47,False,False,False,False,False,False,0.0,0.0,0.0,rifle,0.43297960299691524,False,45718
27.856135806371068,10.172363562908115,7.060546875,681.6676916077483,0.5975787463061702,1.1791651033008856,0.5796571087321994,48,11.697985796333324,23.08806248437591,5,1121.4984570803026,57.24370166606838,210.0235731583628,48668,0,1,1,True,True,match730_003833682433258029322_1216037504_161,own,de_dust2,48668,b85c895d2b,ak47,True,False,False,False,False,False,57.0,0.0,0.0,rifle,0.43295894868131224,False,48476
31.025390625,8.606677512481738,14.807920539619644,1026.5625,1.2424131080915028,1.8360513949794155,1.2424131080915028,17,7.892544702042097,11.656019237957562,18,363.2662240178594,72.14728674159687,26.03649087092501,31393,7,2,2,True,True,aurora-vs-9z-m2-mirage-p1,pro,de_mirage,31400,b793b85286,m4a1_silencer,False,False,False,False,False,False,0.0,0.0,0.0,rifle,0.4329149740609545,False,31201
437.20342395268233,94.2117645625964,11.793532710572348,12254.938058519996,0.336568283971781,2.8248883158842117,0.2574049359081858,6,4.803679662021676,41.19082022441289,5,806.8908604190262,123.99056177131445,152.83876339909688,129569,39,4,3,True,True,match730_003846114907586035842_2006638891_196,own,de_mirage,129608,1c49a0cc75,ak47,False,False,False,False,False,False,20.0,0.0,0.0,rifle,0.43290329560628626,False,129377
38.08464165463761,7.035198491414601,5.200309348424109,901.171225105238,0.2026149670234802,0.1493152122208577,0.0490575358974538,65,4.4333604690040485,3.260960114519768,18,1250.3911816757893,52.53648906140081,456.1513473502986,82824,0,1,1,True,True,luminosity-vs-nemiga-m1-cache,pro,de_cache,82824,456b773fab,awp,False,False,False,False,False,False,0.0,0.0,0.0,sniper,0.43287189262455306,False,82632
239.46532304868688,24.085752623884236,9.683312929961737,10681.481149672834,0.7410862166127136,0.9237870856320088,0.6841290869493822,23,18.0369318806539,22.48316078377803,1,1394.202323282874,52.7984899793281,623.5667535625529,81379,78,13,1,False,True,match730_003831793800846508273_1359762374_161,own,de_mirage,81457,6ca81de9cd,m4a1,False,False,False,False,False,False,79.0,0.0093841552734375,0.0,rifle,0.4328486982306794,False,81187
482.8454589704874,146.07837138202603,13.167855184184589,14631.801580620173,0.5296900362627338,1.7543778619246466,0.5296900362627338,8,6.4314358311148485,21.281853914729865,6,695.5426091156663,7.66069639721495,259.4803444879024,38017,45,8,4,True,True,luminosity-vs-nemiga-m2-dust2,pro,de_dust2,38062,74c7d1f104,ak47,False,False,False,False,False,False,0.0,0.0,1.0,rifle,0.43284678368580914,False,37825
59.02423572821025,17.7497043654062,18.4130859375,1996.9411870867648,0.7156341561474918,1.5660395371385305,0.7156341561474918,38,9.830763172002944,21.51975836172569,4,781.2897835390977,67.0745476334478,393.0981906274641,90298,116,27,6,True,True,match730_003829380948349157814_1390656678_161,own,de_dust2,90414,40a412aa4d,mp9,True,False,False,False,False,False,118.0,0.0,0.0,smg,0.43282326629065293,False,90106
38.11757344939688,8.588070656713663,2.9231568644530266,1531.375,0.6901187578169629,0.4366203656457532,0.2059577484146757,34,8.677390519288068,5.490129263032106,16,707.7894981361742,110.67674135195996,93.4661001074052,162467,7,2,1,False,True,astralis-vs-fnatic-m1-dust2,pro,de_dust2,162474,dd32420517,ak47,True,False,False,False,False,False,0.0,0.0,0.0234947204589843,rifle,0.4328120492344447,False,162275
28.564453125,5.2893301845655625,1.7890154841315973,1197.2315637613751,0.2572087494886215,0.2192842922742586,0.02777056669366,28,3.812417540816196,3.2501256826104568,21,848.2295777385934,161.35596366292856,432.4388945224286,112636,0,1,1,True,True,match730_003846095210866016783_0292086677_161,own,de_ancient,112636,c8d7238405,awp,False,False,False,False,False,False,25.0,0.0,0.0,sniper,0.4327660566864294,False,112444
94.0145608094595,48.27106751256954,34.784125882777964,2236.675052709518,2.0283732460559487,2.51823654949612,0.3526999350611474,7,38.57507749862764,48.01095781542861,0,1082.783182730801,221.73266772914556,841.2336026586825,67100,46,4,2,False,True,match730_003845848209444307084_2046226831_274,own,de_dust2,67146,71f78fbbc6,glock,False,False,False,False,False,False,28.0,0.0,0.0,pistol,0.43274904379858975,False,66908
42.68221428960924,14.157692959142624,3.1162147643117817,1186.5682585984373,0.4584503083219053,0.5415518295722568,0.4584503083219053,39,4.276124393403396,5.051911841969634,22,534.3479494350727,0.9388227737792963,28.84953600235164,58422,0,1,1,True,True,match730_003829380948349157814_1390656678_161,own,de_dust2,58422,9a711e878c,awp,False,False,False,False,False,False,40.0,0.0,0.0,sniper,0.4327464474849873,False,58230
15.570403340443605,3.179572003813447,3.573930920696558,429.7080934105599,0.9030740586572228,1.3549335120441244,0.8345205888428416,15,6.318408303308276,9.596411120748687,13,385.13467885612914,111.79867960603887,609.0786217634943,46192,0,1,1,True,True,match730_003829380948349157814_1390656678_161,own,de_dust2,46192,9a711e878c,awp,False,False,False,False,False,False,40.0,0.0,0.0,sniper,0.432680949082407,False,46000
187.53849211472783,46.62670122785066,36.920464236553386,5310.0,1.3167198545667285,2.894808942721283,1.3167198545667285,6,7.04553618951655,15.139114493932324,7,305.8950411958152,121.63464131298424,225.94164051164557,91023,0,1,1,True,True,match730_003845848209444307084_2046226831_274,own,de_dust2,91023,6c9253641d,awp,True,False,False,True,False,True,53.0,0.0,0.0,sniper,0.43258855825916104,False,90831
95.13433187204518,14.930492363466088,1.5405633782853128,3212.489898604012,2.0676658363446183,2.933000387503322,1.6489149606367095,7,34.70428328956248,49.348361624271504,0,961.1657055715266,103.5932255438242,324.5711705952971,25004,14,2,1,False,True,match730_003846087479924883540_0606572273_161,own,de_mirage,25018,26d15ffc47,ak47,True,False,False,False,False,False,66.0,0.0,0.0,rifle,0.43258224845967064,False,24812
86.55364443104611,9.539567681987217,5.013666260313232,4053.254633624688,1.3591384801604285,0.8413702642315659,0.4281183727981958,40,31.08059733000803,19.387891919365813,0,1302.3977540403423,117.22940940259994,271.4880918435336,101493,0,1,1,True,True,match730_003846114907586035842_2006638891_196,own,de_mirage,101493,476a8ccf25,ak47,True,False,False,False,False,False,18.0,0.668735921382904,0.0,rifle,0.4325447208528973,False,101301
22.5498581708436,3.5584862594560387,5.755174205185887,646.8327351307566,1.2229856209793373,1.4344176629316634,1.2229856209793373,15,17.641025906065998,20.703461631679158,6,818.2713173361976,89.83370017756064,177.50350628268197,55043,0,1,1,True,True,match730_003831793800846508273_1359762374_161,own,de_mirage,55043,60b48394d1,ak47,True,False,False,False,False,False,16.0,0.0,0.0,rifle,0.4324601033589007,False,54851
667.362333977415,140.23840811751154,43.69310063033118,11490.111576734642,2.9187205850185154,7.712576545281372,2.0198132513554725,1,18.702746366928235,50.29421519602956,1,358.6952273172424,139.12140637633237,162.4159202697427,54796,13,3,1,False,True,match730_003833682433258029322_1216037504_161,own,de_dust2,54809,c2d6ff7eff,ak47,False,False,False,False,False,False,72.0,0.0,0.0,rifle,0.4324319608341833,False,54604
251.89837807765048,22.82307420943349,8.617977643933033,6860.115315553818,0.4521362242993197,0.6583093479251131,0.4220158291097161,13,11.449640251701542,16.681038158356422,8,1445.8825753548172,7.318627822416591,45.687637713796505,45930,26,5,4,True,True,aurora-vs-9z-m2-mirage-p1,pro,de_mirage,45956,c1c75a4da6,m4a1_silencer,False,False,False,False,False,False,0.0,0.0,1.0,rifle,0.4324103825015616,False,45738
831.7204686830956,120.33680229000034,10.648107237651354,19020.567240254717,2.0793623985128558,4.066564427808805,2.0793623985128558,5,19.473700295907896,38.72627926419512,2,529.7811904885078,26.184273148025845,35.47411466335576,139983,32,6,4,False,True,luminosity-vs-nemiga-m1-cache,pro,de_cache,140015,524f4d4415,ak47,False,False,False,False,False,False,0.0,0.0,0.0,rifle,0.4323228848039478,False,139791
30.3876953125,6.014368023164055,26.7626953125,694.625,1.3268056918479072,2.0884451239329564,1.068814619079983,38,12.658311503460313,20.29487955583752,3,545.1953615237416,86.05819332905729,337.5494011972422,9729,6,2,1,False,True,match730_003846224175849013887_1403891103_383,own,de_anubis,9735,6568c6977b,ak47,False,False,False,False,False,False,81.0,0.0,0.0,rifle,0.43232197754752905,False,9537
19.766641414276684,9.712429189188654,11.66614577335446,637.5426125433592,3.947145427779797,4.064704885727505,3.7853412542692,0,28.75003106937753,30.9032469462146,0,416.3268202989228,244.58998689689773,758.3619871230709,15483,11,3,1,False,True,luminosity-vs-nemiga-m2-dust2,pro,de_dust2,15494,d61b8b9081,famas,False,False,False,False,False,False,0.0,1.0,0.0,rifle,0.4322523377875292,False,15291
353.7584558183999,29.984913751098038,7.503203862999162,16284.730571476144,0.2008891808377861,0.8804820192722094,0.2008891808377861,11,2.608274158545268,11.435935213606474,8,735.6974763646253,24.409807240265323,133.7761489342351,12613,13,3,3,True,True,match730_003846224175849013887_1403891103_383,own,de_anubis,12626,04d29c9bb8,ak47,True,False,False,False,False,False,139.0,0.0,0.0,rifle,0.4322437553209783,False,12421
27.579767752071337,8.318912457103062,7.341529251607756,730.836203264543,0.7242050507187737,0.6614954963739942,0.5413110095200007,26,10.917321727203172,9.966236101199804,17,863.6746068721649,110.00654752981572,504.2213266890551,117113,7,2,2,True,True,luminosity-vs-nemiga-m2-dust2,pro,de_dust2,117120,524f4d4415,m4a1_silencer,False,False,False,False,False,False,0.0,0.0,0.0,rifle,0.43222840942431745,False,116921
26.207271222869345,10.945346029495854,12.345339508644336,546.1984714737615,0.3610111231816888,1.173311164521818,0.3610111231816888,34,6.147831671784764,19.67978808461447,4,975.6204572593316,144.5025969963852,235.7501204192789,85706,38,7,2,False,True,luminosity-vs-nemiga-m1-cache,pro,de_cache,85744,95f0d4db09,ak47,False,False,False,False,False,False,0.0,0.0,0.0,rifle,0.4321456319704214,False,85514
128.47112949165518,25.842302747597447,79.86709941243106,3164.352737745099,5.558649879095335,9.829443467850458,5.558649879095335,0,49.94442190372703,89.46349722673577,0,512.9662792952997,22.59071311700087,142.64727497227773,52000,39,7,2,False,True,match730_003845848209444307084_2046226831_274,own,de_dust2,52039,cc23b0e440,m4a1_silencer,False,False,False,False,False,False,28.0,0.6793810725212097,0.0,rifle,0.43210189446402325,False,51808
112.00721215119611,24.69982457604091,2.109375,2450.730106627072,0.2971569669360913,0.7615676040198591,0.280522380464007,41,3.919709479875823,10.042170861056574,8,755.7096059984985,62.89730278376671,121.51499169309366,248144,0,1,1,True,True,furia-vs-betboom-m2-cache,pro,de_cache,248144,c32a6f9c5c,m4a1,True,False,False,False,False,False,0.0,0.0,0.0,rifle,0.43208710749837564,False,247952
174.01084046740866,26.81842793790712,93.94821997267024,6516.842559557813,1.1319930662965196,6.398028511593945,0.4748892033819037,3,15.290237783470868,87.58078273550998,2,771.7289573733004,150.27881641561413,415.4864393259844,132837,51,9,4,False,True,aurora-vs-9z-m1-dust2,pro,de_dust2,132888,6c2b13b080,m4a1_silencer,False,False,False,False,False,False,0.0,0.0,0.0,rifle,0.4319995810401511,False,132645
26.19815509503104,4.334410411072243,4.118008757917576,997.4319260819864,0.6801840192014782,0.4904305246795056,0.3715188167111125,57,18.278989471773563,13.180121074104596,23,1538.3899338720178,93.76308210289916,673.5307122650579,46580,0,1,1,True,True,match730_003846224175849013887_1403891103_383,own,de_anubis,46580,6568c6977b,awp,False,False,False,False,False,False,82.0,0.0,0.0,sniper,0.4319833328601043,False,46388
62.59620508568023,12.397634137511396,2.6295572916666665,3102.4732586086197,0.790721226203123,1.0833506736919467,0.6530148142178923,49,17.21016302913883,23.58781478345103,6,1229.3682579945164,86.31334833976055,357.5707939128414,74072,0,1,1,True,True,match730_003831793800846508273_1359762374_161,own,de_mirage,74072,60b48394d1,ak47,True,False,False,False,False,False,18.0,0.0,0.0,rifle,0.4319790640945502,False,73880
407.8356508206828,50.43855487189022,30.956151701918383,10363.204849192232,1.2089479118595796,5.468827689564603,0.9897190233012632,6,16.453500480187163,75.84461359284263,4,779.616990189485,59.0215363425814,286.3346660490033,134078,31,4,3,True,True,match730_003846095210866016783_0292086677_161,own,de_ancient,134109,abfcba6be4,m4a1,False,False,False,False,False,False,18.0,0.0,0.2113981246948242,rifle,0.4319363723528005,False,133886
84.47162982577265,8.990122827126031,4.474660099696121,5406.18430884945,1.1835455835832598,1.458046643523643,1.1835455835832598,20,7.892158034734412,9.930165555874217,19,378.9038650546622,111.43517826798757,365.6933463749624,63657,32,6,4,True,True,match730_003846114907586035842_2006638891_196,own,de_mirage,63689,ccfd5f1e85,ak47,False,False,False,False,False,False,39.0,0.0,0.0,rifle,0.4319163845286626,False,63465
191.6015625,24.439662459366804,82.96245487941518,7315.772429471635,2.381076516034168,6.887572036138276,2.381076516034168,2,30.822909996737163,91.2425549995684,0,741.0922473850957,202.6414226814877,748.4974246131364,103893,0,1,1,True,True,luminosity-vs-nemiga-m1-cache,pro,de_cache,103893,74c7d1f104,ak47,True,False,False,False,False,False,0.0,1.0,0.0,rifle,0.43174990527380874,False,103701
78.90951261819214,38.70973143894957,13.139112215879155,1982.875,0.347633271935378,1.2427208132187482,0.1255709641401039,25,5.251506400256568,18.70410570117241,4,865.4308446035745,170.9847894224892,257.8298809541883,11826,19,5,5,True,True,furia-vs-betboom-m2-cache,pro,de_cache,11845,e1ccb1699e,mac10,False,False,False,False,False,False,0.0,0.0,0.0,smg,0.43169921474971,False,11634
25.89958646363145,7.557960694244938,17.991912626103282,711.6156177900598,1.4530102930044904,1.3787363180011751,1.2455596788607377,28,14.700792330897412,13.942992551402408,14,558.3952668392425,81.80203849320702,139.5304578441462,48129,6,2,2,True,True,match730_003845848209444307084_2046226831_274,own,de_dust2,48135,1d8a841068,ak47,False,False,False,False,False,False,23.0,0.0317449085414409,0.8668287396430969,rifle,0.4316985944339003,False,47937
18.93292243952674,5.358126017473991,2.380208333333333,364.30163143356594,0.1814654189576032,0.1835416744544755,0.0604466654445688,32,3.5663620275300576,3.605932242598346,16,1125.6688222123848,92.09591825263604,57.26275032793404,246477,0,1,1,True,True,furia-vs-betboom-m2-cache,pro,de_cache,246477,52f704f8ce,awp,False,False,False,False,False,False,0.0,0.0,0.0,sniper,0.431650672194636,False,246285
601.8829126909424,88.84608561488629,32.9579173840208,20765.89005905445,1.7943080946142833,3.431179367674408,1.6601868792733718,4,9.617851216542515,19.39310751493772,5,306.7958193946369,96.43384578961115,428.3875010316997,202096,35,9,3,False,True,luminosity-vs-nemiga-m2-dust2,pro,de_dust2,202131,74c7d1f104,mp9,True,False,False,False,False,False,0.0,0.0,0.0,smg,0.4315335524251994,False,201904
68.79920328615997,8.743824853911216,5.915463957813182,1740.7042839388662,0.8050035501733991,0.8637683576830089,0.0658490054760002,59,13.098018578170713,14.055569596801416,11,932.1033126382688,54.71536567847021,37.664649347157805,139359,0,1,1,True,True,aurora-vs-9z-m1-dust2,pro,de_dust2,139359,9885584175,ak47,True,False,False,False,False,False,0.0,0.4019637107849121,0.0,rifle,0.4314779015005361,False,139167
21.488117971183083,4.174250909749034,13.232131071862478,847.1315641079321,0.5260105496809789,1.1514402829466772,0.5260105496809789,30,10.269206674139848,22.48495778154976,3,1112.5953790218036,125.5693769857582,142.48715023542863,14148,7,2,2,True,True,furia-vs-betboom-m1-mirage,pro,de_mirage,14155,0f3b1e9da0,m4a1_silencer,True,False,False,False,False,False,0.0,0.0,0.0,rifle,0.4313932863975434,False,13956
182.77921388339547,21.50495990099663,10.156253389267237,7719.349390695113,0.8397057829740913,1.2564683679214963,0.4063973586300949,51,14.298325530691518,21.30630080570709,5,975.4764847336392,133.35258332656224,410.3149538395152,87849,7,2,2,True,True,aurora-vs-9z-m2-mirage-p1,pro,de_mirage,87856,6c2b13b080,m4a1_silencer,False,False,False,False,False,False,0.0,0.3740425705909729,0.0,rifle,0.43137580485825755,False,87657
44.3408203125,9.158564064931928,6.911544653223598,756.5,0.9018509486069752,1.2516185610285904,0.5332757252746337,43,20.594566497891087,28.447155849159707,0,1308.2292817808382,207.93807012917017,473.608739437608,29393,54,5,3,True,True,match730_003846055312767320440_2034169741_274,own,de_nuke,29447,b9026ee78e,m4a1_silencer,False,False,False,False,False,False,18.0,0.0,0.0,rifle,0.4313455967895329,False,29201
163.916015625,51.292684419340645,9.111328125,5828.875,0.629201021823485,0.8486728539403483,0.0676584809748414,37,12.98564793487995,17.68946385073937,5,1182.429975268686,202.0682825918332,245.85823660286545,89014,119,15,4,True,True,match730_003845848209444307084_2046226831_274,own,de_dust2,89133,94ae0b8591,ak47,False,False,False,False,False,False,53.0,0.0,0.0,rifle,0.43124203741924105,False,88822
382.8557755005623,88.89314648997767,25.21992223978268,12510.822695395576,9.43862011900635,6.179156848681528,0.3836554212729901,0,36.669616507731824,24.99544735883544,0,220.20830694324465,163.4630806237716,240.30501928656605,56834,18,4,1,False,True,match730_003846087479924883540_0606572273_161,own,de_mirage,56852,901972cd23,galilar,False,False,False,False,False,False,187.0,0.0,0.0,rifle,0.4312334542201912,False,56642
40.55064277562813,1.5980147964018705,17.05441034273834,2595.2411376402,3.3704239793753827,3.795200455265672,3.3704239793753827,0,29.15966361576217,32.78596113283644,0,483.31976712363263,76.61222463797137,438.59112903462807,40625,0,1,1,True,True,match730_003846114907586035842_2006638891_196,own,de_mirage,40625,ccfd5f1e85,m4a1_silencer,True,False,False,False,False,False,39.0,1.0,0.0,rifle,0.4312203435189151,False,40433
122.89648625291524,12.37351925839567,100.69226171008393,4542.036960994019,10.5460984290691,13.437644850536888,10.5460984290691,0,37.17786536044234,50.03040960354746,0,186.62646222145565,209.89171119454883,1025.1820672222452,131263,13,3,2,False,True,match730_003846114907586035842_2006638891_196,own,de_mirage,131276,9f5f4034b1,m4a1_silencer,False,False,False,False,False,False,14.0,0.0,0.0,rifle,0.43118557649063216,False,131071
28.365678007978413,8.469544702632847,17.29766852762992,791.5677656884893,0.6817812640949678,1.0802320507235834,0.6817812640949678,49,13.078482152676743,20.999083872445677,3,1098.8205546733657,176.95111930591128,1021.9786995554626,98387,23,3,2,True,True,luminosity-vs-nemiga-m1-cache,pro,de_cache,98410,798c33b296,galilar,True,False,False,False,False,False,0.0,0.0,0.0,rifle,0.4310669429639603,False,98195
202.55739236081263,43.33345591759573,28.649078227333035,12963.67311109201,9.983895607272265,12.368647883291574,9.983895607272265,0,50.66462114739009,63.39872535056524,0,282.9394130377533,7.000253943195848,249.8070456689777,131316,39,7,1,False,True,match730_003846114907586035842_2006638891_196,own,de_mirage,131355,476a8ccf25,ak47,True,False,False,False,False,False,18.0,0.0,0.0,rifle,0.430970132320864,False,131124
780.8079233025501,74.63459242826804,21.298947715507182,24057.46173871764,0.995178804041528,1.4379271887891114,0.924128033595258,12,14.044118070035069,20.03533784235559,5,805.6526310763238,219.53871234591549,339.87431092418643,60481,23,5,5,True,True,luminosity-vs-nemiga-m2-dust2,pro,de_dust2,60504,74c7d1f104,galilar,False,False,False,False,False,False,0.0,0.0,0.0,rifle,0.4309513231869256,False,60289
24.22401042290971,1.894044948989424,18.2056285467817,745.3521951662972,2.02933467466863,1.4902355186189666,1.0047772052172317,20,23.81157925921342,17.672011774055626,0,671.9467682897791,122.98550880645064,397.2231567888415,123124,45,8,3,False,True,astralis-vs-fnatic-m1-dust2,pro,de_dust2,123169,95b933ed7c,ak47,True,False,False,False,False,False,0.0,0.0,0.0,rifle,0.4309238687898133,False,122932
88.9842135540952,8.85034307684641,78.37463860198096,2347.5048676258543,0.9245305786129986,2.865484985962303,0.2737641633591469,4,13.261227231306966,40.85206966087351,2,817.6905148512641,192.6236229527287,304.67790357177466,40358,0,1,1,True,True,astralis-vs-fnatic-m1-dust2,pro,de_dust2,40358,ca06492643,awp,False,False,False,False,False,False,0.0,0.0,0.0,sniper,0.4309188148753259,False,40166
33.248364229048484,3.272841181916064,22.13157797952091,1589.742661408911,3.1381498721918266,2.947680074918894,2.6668319837087906,0,30.400094569898386,28.707662348149768,0,553.3691896371089,114.38551551197205,578.3898377875223,37481,10,3,2,True,True,match730_003829380948349157814_1390656678_161,own,de_dust2,37491,8a33bc3a37,mp7,True,False,False,False,False,False,6.0,1.0,0.0,smg,0.4308054002189448,False,37289
384.594049612474,48.775747940876826,46.732142819400565,10965.15207549452,0.7064199791445913,2.610156468828477,0.2988443931301494,6,11.65023226307538,42.62548632538922,3,933.7832947935916,207.67884568283336,904.4744021596003,14868,5,2,2,True,True,luminosity-vs-nemiga-m2-dust2,pro,de_dust2,14873,590a913841,mp7,True,False,False,False,False,False,0.0,0.3370406925678253,0.0,smg,0.43079399457781375,False,14676
797.5343221095034,94.12294272597512,19.80649837533787,20367.30030272404,1.1762820729678496,1.5906032223318858,1.1286139538571425,12,17.349341040445672,23.394141653440258,4,829.239765163025,81.46881062418734,388.835213748959,98554,0,1,1,True,True,luminosity-vs-nemiga-m1-cache,pro,de_cache,98554,456b773fab,galilar,False,False,False,False,False,False,0.0,0.8325446844100952,0.9144936800003052,rifle,0.43075836470402135,False,98362
46.025330952185385,7.630023492631125,2.056747020721924,1445.5119821538603,0.3908722157151524,0.8304617615622994,0.224284009965758,13,8.71114735282781,18.62536620076872,6,1268.7358097982574,178.54410083646613,223.12719781862376,14409,0,1,1,True,True,match730_003833678395988770820_2132169428_161,own,de_dust2,14409,f86f118666,deagle,True,False,False,False,False,False,7.0,0.0,0.0,pistol,0.43072871394147694,False,14217
18.71827875477125,3.89587752483298,5.379013450848166,720.4755760675398,1.154033544967609,1.2679284030907172,1.154033544967609,21,17.872392285303192,19.667860453552056,6,885.9550079247354,113.3507134742716,427.91953287625154,17463,0,1,1,True,True,astralis-vs-fnatic-m1-dust2,pro,de_dust2,17463,f100e9403c,m4a1_silencer,True,False,False,False,False,False,0.0,0.0,0.0,rifle,0.43065252385343394,False,17271
124.80836997269245,18.79538758883882,8.789783713277737,6027.628465583517,0.1907218818322217,0.7272579424102661,0.1865417897112834,36,4.750877502317542,17.808291182517245,5,1420.3124513421956,249.9987707367981,863.6311979617391,73934,0,1,1,True,True,match730_003833682433258029322_1216037504_161,own,de_dust2,73934,8a33bc3a37,ssg08,False,False,False,False,False,False,9.0,0.0,0.0,sniper,0.43062681337851727,False,73742
27.861328125,10.11385352820268,6.965494791666667,1048.8373113696794,0.6237675776968984,0.6611469741097465,0.1781088110231656,25,14.152670081563452,15.005154655368113,7,1299.9285836289753,105.88655956455852,573.4075650945489,81328,0,1,1,True,True,match730_003833682433258029322_1216037504_161,own,de_dust2,81328,c782b3ec74,usp_silencer,True,False,False,False,False,False,70.0,0.0,0.0,pistol,0.4306098620689597,False,81136
221.48586643369444,73.4786001201897,61.35380993676794,13321.946509894866,16.25553374435072,16.477560793915142,4.213696444997708,0,70.9554463846298,70.84710079885878,0,242.66624862329348,216.7477931282016,544.0292117166528,96170,61,13,6,False,True,match730_003846095210866016783_0292086677_161,own,de_ancient,96231,8a33bc3a37,mp7,False,False,False,False,False,False,133.0,0.0,0.0,smg,0.4306078468686629,False,95978
414.5924146542588,54.492795993195664,32.77470884040321,8125.571819403172,0.8021863529785391,2.1051094350835093,0.6556437145819142,6,16.711996435329286,44.21503272546988,3,1185.234546241727,98.10722334288836,744.4815962965841,66131,45,8,4,False,True,aurora-vs-9z-m2-mirage-p1,pro,de_mirage,66176,9885584175,ak47,False,False,False,False,False,False,0.0,0.0,0.0,rifle,0.4305745171595342,False,65939
317.9515608656691,47.83221675754742,15.347794310205876,5724.552329437921,1.3444389973279378,2.018410088005326,0.1741320781317178,8,6.863904123412873,10.824286644626568,8,291.23723799125975,191.21008585151296,698.5063992478126,113208,19,5,3,False,True,match730_003833678395988770820_2132169428_161,own,de_dust2,113227,a8942b953a,mac10,False,False,False,False,False,False,48.0,0.0,0.0,smg,0.43052747378199907,False,113016
81.52431416280079,17.904207963180124,69.09559105433927,2347.4104299502587,1.643525112712871,2.478279174367805,0.7141131722606496,7,22.664756690579253,33.63560723810557,0,789.8620686150414,216.32478852915025,262.6862347543688,158677,0,1,1,True,True,luminosity-vs-nemiga-m1-cache,pro,de_cache,158677,c4ceacecd8,awp,False,False,False,False,False,False,0.0,0.0,0.0,sniper,0.4304317872584747,False,158485
98.87667236288264,19.457238274596897,1.875,3396.2467463788425,1.2039263102036957,0.6358574724203598,0.0390960063845976,35,25.68163616114676,13.581252277695487,0,1216.7405556383785,81.1560833408648,505.8293167993771,83327,32,6,4,True,True,astralis-vs-fnatic-m2-ancient,pro,de_ancient,83359,95b933ed7c,ak47,False,False,False,False,False,False,0.0,1.0,0.0,rifle,0.43042996923586896,False,83135
138.28152214066617,37.75030188376819,19.518713382787865,5957.338552070511,0.7336789687965728,0.5610939592414995,0.3272911035881477,15,4.741323965115667,3.562135843131024,15,367.7252240603197,179.19547785661806,215.0317446755247,81895,41,8,3,False,True,match730_003846224175849013887_1403891103_383,own,de_anubis,81936,2b34888ce8,galilar,False,False,False,False,False,False,68.0,0.0,0.0,rifle,0.4304258893154083,False,81703
49.33947607112853,12.732263271059391,40.45637875459432,2359.485101942596,2.6303657529152944,0.7924409897800352,0.1531313731651848,27,20.904063258851227,6.368261848902177,0,432.0895006732092,101.21250257071225,286.24259096314574,27432,0,1,1,True,True,match730_003845735833772490759_0956054515_272,own,de_inferno,27432,a133b8e5d6,mp7,True,False,False,False,False,False,12.0,0.0,0.0,smg,0.4304100701217432,False,27240
74.54827960131685,13.833234681210378,31.675020354373533,3078.0148583075,0.9424249382196682,1.251762488967206,0.6192000636490409,53,15.862114656429103,21.06754343391696,5,958.1103480629736,57.41660309930694,105.7609302528696,16156,0,1,1,True,True,match730_003845721267390906757_0873910189_273,own,de_anubis,16156,88df3b8433,ssg08,False,False,False,False,False,False,49.0,0.0,0.0,sniper,0.4303467057256681,False,15964
260.9750488547966,39.93729509690348,111.27454465013383,10770.680686618283,8.556796609020822,13.413132842711502,5.6926855608905615,0,37.89466621447516,60.13964955647339,0,238.0887021308481,206.4471272218788,633.6208111614128,50466,0,1,1,True,True,match730_003831793800846508273_1359762374_161,own,de_mirage,50466,ca729defe3,ak47,True,False,False,False,False,False,72.0,0.0,0.0,rifle,0.4301747178490546,False,50274
195.3943092709615,37.4623714460029,178.4143275467268,9272.838843743562,3.2687675465566923,5.686780761399744,1.4250767080691842,0,10.714349131814794,20.133793003252908,5,186.42655490261103,93.83769532953308,369.386129310143,49333,17,2,2,True,True,match730_003831793800846508273_1359762374_161,own,de_mirage,49350,8a33bc3a37,deagle,True,False,False,False,False,False,6.0,0.0,0.0,pistol,0.4299892100392361,False,49141
170.71446808373742,64.39819963850469,91.67210990682752,5061.138265905556,6.804468090124325,5.130387506525251,2.3297155005274317,0,58.68170785697284,44.734958476436326,0,491.37955806989817,161.4132734816584,522.8004302148966,40089,38,7,2,False,True,match730_003846114907586035842_2006638891_196,own,de_mirage,40127,9f5f4034b1,ak47,True,False,False,False,False,False,13.0,0.0,0.0,rifle,0.4299443550179837,False,39897
93.6490991081658,22.069724614662128,14.533302988805955,2570.5677528665547,2.9240375213834344,2.3625344532366235,1.9217882823863008,11,29.327992728133864,23.77892470460137,0,569.3361013262695,223.09040120009456,569.2288676432794,77405,0,1,1,True,True,match730_003846087479924883540_0606572273_161,own,de_mirage,77405,7a2108eafc,ssg08,True,False,False,False,False,False,19.0,0.0,0.0,sniper,0.42982245912887895,False,77213
71.82040919481314,27.03483870529803,2.6139802605663163,1800.8071591553362,0.7887365503030478,0.6463111164891112,0.2723023022411924,31,18.23936333863603,14.902651635315753,8,1324.842691417369,229.99970657940963,909.538205420858,93553,65,9,5,False,True,match730_003846087479924883540_0606572273_161,own,de_mirage,93618,a6d0004234,m4a1,False,False,False,False,False,False,56.0,0.0,0.0,rifle,0.42979593356746654,False,93361
81.22658068080771,11.569641276657844,72.9225386632297,2018.0,2.045294085927184,2.6516735964330627,1.657327006015293,2,10.875668934380982,14.343297632001816,18,304.3448038048924,186.9147417928927,214.5064387543564,102169,0,1,1,True,True,match730_003846114907586035842_2006638891_196,own,de_mirage,102169,1c49a0cc75,ak47,True,False,False,False,False,False,20.0,0.0,0.0,rifle,0.4297877939914579,False,101977
40.642202567428114,4.110128437985601,24.568141231599952,1477.324695851565,0.9814940124978836,0.7111791417190352,0.2651916630357408,37,17.574644317705225,12.74615941837777,24,1025.7857404555737,177.3740869284148,930.0235321938552,24817,0,1,1,True,True,match730_003833682433258029322_1216037504_161,own,de_dust2,24817,8a33bc3a37,ssg08,False,False,False,False,False,False,10.0,0.0,0.7051312923431396,sniper,0.42975885805183717,False,24625
53.438268760817664,12.692181885762295,6.181698213192149,1253.8279777322882,0.5763063893155665,0.4953363017351789,0.2585765995962858,29,9.183782984675329,7.830998077695794,23,912.5029124386856,90.20062368566812,128.2603047739239,92441,0,1,1,True,True,match730_003845735833772490759_0956054515_272,own,de_inferno,92441,11a0f5ab5d,ak47,True,False,False,False,False,False,54.0,0.0,0.0,rifle,0.429689298805949,False,92249
267.2101335685456,52.49283192502594,131.6511524461005,6846.451217930287,1.532015828827076,10.95461129575306,1.532015828827076,2,4.073059126273046,29.33046942640065,4,151.12060488035578,120.43945225840868,428.19659429697657,6098,0,1,1,True,True,luminosity-vs-nemiga-m1-cache,pro,de_cache,6098,c4ceacecd8,p250,False,False,False,False,False,False,0.0,0.0,0.0,pistol,0.4296531612147915,False,5906
93.57063860970592,27.693793215047727,11.578917178182214,1419.2941450304902,2.6529656106877813,1.3385792254523012,0.2459403695731793,16,17.51996070061713,8.936134459293362,15,378.048629524929,113.82917700246212,488.2992871132198,50460,0,1,1,True,True,match730_003845735833772490759_0956054515_272,own,de_inferno,50460,11a0f5ab5d,awp,False,False,False,False,False,False,54.0,0.0,0.0,sniper,0.42965089654057975,False,50268
40.921959001907176,8.111407597634113,6.12715305069982,1171.4375,0.9544285546480028,0.7955945760911772,0.6075311855359556,36,14.11326209063782,11.762399790633216,22,847.035750540337,132.64052541309593,747.182764846613,78991,0,1,1,True,True,astralis-vs-fnatic-m2-ancient,pro,de_ancient,78991,dd32420517,ak47,False,False,False,False,False,False,0.0,0.0,0.0176103115081787,rifle,0.42962099835749074,False,78799
55.33523289836302,8.68840950607013,38.59888427805825,3087.08597499932,0.3349400867797328,1.531139069889118,0.1378782503323239,50,5.353247184783962,24.45485504970473,3,907.6441377654522,54.20751563095483,86.36750494641126,57595,0,1,1,True,True,aurora-vs-9z-m2-mirage-p1,pro,de_mirage,57595,ac7afcf085,ak47,False,False,False,False,False,False,0.0,0.0,0.0,rifle,0.4295907186679659,False,57403
64.49267155761945,25.23615815948109,60.462607812838,847.9654515643829,6.314153629027314,6.667819023553342,5.214671323383104,0,25.110586562609,27.76325624234936,0,164.51066929215145,86.57537391666256,161.0171934619756,119468,11,3,3,True,True,match730_003846114907586035842_2006638891_196,own,de_mirage,119479,1c49a0cc75,galilar,False,False,False,False,False,False,20.0,0.0,0.0,rifle,0.42955382994196223,False,119276
55.26364318771413,14.57731764082247,36.40587198541727,1289.53125,1.0703186717845936,1.055449644175741,0.7909907121914541,35,15.571657109530545,15.354677380046429,21,833.1545729652825,10.21756185750731,57.18961645865769,72716,0,1,1,True,True,match730_003846095210866016783_0292086677_161,own,de_ancient,72716,bea1536d33,awp,False,False,False,False,False,False,37.0,0.4528787434101105,0.0,sniper,0.4294779997719738,False,72524
12.525390625,4.290100362763514,4.105535835311786,400.8125,0.6670928631057431,0.9454983231044132,0.6670928631057431,65,14.223747306416897,20.16134139010903,6,1221.5386666285913,0.0,676.607545351568,25325,0,1,1,True,True,match730_003845721267390906757_0873910189_273,own,de_anubis,25325,6b4b6c808f,awp,False,False,False,False,False,False,30.0,1.0,0.0,sniper,0.4294311023771139,False,25133
701.7561312564933,93.72346424760418,25.4262965038964,23195.00513156676,0.4308031507529243,2.554624597112917,0.1967814781400817,6,4.320682056639792,25.92300980464928,5,574.2022959097991,84.92211183676241,58.6325258545664,74948,0,1,1,True,True,aurora-vs-9z-m1-dust2,pro,de_dust2,74948,fea287be28,ak47,True,False,False,False,False,False,0.0,0.0,0.3430812656879425,rifle,0.4293047144680301,False,74756
62.04390577072121,11.425562971390548,49.46235351789607,2056.864203498074,0.4456053085181508,2.233628926757126,0.135112153146714,6,10.060176402567183,50.50825568669124,2,1288.4934582410742,78.8834217793146,165.53661661348875,75577,25,5,2,False,True,furia-vs-betboom-m1-mirage,pro,de_mirage,75602,52f704f8ce,ak47,True,False,False,False,False,False,0.0,0.0,0.7023909687995911,rifle,0.4292681337335339,False,75385
554.1354114467383,39.63763198640298,13.386062779451857,12141.077675205232,0.7273537131892985,1.5128210713279666,0.7273537131892985,12,15.865653812489173,33.00618264910264,2,1238.3552476679054,131.10191416875574,201.53664226058808,66033,32,6,4,False,True,luminosity-vs-nemiga-m1-cache,pro,de_cache,66065,524f4d4415,m4a1_silencer,False,False,False,False,False,False,0.0,0.0,0.0,rifle,0.42922470027651255,False,65841
202.70640191167263,50.53802728501382,177.0103226623772,6969.834909583349,1.868417313515655,8.576150151464573,1.868417313515655,2,10.024142593002011,48.39467654015315,2,283.83258730210764,235.2596169806667,322.0507366726833,26738,25,5,3,True,True,aurora-vs-9z-m2-mirage-p1,pro,de_mirage,26763,7a9df6b20d,ak47,False,False,False,False,False,False,0.0,0.0,0.0,rifle,0.42921771553616767,False,26546
341.4731761009794,55.83555589141744,20.176775590112214,10038.820092516467,0.1766923256633325,1.071477279429399,0.1766923256633325,15,3.6772085494169016,22.240621583697667,3,1189.3689872331124,41.69174409887023,219.1952185569244,210713,0,1,1,True,True,luminosity-vs-nemiga-m2-dust2,pro,de_dust2,210713,798c33b296,ak47,False,False,False,False,False,False,0.0,0.0,0.0,rifle,0.42905858390438506,False,210521
11.300013020600776,0.8624658118889487,8.337005828613105,401.5938514582139,0.5472683921903864,0.4086314318942657,0.2823846841410836,65,10.311180315116076,7.737644331181592,19,1079.3988468418547,134.24686877128687,349.2169192991553,32737,0,1,1,True,True,aurora-vs-9z-m2-mirage-p2,pro,de_mirage,32737,4044fff327,awp,False,False,False,False,False,False,0.0,0.0,0.0,sniper,0.4290476198394741,False,32545
92.8184570969562,11.873687617486224,2.158852160373745,2103.88422882107,0.3501989565083876,0.4938034898120776,0.1638518632253,24,5.749155784047806,8.105512665925106,12,940.5039437599715,115.0550946551928,906.8150088451844,95276,0,1,1,True,True,luminosity-vs-nemiga-m2-dust2,pro,de_dust2,95276,95f0d4db09,fiveseven,True,False,False,False,False,False,0.0,0.9407978057861328,0.0,pistol,0.4289581186806858,False,95084
127.16689690495734,42.47262547621412,15.08361431015463,2987.0113676855,2.301341670704301,1.467880418488161,0.2533597356934491,12,10.689298293160451,6.822844386392387,22,225.0350238483672,14.392722470847628,122.6453108774603,119089,0,1,1,True,True,match730_003846114907586035842_2006638891_196,own,de_mirage,119089,b372556378,usp_silencer,True,False,False,False,False,False,10.0,0.0,0.0,pistol,0.42894754091329357,False,118897
58.077337046715606,15.21014656147499,8.60624112255452,1546.0253939453933,0.135056236214353,0.7251107836491788,0.0535581590034354,50,2.482788933767456,13.448396940353888,7,1052.293807592832,134.92118627882604,494.9113761960255,31797,0,1,1,True,True,match730_003845848209444307084_2046226831_274,own,de_dust2,31797,d9f31878b9,ak47,True,False,False,False,False,False,57.0,0.0,0.0,rifle,0.4289425083632537,False,31605
51.51648118820707,7.806789430430438,10.93786039892393,1205.2411693431895,3.2209109981159405,2.6566637814308938,2.2441210059418366,0,14.244630657020254,11.784018731299213,13,252.35072116589805,106.350241046237,532.1207913954476,7953,6,2,2,True,True,match730_003846095210866016783_0292086677_161,own,de_ancient,7959,c8d7238405,galilar,True,False,False,False,False,False,25.0,0.0,0.0,rifle,0.42890064489719754,False,7761
127.6257850555575,29.659022363310577,0.5641276041666666,3569.0625,0.9895416305881608,1.4124382643174864,0.1700631379491571,11,14.001711040020478,20.23883123137873,5,810.6308097315839,100.34586772153644,250.1017186298395,5582,0,1,1,True,True,furia-vs-betboom-m2-cache,pro,de_cache,5582,372a892754,glock,True,False,False,False,False,False,0.0,0.0,0.0,pistol,0.42886523556976003,False,5390
33.475805683995524,5.125323791333413,1.836634409414094,1366.7150772140228,1.466311069275401,0.8999102195546541,0.1484331567016436,23,26.51002627771315,16.26667959352472,0,1035.5746026183492,60.9715485074148,59.97047951089316,61659,0,1,1,True,True,match730_003833682433258029322_1216037504_161,own,de_dust2,61659,c782b3ec74,ak47,False,False,False,False,False,False,68.0,0.0,0.0,rifle,0.4288206174545472,False,61467
63.362774787121865,20.4236786300532,5.51295091734045,1525.9918332734296,1.800467392162754,1.3907237638952412,0.7610618000208296,38,16.66132031362395,12.927612736565504,22,514.4351082140895,82.98852115358932,102.75304735510323,76335,0,1,1,True,True,astralis-vs-fnatic-m2-ancient,pro,de_ancient,76335,c023f685ab,awp,False,False,False,False,False,False,0.0,0.0,0.0,sniper,0.42879894205718994,False,76143
14.131356463227403,3.313800215488316,5.481763664916556,354.6661874292836,0.4467490792339271,0.5256064703526578,0.1666028780213008,62,6.840480521600755,8.139533939948357,25,877.2584194672457,104.10615857998408,461.3105834972495,117048,0,1,1,True,True,luminosity-vs-nemiga-m2-dust2,pro,de_dust2,117048,456b773fab,awp,False,False,False,False,False,False,0.0,0.0,0.0,sniper,0.42879766054102175,False,116856
58.07421875,14.001815952765842,18.003727224590783,1175.8829030199452,1.4003985139527986,2.159627590462357,1.3808341283502874,9,22.877569836543582,35.80437195148049,0,935.6472394657646,228.01270097287,502.5559328438491,96908,0,1,1,True,True,match730_003833678395988770820_2132169428_161,own,de_dust2,96908,9517c1c552,awp,False,False,False,False,False,False,79.0,0.0,0.0,sniper,0.4286656556483135,False,96716
29.62791879173985,5.942285114595164,17.250141433466755,811.4375,0.3840776882207539,0.6316282497200403,0.3840776882207539,30,5.85515306076043,9.647993842267612,11,873.3226450167333,91.74895125524876,486.9265672554801,101943,17,4,4,True,True,aurora-vs-9z-m1-dust2,pro,de_dust2,101960,9885584175,m4a1,False,False,False,False,False,False,0.0,0.0,0.0,rifle,0.42861340768567074,False,101751
36.715303247886006,4.563279251454111,9.989424969436117,897.2086210783943,0.836052089390934,1.097363458876166,0.836052089390934,45,11.086311396088638,14.5531637571598,11,758.515384588151,56.122642289537765,262.1873561295511,117620,0,1,1,True,True,astralis-vs-fnatic-m1-dust2,pro,de_dust2,117620,c023f685ab,famas,True,False,False,False,False,False,0.0,0.0,0.0,rifle,0.4285933926876935,False,117428
326.122906743588,17.52148667718061,6.358200130117905,20871.86603158963,1.7052519881869,1.8309919062935411,1.7052519881869,13,27.859821251286053,29.91552690006508,0,921.5910066417048,29.9306023518174,477.1928370158461,54930,12,3,1,False,True,match730_003846095210866016783_0292086677_161,own,de_ancient,54942,cd1c592f75,ak47,True,False,False,False,False,False,46.0,0.0,1.0,rifle,0.42856724339212576,False,54738
44.67560706171778,14.549522532899337,8.236667939862901,956.282622420082,3.489936765248548,2.8863866392053046,1.3061015940139928,0,48.88349126059599,40.75766168234245,0,801.4189255382394,196.28783666308016,408.3013882493464,7580,11,3,1,False,True,match730_003846095210866016783_0292086677_161,own,de_ancient,7591,9c0b0079af,m4a1,False,False,False,False,False,False,8.0,1.0,1.0,rifle,0.4284850694186305,False,7388
597.4253354877884,65.47740250053964,61.83528942626619,14252.341396495016,1.0536688547321604,1.617595181469238,1.0142550299221154,10,8.673800470611656,13.27275768311922,10,447.7087382693373,59.470828812721805,525.8957338768168,112847,0,1,1,True,True,luminosity-vs-nemiga-m2-dust2,pro,de_dust2,112847,590a913841,ak47,True,False,False,False,False,False,0.0,0.0,0.0,rifle,0.42848091344574374,False,112655
28.17716777081392,2.5879277669497207,25.03348084363789,481.061342186084,0.9840993429730924,1.4451966732963328,0.827405538234713,41,17.36673601406411,25.509641184533585,3,1010.2442408553148,163.8379312325635,183.25079034726585,44767,0,1,1,True,True,match730_003833678395988770820_2132169428_161,own,de_dust2,44767,8a33bc3a37,awp,False,False,False,False,False,False,9.0,0.0,0.5744619369506836,sniper,0.4284802470054657,False,44575
22.746957198166253,4.84345914605508,12.061192861633856,897.7306688940514,1.2547597497233325,1.748873911433887,1.2547597497233325,13,10.306146665386292,14.301461467114402,10,470.53107209955925,92.11658780792924,188.860758319186,112958,0,1,1,True,True,furia-vs-betboom-m2-cache,pro,de_cache,112958,c32a6f9c5c,glock,True,False,False,False,False,False,0.0,0.0,0.0,pistol,0.4284267388906413,False,112766
51.8115234375,8.522137703538721,28.53515625,1731.0625,2.661341044989983,2.2771304128723253,1.326754333803715,2,13.315050504869747,11.873386490784693,17,286.37889095393865,229.42100457674644,870.7524385278983,55153,6,2,2,True,True,match730_003846114907586035842_2006638891_196,own,de_mirage,55159,1c49a0cc75,m4a1,False,False,False,False,False,False,20.0,0.0,0.0,rifle,0.4284072903373905,False,54961
72.29028654365989,14.342306002220218,13.013655900504288,2848.156530986315,0.907248112584391,0.9701465594672328,0.0501698167307277,61,12.75451654994324,13.73986940673187,7,805.2914825451737,0.0,215.08775984830484,64423,13,3,2,False,True,astralis-vs-fnatic-m1-dust2,pro,de_dust2,64436,f100e9403c,m4a1_silencer,True,False,False,False,False,False,0.0,0.0,1.0,rifle,0.4283860153065812,False,64231
803.1109268398213,100.68673047305992,63.789760685478,14081.105180650491,0.7814698661049638,3.84823949069876,0.1940717946140685,4,8.6191727073533,43.29679402906058,4,631.7713536826997,22.95165421465911,158.32126039226657,154688,26,3,2,True,True,luminosity-vs-nemiga-m1-cache,pro,de_cache,154714,74c7d1f104,tec9,True,False,False,False,False,False,0.0,0.0,0.0181206464767456,pistol,0.42826122873347017,False,154496
18.420806213125395,3.964421797570637,6.491673294571385,597.6638342517645,0.2926428081012194,0.4418902014004449,0.2926428081012194,65,7.543593249295214,11.39095695455198,30,1476.9001254780933,88.50256298692963,330.7901873795236,119000,0,1,1,True,True,match730_003833678395988770820_2132169428_161,own,de_dust2,119000,8a33bc3a37,ssg08,False,False,False,False,False,False,9.0,0.0,0.0,sniper,0.4282337209784592,False,118808
107.929706537312,2.258377372653312,48.17871728327066,4744.688718387967,2.7110182074016054,2.535307400839196,0.8880295550993462,1,19.708742071416555,18.48149469217808,1,411.6339488590644,143.08845043045864,336.2619908850488,122417,35,7,5,False,True,furia-vs-betboom-m2-cache,pro,de_cache,122452,c1aa9f613a,galilar,True,False,False,False,False,False,0.0,0.0,0.0,rifle,0.42823243304799374,False,122225
484.3621228126999,46.42315766276421,6.211893843619694,10835.876194597982,0.7082788635280358,1.6432593477653068,0.5994153745221348,10,14.038132592845871,32.6666359013604,4,1135.4239043868238,196.7167984283052,316.8675348810082,58074,18,4,2,False,True,furia-vs-betboom-m2-cache,pro,de_cache,58092,4acdd8fa23,m4a1,True,False,False,False,False,False,0.0,0.0,0.0,rifle,0.42817013328854975,False,57882
47.67767183961456,12.95661607484167,4.706579512318023,763.7016219701313,0.7561380132022685,0.7492793073048707,0.1144442173077134,22,9.149672118568798,9.107019669283748,18,691.6386090131853,42.50449901871718,208.4988248322712,74755,6,2,2,True,True,aurora-vs-9z-m1-dust2,pro,de_dust2,74761,ac7afcf085,m4a1_silencer,False,False,False,False,False,False,0.0,0.0,0.0,rifle,0.4281269396271202,False,74563
33.1207752916566,9.640545121251249,2.808545997753828,687.7057546788003,1.5494284033713002,1.6921631474466965,1.5494284033713002,13,18.8868597805752,20.62770791221393,3,698.1125684069724,113.73799814065094,320.5530052178194,96064,0,1,1,True,True,match730_003846095210866016783_0292086677_161,own,de_ancient,96064,9c0b0079af,awp,False,False,False,False,False,False,8.0,0.0,0.0,sniper,0.42808816090007,False,95872
116.13862733984593,19.37213081175104,5.662959423186507,5334.173344351601,4.182473761421445,3.203878767147676,1.505376249604317,0,57.994238175272365,44.67698438246538,0,790.7671900620392,234.5092492157465,333.1703684637304,82689,41,3,1,False,True,match730_003845721267390906757_0873910189_273,own,de_anubis,82730,8a33bc3a37,usp_silencer,True,False,False,False,False,False,19.0,0.0,0.0,pistol,0.42803543286263845,False,82497
691.8861819582684,112.7206679494622,6.471051882417636,10850.32811988546,0.8543641518698866,2.1295153784285143,0.252370385424815,8,11.041230980672577,27.422190607144216,3,740.2738524149858,160.89560918592906,695.804713394311,56550,13,3,2,False,True,aurora-vs-9z-m1-dust2,pro,de_dust2,56563,ac7afcf085,m4a1_silencer,False,False,False,False,False,False,0.0,0.0,0.0,rifle,0.4279295702026377,False,56358
10.914679955592836,3.3248609416477306,7.287470427915487,312.6049444047674,0.95005041127533,0.9846231401614188,0.8105825692527124,22,8.111798555954959,8.464411336110174,16,488.63746999484846,128.0273235814257,634.7943796934688,70797,0,1,1,True,True,match730_003846095210866016783_0292086677_161,own,de_ancient,70797,c8d7238405,awp,False,False,False,False,False,False,25.0,0.0,0.0,sniper,0.42791716305211214,False,70605
89.05361725664145,4.708168324175178,48.92787172852915,4164.129740965239,2.2111072994168914,1.3320140571024055,0.1970662434515177,29,33.213087188235754,19.886916155872303,0,860.1505667201085,91.15123388657844,289.365937602695,115000,0,1,1,True,True,match730_003845735833772490759_0956054515_272,own,de_inferno,115000,baaaf134bc,m4a1_silencer,True,False,False,False,False,False,15.0,0.0,0.0,rifle,0.42777352673961844,False,114808
147.83579346431512,17.41491474185686,27.219927995371894,5137.0,0.5969679464802953,2.383193591015972,0.5722303623052601,6,14.197837682052183,56.76966566048277,2,1362.62675876988,145.72110873632738,550.4131736664424,61931,0,1,1,True,True,match730_003831793800846508273_1359762374_161,own,de_mirage,61931,ca729defe3,ak47,True,False,False,False,False,False,71.0,0.0,0.0,rifle,0.42776292948936084,False,61739
343.5483426832037,38.570335914530936,10.335958717104988,7785.768512424103,1.0072316533050925,0.8411107230212641,0.1818522027867271,21,15.469489895971332,12.951559019699229,12,875.743868604029,24.42808540658126,21.9231313225137,28623,0,1,1,True,True,luminosity-vs-nemiga-m2-dust2,pro,de_dust2,28623,95f0d4db09,deagle,True,False,False,False,False,False,0.0,0.0,0.0,pistol,0.42774910787776643,False,28431
41.56656586973353,9.183914305995463,19.07663740190981,1257.194758964204,0.4910706964565779,4.325473196533659,0.4910706964565779,4,1.8172700024877373,15.915552716856094,6,211.36752237135852,214.634108182012,556.901513599718,46403,6,2,2,True,True,luminosity-vs-nemiga-m1-cache,pro,de_cache,46409,d61b8b9081,m4a1,False,False,False,False,False,False,0.0,1.0,0.0,rifle,0.4277156418912953,False,46211
268.2529022561075,55.03424752274224,2.223476479805892,7031.098255010928,1.1746739418715746,1.416983454929718,1.1746739418715746,17,15.9962740754786,19.266735761170928,6,766.5672885249519,114.7462680850684,164.4643248256822,106966,0,1,1,True,True,aurora-vs-9z-m2-mirage-p1,pro,de_mirage,106966,9885584175,usp_silencer,True,False,False,False,False,False,0.0,0.0,0.0,pistol,0.42770677104337695,False,106774
222.455231628925,47.674383905611805,10.0294728355948,7627.754398430001,0.9848786798932404,1.3468052589571344,0.93260743216962,10,5.017733085626999,7.109475904169284,14,291.616615651746,130.4568818116928,354.752670484078,54932,0,1,1,True,True,match730_003829380948349157814_1390656678_161,own,de_dust2,54932,40a412aa4d,ak47,False,False,False,False,False,False,135.0,0.0,0.0,rifle,0.42769421454033174,False,54740
240.7908661602352,35.11864384562169,133.8625454483135,6974.5448424703845,0.5561478895679963,9.07889281818165,0.5561478895679963,2,4.084467877957403,68.34941390998716,2,420.5843913732882,68.2348490462245,312.19931616248897,108687,0,1,1,True,True,furia-vs-betboom-m2-cache,pro,de_cache,108687,c32a6f9c5c,glock,True,False,False,False,False,False,0.0,0.0,0.8917379975318909,pistol,0.4276786024429637,False,108495
256.9065359782428,25.490580262117035,5.068359375,12862.811052335865,0.5327287028691338,0.6606214741955697,0.5254751391811923,28,9.110029166256094,11.238255526218236,10,979.3458363581914,115.04078020846714,567.6617016766766,47456,0,1,1,True,True,furia-vs-betboom-m2-cache,pro,de_cache,47456,372a892754,ak47,True,False,False,False,False,False,0.0,0.0,0.0,rifle,0.4276612461722948,False,47264
45.88458276597827,10.045428870092604,18.825159067321373,2274.1926830738585,1.9078280357150927,1.6551556476010845,1.4276446394677702,41,22.914978726839557,20.0606793562502,0,687.8078436216036,24.88198574168608,283.85183089548235,28573,9,2,2,True,True,furia-vs-betboom-m2-cache,pro,de_cache,28582,a7745f74db,fiveseven,True,False,False,False,False,False,0.0,1.0,0.4492528140544891,pistol,0.4276559737411759,False,28381
216.74299714326656,46.26516117895124,169.39330533371773,4364.161907702583,2.465516063792524,11.164991557150618,2.465516063792524,1,14.05124348395014,66.07359474914121,1,326.0830658714709,25.9353029526652,701.230627925764,80681,57,11,4,False,True,match730_003833682433258029322_1216037504_161,own,de_dust2,80738,916fd9f867,galilar,True,False,False,False,False,False,19.0,0.0,0.0,rifle,0.42762800410837326,False,80489
67.6933423565106,17.66332667913903,5.46724459684599,3322.257351178361,6.222494653412366,5.269028216788291,0.5612281050818754,0,58.07020122841955,48.70488437602803,0,532.0311952538121,98.42230045580918,306.6828647800356,80843,71,12,4,False,True,match730_003845735833772490759_0956054515_272,own,de_inferno,80914,132f8af47c,m4a1_silencer,True,False,False,False,False,False,11.0,0.0,0.0,rifle,0.4275960134631392,False,80651
88.02262926665931,17.953439663575498,84.55515966934543,2579.224222476789,1.1560758649982887,2.002067869643715,1.1560758649982887,14,5.93333338396139,10.335608751438976,15,291.8138206405173,101.39388309968176,708.4711809233563,10684,13,3,3,True,True,astralis-vs-fnatic-m2-ancient,pro,de_ancient,10697,95b933ed7c,ak47,False,False,False,False,False,False,0.0,0.0,0.0,rifle,0.42757733078352234,False,10492
27.54770742663536,2.8290100138530136,12.260581951238471,895.1879034455301,1.6931025395550747,1.1889212924347536,0.9248340435657074,22,24.26186465336727,16.938391134756323,0,820.6997400646688,214.80533077465984,329.4229613719038,3635,14,2,1,False,True,luminosity-vs-nemiga-m1-cache,pro,de_cache,3649,74c7d1f104,usp_silencer,True,False,False,False,False,False,0.0,0.0,0.0,pistol,0.4275429659356255,False,3443
241.54398066506988,69.07533392369908,90.11932657013942,5310.988056926079,4.745299475185461,12.287720554819389,2.357256852892814,0,31.33105963278224,83.2505485111507,0,377.00583478805527,107.78014964139976,320.45797005496485,33051,13,3,1,False,True,match730_003846087479924883540_0606572273_161,own,de_mirage,33064,7b600d11e9,ak47,True,False,False,False,False,False,5.0,0.0,1.0,rifle,0.42754006065494565,False,32859
29.19175877020707,13.98359604686591,12.476376548323245,744.0855521791135,0.1793356743261108,0.9719608767155984,0.1793356743261108,16,2.8194097883438296,15.376718010854646,6,900.7627951001572,81.07689939696147,371.080273933832,56338,26,5,4,True,True,match730_003845848209444307084_2046226831_274,own,de_dust2,56364,94ae0b8591,ak47,False,False,False,False,False,False,54.0,0.0,0.0,rifle,0.4273740676300726,False,56146
1016.8712484453488,121.7250437691196,67.0594549721539,17488.179591241213,1.7140980587705448,3.562856489624786,1.2172838511298016,4,12.926090938801376,26.852983730664743,3,429.2545573604029,158.35739403673975,364.97909845032393,92801,0,1,1,True,True,luminosity-vs-nemiga-m1-cache,pro,de_cache,92801,524f4d4415,glock,True,False,False,False,False,False,0.0,0.0,0.0,pistol,0.4273100023071334,False,92609
447.1816703251122,122.34532188750664,21.75452231214024,19257.977042876155,1.9903000632311143,3.1168440748362656,1.9903000632311143,6,17.34432631648833,27.51336485471332,1,497.9811431382307,157.70574113513527,1051.4842395048297,69869,57,12,6,False,True,match730_003833682433258029322_1216037504_161,own,de_dust2,69926,8a33bc3a37,mp7,False,False,False,False,False,False,10.0,0.0,0.0,smg,0.4272906717524694,False,69677
115.60817613842369,27.57833513924841,96.348898532965,3400.1982286484717,0.6273955380758347,2.9207213648651837,0.6273955380758347,3,5.841053448263337,27.194498009725333,2,527.6945919631804,140.05361993936774,543.788980621368,83191,0,1,1,True,True,luminosity-vs-nemiga-m1-cache,pro,de_cache,83191,456b773fab,awp,False,False,False,False,False,False,0.0,0.0,0.0,sniper,0.42718631786932665,False,82999
10.76577993428176,0.7895695871853081,7.94666622809392,533.0,0.5400831817864952,0.9202786476458836,0.5354318900645249,31,6.51921229663248,11.072474804379215,15,691.4644261939387,72.0545297377859,390.1203319163495,135724,0,1,1,True,True,furia-vs-betboom-m2-cache,pro,de_cache,135724,52f704f8ce,awp,True,False,False,False,False,False,0.0,0.0,1.0,sniper,0.42714452997009084,False,135532
460.35198242997,57.03221065857274,30.683648383268338,9708.35012651685,2.1728073033756967,2.096592936933933,1.7505569495784588,14,34.696950016112886,33.6612577300054,0,913.744673382314,177.86115940546935,391.8161047918021,118470,63,12,5,True,True,luminosity-vs-nemiga-m1-cache,pro,de_cache,118533,456b773fab,galilar,False,False,False,False,False,False,0.0,0.0,0.0,rifle,0.4271313535047004,False,118278
343.9249746990479,43.60294129122013,4.152994791666667,8292.292931555707,0.9107549330227972,0.5965161610078378,0.1594803472331389,15,15.267719435352245,10.069142805240952,12,960.1444867676512,55.653601991474375,48.12476752158466,35448,73,12,5,True,True,match730_003833682433258029322_1216037504_161,own,de_dust2,35521,296e119cfc,m4a1,False,False,False,False,False,False,98.0,0.0,0.0,rifle,0.42703670148898354,False,35256
553.4405552261173,59.65971319880167,13.067471320037036,13867.965581883656,0.7520023036023646,2.4997384452760056,0.6965649466325178,6,12.065620405879804,40.52565179442983,5,919.2018732438742,185.28975009643764,397.31901846560174,43101,6,2,1,False,True,astralis-vs-fnatic-m2-ancient,pro,de_ancient,43107,dd32420517,ak47,True,False,False,False,False,False,0.0,0.2759859263896942,0.520166277885437,rifle,0.4269579532850894,False,42909
188.8677622678861,33.36751096318198,6.0256757536497085,5588.970535018922,1.161424629934529,0.803416249087231,0.5246401280474572,18,8.215642067707181,5.682759608096452,18,405.0357246933512,64.169817003716,497.1731622909627,23945,13,3,3,True,True,furia-vs-betboom-m1-mirage,pro,de_mirage,23958,c1aa9f613a,ak47,True,False,False,False,False,False,0.0,0.0,0.0,rifle,0.4269161943450329,False,23753
273.37449498036176,41.322890062106566,8.21773056730017,7657.54678494283,0.7412368851361979,0.7701603337498394,0.2005602732129132,19,7.0898252202546965,7.431643087337899,18,547.8458847093426,83.20732723512326,493.8111632249027,158867,19,4,3,False,True,luminosity-vs-nemiga-m1-cache,pro,de_cache,158886,d61b8b9081,ak47,False,False,False,False,False,False,0.0,0.0,1.0,rifle,0.4269089470949588,False,158675
237.68526654293743,24.070746870072632,5.774859467377024,13065.3813826396,1.1157997462610385,1.324638865678006,1.1157997462610385,19,19.216010176045792,22.88843528325495,2,981.1958771381566,120.45053898395636,970.5352419330718,89298,3,1,2,True,True,match730_003846114907586035842_2006638891_196,own,de_mirage,89301,ccfd5f1e85,glock,True,False,False,False,False,False,39.0,1.0,0.0,pistol,0.4269059736193395,False,89106
130.44387806176073,23.18770915801908,3.384363082875719,5943.844830898128,0.8434336224821759,1.156882378411079,0.8434336224821759,10,12.187333360822128,16.67898410049481,8,771.2630806940095,93.05313589290472,930.3260639334934,80569,5,2,1,False,True,match730_003846055312767320440_2034169741_274,own,de_nuke,80574,657a17d37a,mp7,True,False,False,False,False,False,39.0,0.0,0.0,smg,0.42679991634404496,False,80377
749.278324445887,112.990407639953,22.53955972287036,19520.01814824496,0.424335542422702,2.3900687974901165,0.2679298320668413,5,5.131316616837333,29.445641800638334,4,678.384219804067,79.52724278065418,96.87124560543172,25173,7,2,2,True,True,match730_003846087479924883540_0606572273_161,own,de_mirage,25180,26d15ffc47,ak47,True,False,False,False,False,False,66.0,0.0,0.0,rifle,0.4267743318045741,False,24981
8.981775322339065,1.2605542940209895,4.983686191030079,493.33362062970014,0.460383295659476,0.8070777736735761,0.460383295659476,26,5.919817059357513,10.391785873394433,15,735.6968150665554,109.58330255023876,194.1943164817852,29013,0,1,1,True,True,match730_003846095210866016783_0292086677_161,own,de_ancient,29013,c8d7238405,awp,False,False,False,False,False,False,25.0,0.0,0.0,sniper,0.42663461651758144,False,28821
78.96570513960982,24.90283629920043,9.734858923737525,3004.925544663013,0.8591290613566113,0.8323271824181635,0.6850339846938892,18,21.535571496702232,20.842216718638134,0,1433.879691218959,132.18430939241347,548.8831220609133,92185,64,5,4,True,True,luminosity-vs-nemiga-m2-dust2,pro,de_dust2,92249,c4ceacecd8,glock,False,False,False,False,False,False,0.0,0.0,0.0,pistol,0.42658608703544676,False,91993
443.51953125,61.57487050964967,68.30051359040631,14235.7986938318,0.3990358578928337,5.683253839549491,0.2913923349091975,4,2.8227275858970686,41.53855833024363,4,405.1069203558352,182.0442973839115,529.039326646145,54123,20,4,4,True,True,match730_003846095210866016783_0292086677_161,own,de_ancient,54143,b639457643,ak47,False,False,False,False,False,False,42.0,0.0,0.0,rifle,0.4265473629256269,False,53931
67.67290477546088,39.52608791543727,43.68353633403181,2158.024241584124,11.706546103206458,11.13483330202165,1.0992101322585712,0,51.852792710772405,49.84539318872193,0,247.5230503605334,208.24527293337792,773.066048879626,65025,32,6,2,False,True,match730_003846055312767320440_2034169741_274,own,de_nuke,65057,f9d25d950a,m4a1_silencer,False,False,False,False,False,False,20.0,0.0,0.0,rifle,0.4265345642645607,False,64833
11.706622142345015,3.2444558475777416,8.844442199862344,494.28688557557257,1.4229112906095365,0.8804228219624127,0.2535477189396173,28,18.15169046420504,11.292562662544691,19,723.0224394349497,179.87106311970024,933.874324052633,70431,0,1,1,True,True,match730_003846095210866016783_0292086677_161,own,de_ancient,70431,c8d7238405,awp,False,False,False,False,False,False,25.0,0.0,0.0,sniper,0.42643655665423935,False,70239
359.65782623117974,50.172963998242,28.893774699802574,8660.39343955754,0.9694957779395031,1.5389898524380976,0.5950820244999656,17,8.183628490051822,12.979072995077114,17,473.310466367825,130.2537186776678,1075.0539402449265,13296,6,2,1,False,True,aurora-vs-9z-m2-mirage-p2,pro,de_mirage,13302,7a9df6b20d,ak47,True,False,False,False,False,False,0.0,0.0,0.0,rifle,0.42643456529611234,False,13104
481.69439285769386,68.177810193802,164.05558956192613,12494.15434098233,1.790215487340689,6.161051437792082,1.5829915766814646,2,11.580826470521837,40.806906522155735,2,365.4784208900263,189.51220013010143,190.3558894592287,98961,0,1,1,True,True,furia-vs-betboom-m1-mirage,pro,de_mirage,98961,867e1a2fd2,usp_silencer,False,False,False,False,False,False,0.0,0.0,0.0,pistol,0.4264342509737196,False,98769
108.72142340872853,38.85456070594682,45.901270163673566,6478.671098158625,1.5146737400415489,1.4206090138371363,1.2923041410945073,15,9.072182894818642,8.46730247851443,16,343.08768193708,45.79206193379223,37.49194697239122,43640,6,2,1,False,True,aurora-vs-9z-m1-dust2,pro,de_dust2,43646,b793b85286,galilar,True,False,False,False,False,False,0.0,0.0,0.0,rifle,0.4263628639139099,False,43448
533.0920183370658,75.4062088944049,13.522264363313816,11787.74762879475,1.402346798710363,2.438208919332162,0.3302340731689662,7,23.326564506767003,41.09187854366012,0,952.7787547492007,79.57889467550358,344.89538664882014,11930,32,6,1,False,True,furia-vs-betboom-m2-cache,pro,de_cache,11962,372a892754,ak47,False,False,False,False,False,False,0.0,0.0,0.0,rifle,0.4262848316672908,False,11738
62.338121241351416,13.424928312855023,10.126895635035792,2360.9523997531087,0.4252795747633197,0.6515052930686642,0.2438930192113664,61,8.004969110393349,12.263744209418762,19,1078.4369412993187,124.60368696930992,155.24549092803795,120978,0,1,1,True,True,match730_003829380948349157814_1390656678_161,own,de_dust2,120978,8a33bc3a37,awp,False,False,False,False,False,False,6.0,0.0,0.0,sniper,0.4262471732342511,False,120786
29.018006017030565,3.704698315978929,23.97087136747545,741.2917884181556,0.9751226360247204,1.050127411963498,0.4931546158250979,32,16.980721046126135,18.307780456264226,2,997.5185044059556,203.24837218742505,499.493988725531,82328,25,5,4,True,True,luminosity-vs-nemiga-m2-dust2,pro,de_dust2,82353,590a913841,m4a1_silencer,False,False,False,False,False,False,0.0,0.0400091186165809,0.0,rifle,0.42620145589498315,False,82136
8.778909554599277,2.232079895206509,5.04592499145786,379.66076843010126,0.4075035636974125,0.4012180035599142,0.3639248431870728,57,11.052111062346352,10.880633558273429,21,1553.5597973690535,114.00677768539624,189.88749100811629,108353,0,1,1,True,True,match730_003833678395988770820_2132169428_161,own,de_dust2,108353,8a33bc3a37,ssg08,False,False,False,False,False,False,10.0,0.0,0.0,sniper,0.42619155087361543,False,108161
299.98200872236976,28.429965165099915,10.281399887792942,11655.65172552,0.883348693871801,1.2871443018897004,0.5216799856437079,32,15.997764269475065,23.273218638653653,5,1037.4550027351197,54.58131349812531,98.54866766999372,83339,0,1,1,True,True,match730_003846224175849013887_1403891103_383,own,de_anubis,83339,0c250789aa,ak47,True,False,False,False,False,False,62.0,0.0,0.0,rifle,0.42619033484312585,False,83147
18.603778609371915,0.7158658137873757,10.694167308714016,581.4699770404703,0.4357250552199727,0.3214855162522378,0.1589005165775908,28,10.702050562055843,7.894277305077635,13,1400.961679411276,201.44946612500488,499.83020723455655,33554,0,1,1,True,True,aurora-vs-9z-m2-mirage-p2,pro,de_mirage,33554,fea287be28,awp,False,False,False,False,False,False,0.0,1.0,0.0,sniper,0.42618181906806524,False,33362
90.76608386574684,16.422500251451734,7.288629005834211,2446.211352125638,0.5176907793030058,0.7329340665566945,0.5176907793030058,54,8.4242281749637,11.927259671896396,12,930.2293317714316,32.03483965964366,334.3244242481111,32894,12,3,2,True,True,match730_003845735833772490759_0956054515_272,own,de_inferno,32906,6f17506be7,ak47,False,False,False,False,False,False,40.0,0.349500834941864,0.0,rifle,0.4261271142491008,False,32702
275.0709016605044,36.2490408438208,78.10234386679576,11519.75600751406,0.2964951447048928,5.418435252193972,0.2964951447048928,3,3.569604225634135,65.64281821954589,2,680.0348205614662,21.93929761899375,136.20497001373326,82259,13,3,2,False,True,astralis-vs-fnatic-m1-dust2,pro,de_dust2,82272,f100e9403c,ak47,False,False,False,False,False,False,0.0,0.0,0.0323002934455871,rifle,0.42591311312165553,False,82067
300.62507817193995,53.86100125620243,20.34285497408966,6713.619768821221,10.299559417646352,14.864520119827096,10.299559417646352,0,40.45609519367717,57.3246908428555,0,194.22811093870092,205.8853175675363,426.4444851613028,8016,20,4,1,False,True,furia-vs-betboom-m1-mirage,pro,de_mirage,8036,52f704f8ce,m4a1_silencer,False,False,False,False,False,False,0.0,0.0,0.0,rifle,0.4259032157864529,False,7824
80.55483442582987,12.668967078496395,3.804569593909157,2549.1671479604665,1.6466478272982723,1.3752843226384674,0.6350823768478674,37,34.08862049061127,28.46417802726595,0,1185.7610384461912,198.32255695348303,697.6531451648775,78364,54,7,2,False,True,match730_003846087479924883540_0606572273_161,own,de_mirage,78418,7b600d11e9,famas,False,False,False,False,False,False,5.0,0.0,0.0,rifle,0.4258864903850148,False,78172
29.113869029900734,8.52209486809623,3.222493489583333,973.9408173861376,0.9591694595332584,1.0465782467347196,0.2519108676645122,41,15.407176454245135,16.846415918682247,7,920.1812593306452,179.9618636956548,527.4155151651377,32820,46,3,2,True,True,match730_003829380948349157814_1390656678_161,own,de_dust2,32866,8a33bc3a37,deagle,True,False,False,False,False,False,6.0,1.0,0.0,pistol,0.42579597623567833,False,32628
50.03517586282332,9.856469413279251,2.098486875004333,1084.1166678682223,0.5218143413833197,0.4935705544991839,0.0548776218380976,65,10.386766270074023,9.824385301722703,19,1132.953418346211,34.07938419712255,452.7954734502933,103771,0,1,1,True,True,match730_003845848209444307084_2046226831_274,own,de_dust2,103771,3a84a7ef32,awp,False,False,False,False,False,False,59.0,1.0,1.0,sniper,0.42578818016977715,False,103579
72.65237685514091,15.467079646981531,23.582526035757496,1891.937004226132,0.6406433858601943,0.7080704799308823,0.173041800662194,54,9.985342571977624,11.058543350957525,8,892.9476903252265,92.3065677923986,170.0427556985291,58059,19,4,2,True,True,match730_003846114907586035842_2006638891_196,own,de_mirage,58078,1c49a0cc75,ak47,False,False,False,False,False,False,20.0,0.0,0.0,rifle,0.42563114699106025,False,57867
16.8974609375,4.08320508623608,11.57935081734675,811.4375,0.3896500036151208,0.8127716460294134,0.3896500036151208,43,4.441942902342122,9.268823748338626,24,649.3373420064503,5.01923135694874,422.9741176712109,52111,0,1,1,True,True,match730_003845721267390906757_0873910189_273,own,de_anubis,52111,2a309cc914,awp,False,False,False,False,False,False,48.0,0.0,0.0,sniper,0.42557425491548095,False,51919
37.90514995491448,6.692482186560402,4.721507121090007,2425.9295971145266,1.3005365868603311,1.6700223349066283,1.3005365868603311,10,19.696587967795164,25.463104891503452,1,867.5805664666134,91.44516606632072,156.91972405136886,12867,0,1,1,True,True,match730_003846055312767320440_2034169741_274,own,de_nuke,12867,b9026ee78e,ssg08,False,False,False,True,False,False,18.0,0.0,1.0,sniper,0.42553067523316246,False,12675
144.52020244626573,18.317252711346804,8.23974609375,3527.7135437118704,0.4822516262788771,0.5702329646349321,0.4822516262788771,46,9.115045212922716,10.776932579825573,13,1082.617043362305,59.63889929765576,183.75677649842228,210450,0,1,1,True,True,luminosity-vs-nemiga-m2-dust2,pro,de_dust2,210450,3b306c71b2,m4a1_silencer,True,False,False,False,False,False,0.0,0.0,0.0,rifle,0.42546637200228543,False,210258
58.3515909460205,21.196933761862184,25.806312331788277,2572.242907372348,2.4600904258801988,4.033389043690659,2.4600904258801988,2,42.18720819327334,69.31478831449843,0,981.8574716468212,73.30900078040122,300.1532433068876,137820,94,13,2,False,True,match730_003846114907586035842_2006638891_196,own,de_mirage,137914,8a33bc3a37,ak47,False,False,False,False,False,False,32.0,0.0,0.0,rifle,0.4254194609841342,False,137628
38.70481538065009,2.578139133093961,31.0896465740684,1130.1129412593368,3.6720804162880674,5.313260144201827,3.6720804162880674,0,21.378883171288933,31.442856878898425,0,332.93132933457406,109.74076861644625,353.8163572869766,14558,26,5,3,False,True,match730_003846087479924883540_0606572273_161,own,de_mirage,14584,7b600d11e9,ak47,True,False,False,False,False,False,5.0,0.0,0.0,rifle,0.42533883888138846,False,14366
45.330078125,11.510548086306423,3.370346473160797,2901.125,0.3834601479913551,0.7929373251708333,0.0669429441732485,46,8.43585340178536,17.444887806034906,7,1257.054172837156,59.763521146205576,21.230075763146434,16002,0,1,1,True,True,match730_003846087479924883540_0606572273_161,own,de_mirage,16002,bea1536d33,m4a1_silencer,False,False,False,False,False,False,37.0,0.0,0.0,rifle,0.42533783689577453,False,15810
16.399454740438518,4.408541946389724,11.37539208387574,705.3812862205522,1.82505202840696,1.5952288534348562,1.3287494444394046,20,26.174594474702825,23.06373327040414,0,817.1187124236267,239.16631097793163,1111.8519793743526,39562,32,6,3,False,True,aurora-vs-9z-m2-mirage-p1,pro,de_mirage,39594,6c2b13b080,ak47,False,False,False,False,False,False,0.0,0.0,0.0,rifle,0.42530741720014353,False,39370
12.144265040353876,0.6729701056434141,6.863084562042782,625.357962582648,0.4866903667887533,0.6189910946480705,0.4553435059880018,23,8.858817718089936,11.263521216700022,10,1042.851600016735,105.91644567251129,97.80342040609328,82280,0,1,1,True,True,furia-vs-betboom-m1-mirage,pro,de_mirage,82280,52f704f8ce,awp,False,False,False,False,False,False,0.0,0.0,0.9063616991043092,sniper,0.4252677673287916,False,82088
64.84167674967082,7.21372535196271,4.043064900709372,1852.4576809997352,0.654500629339638,0.5200847557081508,0.4362140721432673,47,14.874098645525288,11.825221772097375,19,1301.977094111112,89.44725466286016,131.2055193578212,35107,0,1,1,True,True,furia-vs-betboom-m1-mirage,pro,de_mirage,35107,867e1a2fd2,awp,False,False,False,False,False,False,0.0,0.0,0.0,sniper,0.4252528162219106,False,34915
191.5043260419369,60.59209299082822,38.37618239960788,4031.889144220285,1.169521548209151,0.9999860563268784,0.905483150650188,16,7.413243106688288,6.33152402697996,17,362.96521313886336,199.8033690122244,301.0041271458077,8893,36,4,4,True,True,match730_003846114907586035842_2006638891_196,own,de_mirage,8929,1c49a0cc75,usp_silencer,False,False,False,False,False,False,20.0,0.0,0.0,pistol,0.42522372658430896,False,8701
92.2412109375,23.03518637025475,6.28134793995585,2531.4839253921828,0.2905020134647841,0.3573593535283084,0.1845045307993194,28,5.85345253452296,7.196421151971859,16,1154.434368882053,31.405846017963533,201.2258252811612,58419,26,5,2,False,True,furia-vs-betboom-m2-cache,pro,de_cache,58445,6c3df85cda,ak47,False,False,False,False,False,False,0.0,0.0,0.6769953966140747,rifle,0.4252027771002822,False,58227
232.07607532454685,15.040996364157069,17.66862697797947,6264.858277131903,0.4791642895500883,1.219810203335483,0.4791642895500883,32,10.542288473456606,26.880175193348016,3,1257.3349906233534,153.56299145160318,315.9660911465461,159059,0,1,1,True,True,luminosity-vs-nemiga-m2-dust2,pro,de_dust2,159059,74c7d1f104,m4a1_silencer,True,False,False,False,False,False,0.0,0.0,0.0,rifle,0.42498371291099274,False,158867
30.41015625,9.485918112172802,4.8046875,1591.4831542623158,0.0549632014087281,1.0911570297494242,0.0549632014087281,45,0.9949769844245951,20.170269586979185,5,1037.1972083761457,204.4940702555161,559.6712370661813,84343,59,8,5,True,True,match730_003829380948349157814_1390656678_161,own,de_dust2,84402,0ecd5d7027,m4a1_silencer,False,False,False,False,False,False,73.0,0.0,0.0,rifle,0.424976514149267,False,84151
103.75458288986428,43.89186232071838,15.48643553305037,2247.124376002502,2.05687257456661,2.169347637060871,1.4364639055635615,13,9.75889386452259,10.692469942174007,14,271.43876060534274,29.238787147709,120.3518814757626,24038,0,1,1,True,True,match730_003845848209444307084_2046226831_274,own,de_dust2,24038,6c9253641d,ssg08,False,False,False,True,False,False,53.0,0.0,0.0,sniper,0.42491416293160317,False,23846
49.59944574907791,6.374498806219657,3.099730085923032,1961.6664223464816,0.5084389488979377,0.2446765973794635,0.0329521587438686,21,12.634562852936366,6.09049033689971,17,1423.6840037292725,109.97564227392007,513.5176918005676,42635,0,1,1,True,True,match730_003846224175849013887_1403891103_383,own,de_anubis,42635,29b1cdb2be,awp,False,False,False,False,False,False,61.0,0.0,0.0,sniper,0.42489918574924734,False,42443
84.64188379989295,15.895380343179202,40.46311253136621,2492.524575370489,1.1615102897068452,3.600559246524689,0.5734059654984378,5,22.55952038107356,70.36587881368497,0,1106.4182644108942,10.881947475603033,10.752247366313505,103920,55,7,5,True,True,match730_003846095210866016783_0292086677_161,own,de_ancient,103975,26d15ffc47,ak47,True,False,False,False,False,False,38.0,1.0,0.0,rifle,0.4248672772175734,False,103728
82.06911016107331,36.6668928526752,9.714432613421282,1344.206655689248,0.0585816574456641,0.7186499964236723,0.0585816574456641,21,0.5398364923031459,6.857609074307765,12,520.7561012177827,231.26739156433192,957.0327056971552,42697,6,2,2,True,True,luminosity-vs-nemiga-m2-dust2,pro,de_dust2,42703,3b306c71b2,m4a1_silencer,False,False,False,False,False,False,0.0,0.0,0.0,rifle,0.4248667349279424,False,42505
277.3352212635777,43.41847318546782,51.39174368034577,4983.884017129742,0.3385755539544459,3.555146618290852,0.3385755539544459,4,5.58619280416503,58.86374120868786,2,944.8791301754758,115.35999279883376,253.56886586460848,82217,7,2,2,True,True,match730_003846114907586035842_2006638891_196,own,de_mirage,82224,a0aa94d8fe,m4a1_silencer,True,False,False,False,False,False,36.0,0.0,0.3514151573181152,rifle,0.424831159781417,False,82025
73.5474545140124,8.689261702492672,3.080867851403854,4707.037088896794,1.6636593779897944,1.9478330260473484,1.3430175930994712,22,25.948101196931475,30.49666706156476,0,893.0801902864796,231.0410319157696,617.7525657304077,71777,0,1,1,True,True,match730_003846087479924883540_0606572273_161,own,de_mirage,71777,7a2108eafc,deagle,True,False,False,False,False,False,19.0,0.0,0.0,pistol,0.4247859289856185,False,71585
138.25240710475566,31.73074751831149,46.07472403615035,2741.2790041721755,0.7405088796284283,2.611280106819729,0.7405088796284283,4,12.227966480633068,43.25193825939848,2,946.003804222394,158.4354271817641,739.622655037123,73095,0,1,1,True,True,luminosity-vs-nemiga-m2-dust2,pro,de_dust2,73095,456b773fab,awp,False,False,False,False,False,False,0.0,0.0,0.0,sniper,0.42472752183310253,False,72903
138.67650637347478,38.019954112637215,8.744840443903845,3309.3523701626964,0.3135528933517834,0.7070202747865599,0.3135528933517834,29,6.348662877747091,14.317394279437837,9,1159.981010299953,54.820853069703546,116.42991013196227,43220,0,1,1,True,True,match730_003833678395988770820_2132169428_161,own,de_dust2,43220,8a33bc3a37,awp,False,False,False,False,False,False,10.0,0.0,0.0,sniper,0.4246989775671071,False,43028
33.311590414887704,3.919693323284747,25.253322726113293,1217.0536252695608,5.680922659599462,6.678392268809714,5.680922659599462,0,22.21364458103007,27.36319377188738,0,221.02846337236755,94.53464160574563,393.40886483036775,21506,5,2,2,True,True,match730_003846095210866016783_0292086677_161,own,de_ancient,21511,c8d7238405,galilar,False,False,False,False,False,False,25.0,1.0,0.0,rifle,0.4245974055390473,False,21314
40.63371887545685,13.157497842895827,12.356441337007622,781.1359294341389,0.0561642791829081,0.5045335709621148,0.0561642791829081,36,1.3212596613992118,11.920278393434083,9,1347.816895685468,111.35496585018024,297.7887073052662,60326,0,1,1,True,True,match730_003846055312767320440_2034169741_274,own,de_nuke,60326,b9026ee78e,awp,False,False,False,False,False,False,18.0,0.0,0.0,sniper,0.4245887255859812,False,60134
494.32053489005415,83.62365868384381,71.39661443165613,7935.6735758833565,2.777675941189053,5.60029070256302,2.777675941189053,1,32.150715640629045,64.9396350916023,0,662.5885915323113,120.66857915140194,322.682595699717,17838,69,10,4,False,True,match730_003845848209444307084_2046226831_274,own,de_dust2,17907,1d8a841068,m4a1_silencer,False,False,False,False,False,False,23.0,0.0,0.0,rifle,0.424502713405372,False,17646
66.181640625,20.99636526471987,10.172667168470465,1178.2070051004184,0.4816654005231433,0.7730619205670413,0.437849255921123,47,11.036579391994588,17.5055980430912,6,1287.422380645004,168.21056318393846,203.16361095409908,107827,40,8,5,True,True,luminosity-vs-nemiga-m1-cache,pro,de_cache,107867,95f0d4db09,galilar,False,False,False,False,False,False,0.0,0.0,0.0,rifle,0.42446209539968854,False,107635
203.57860249682864,24.37095922177499,2.4663733189794024,13029.030559797033,2.527874091939493,1.7016652054282542,0.4127994541203753,16,24.369649373545325,16.439387505142776,0,549.9339850529536,75.01159379175729,724.7063163918755,117160,28,6,5,True,True,match730_003846095210866016783_0292086677_161,own,de_ancient,117188,7bbb0d4a11,m4a1,False,False,False,False,False,False,19.0,0.0,0.0,rifle,0.42445282340699886,False,116968
23.77822750499107,9.29809979316331,15.659193033110409,522.6550395148976,0.3756967586122294,1.2946279643166154,0.3756967586122294,51,7.775664012430567,26.796923583061783,3,1185.2300111315014,56.52027028629984,51.50075066204647,147471,0,1,1,True,True,luminosity-vs-nemiga-m1-cache,pro,de_cache,147471,798c33b296,awp,False,False,False,False,False,False,0.0,0.0,0.3701427280902862,sniper,0.424298514018744,False,147279
142.81726655246837,18.699262603765632,0.5712890625,4082.2419511860335,1.920639464627503,1.960924102634436,0.814540262199317,18,21.597699766904658,22.052534497499902,0,643.1860102465511,96.29263831470124,170.8140955455329,76346,6,2,2,True,True,match730_003846224175849013887_1403891103_383,own,de_anubis,76352,2b34888ce8,galilar,False,False,False,False,False,False,68.0,0.0,0.0,rifle,0.4242741533910929,False,76154
77.449492979822,27.30853625546621,18.263190350586058,2782.484937336441,0.8290562685902716,1.1725543497432491,0.3632668160695214,10,15.534004441439036,22.40011026038827,6,1073.3195731344326,121.7063188786764,601.7329841868493,23490,35,6,3,True,True,match730_003831793800846508273_1359762374_161,own,de_mirage,23525,237144b7d2,mac10,False,False,False,False,False,False,42.0,0.0,1.0,smg,0.4242436729942968,False,23298
618.8838365509907,116.47723531428277,30.9355088394064,16918.881437144155,1.0487647250116725,2.51689015195191,0.5458898834878837,8,7.236832007551167,17.69359842940008,7,369.3916749867049,17.15860304863139,364.0051112392528,31706,38,7,4,False,True,match730_003846087479924883540_0606572273_161,own,de_mirage,31744,8a33bc3a37,ak47,False,False,False,False,False,False,139.0,0.0,0.2127137184143066,rifle,0.4242338081405055,False,31514
42.377524612975016,9.718196761786912,10.448936627707818,1167.1455741459704,0.1802497074751651,0.5071728840073761,0.1155875981070636,63,3.841775061372262,10.83733430520847,9,1221.1097692180356,103.30698314246185,797.7202251838911,44231,0,1,1,True,True,match730_003845721267390906757_0873910189_273,own,de_anubis,44231,6b4b6c808f,awp,False,False,False,False,False,False,31.0,0.0,0.0,sniper,0.42423237562469857,False,44039
277.40825980230744,77.00043571312912,65.66416101204383,6621.002236138996,7.592743407421995,13.455489609890254,1.0516311515889265,0,37.23482409443191,67.66743230177883,0,279.01806632854635,78.36894512938787,87.08359245881088,59208,7,2,1,False,True,match730_003833678395988770820_2132169428_161,own,de_dust2,59215,7090249fd0,m4a1_silencer,False,False,False,False,False,False,36.0,0.0,0.3058593869209289,rifle,0.4242306760882467,False,59016
221.77001953125,30.63680721665339,76.3019348693973,5550.948229111178,1.7364863352322069,6.818796150966966,0.2810522676970408,4,22.45401578651467,89.68259133686615,0,724.771995859016,87.11003163136192,293.86212543375404,46490,32,6,4,False,True,aurora-vs-9z-m2-mirage-p2,pro,de_mirage,46522,fe43c71f39,ak47,False,False,False,False,False,False,0.0,0.0,0.0,rifle,0.4242287313133092,False,46298
49.305214385999925,14.00828716712068,19.77487701733375,1351.5114947137356,0.8763788055126761,0.3520516380541514,0.040290269602608,28,11.45190303106382,4.5978229250132125,19,747.5268692393427,41.41595711727242,103.74387559483984,74597,45,8,5,True,True,furia-vs-betboom-m1-mirage,pro,de_mirage,74642,4acdd8fa23,ak47,True,False,False,False,False,False,0.0,0.0,0.0,rifle,0.42417781125605497,False,74405
63.907096308768125,18.105768649053168,2.7320752147247767,1488.7015444654771,0.4814147659035002,0.6407369144450102,0.4814147659035002,42,10.394391654635031,13.818531448944828,10,1236.9791983401587,57.28687342412835,295.716999545056,12798,40,5,2,False,True,match730_003846087479924883540_0606572273_161,own,de_mirage,12838,a6d0004234,ak47,True,False,False,False,False,False,42.0,0.0,0.0,rifle,0.4240952716053397,False,12606
36.6064453125,14.425200508503645,2.585159254732947,1049.6740398230263,1.4675591027176424,1.523411127678527,1.4079781339991866,34,22.836594558297016,23.72183179279104,0,891.2723503004364,170.80615447144697,977.392694280856,88648,72,8,5,False,True,match730_003833682433258029322_1216037504_161,own,de_dust2,88720,c2d6ff7eff,fiveseven,False,False,False,False,False,False,48.0,0.0,1.0,pistol,0.4240250360023715,False,88456
376.2007690462388,42.65329906065725,4.641018328042828,13044.643969950812,1.860404918166802,1.8676175118654943,1.7645178191291404,22,24.97995951093519,25.043791649513185,0,756.4425572433453,73.27511351097674,665.28772636259,15397,23,4,1,False,True,aurora-vs-9z-m2-mirage-p1,pro,de_mirage,15420,9885584175,galilar,True,False,False,False,False,False,0.0,1.0,1.0,rifle,0.42399340960551196,False,15205
44.5450039259566,5.4619395198331535,9.992391726790308,815.5217294032182,2.6424164199259503,2.764057415595677,1.7133012067752371,8,32.40459574660888,33.88569775578801,0,702.0171828361882,67.63134671880711,355.26106786974475,98451,29,3,2,True,True,luminosity-vs-nemiga-m1-cache,pro,de_cache,98480,590a913841,usp_silencer,True,False,False,False,False,False,0.0,1.0,0.0,pistol,0.4239634567169484,False,98259
151.35786387615715,36.23004040577748,1.3101960805662831,4053.77979839269,0.8624511030020888,1.1460233975450105,0.8344351499697275,13,16.544564700199725,22.034696211144727,5,1099.0282397893377,197.19304773215444,521.8277956945656,106463,40,4,3,True,True,match730_003846055312767320440_2034169741_274,own,de_nuke,106503,b3b8926d79,ak47,False,False,False,False,False,False,26.0,0.0,0.8636375665664673,rifle,0.4239552998045799,False,106271
644.6577723503306,100.27527285488532,64.7335400694554,17259.534032234682,2.765557583906525,5.806319509791059,0.70618760475452,1,25.19863445321865,53.47431699437664,0,520.2055659234612,193.25464970369748,683.7806437398942,81286,0,1,1,True,True,match730_003833682433258029322_1216037504_161,own,de_dust2,81286,916fd9f867,galilar,True,False,False,False,False,False,19.0,0.0,0.0,rifle,0.42395319746502946,False,81094
21.964274529820877,7.142997108199057,3.3101650981697293,808.6869744436665,0.3920774267728666,0.8719203542233418,0.0508892004901199,65,6.801680468588631,15.118935095800392,7,992.0283768705938,42.09473249748369,408.09964159863546,127840,0,1,1,True,True,aurora-vs-9z-m1-dust2,pro,de_dust2,127840,4044fff327,ssg08,False,False,False,False,False,False,0.0,0.0,0.0,sniper,0.42388692014627555,False,127648
56.75267480436721,9.86908889914377,14.130346126275487,1992.3690628887016,0.826150522947443,0.9613886343236302,0.3678753138839623,53,12.56889886135284,14.733980246411424,24,871.4958880809701,114.31329023662823,507.5632357164122,27345,0,1,1,True,True,match730_003845721267390906757_0873910189_273,own,de_anubis,27345,6b4b6c808f,awp,False,False,False,False,False,False,30.0,0.0,0.0,sniper,0.4238865232656681,False,27153
40.40930816807706,9.906380786617184,33.38214239959106,1814.8618207240345,2.627966850279963,2.6511063139737194,1.110991602436962,2,38.98942851914401,39.48466330490071,0,849.3550866292281,64.234279956451,275.95882979760376,10611,36,7,3,False,True,match730_003833682433258029322_1216037504_161,own,de_dust2,10647,e2df927a56,mp7,False,False,False,False,False,False,24.0,0.0,0.0,smg,0.4238800767415617,False,10419
547.2640614460971,111.91293971669758,37.08808136741572,11097.917812875614,0.7564766684632173,1.3461124384147134,0.2102506376789455,16,10.06729918660329,18.375255370508704,5,761.2538592002933,233.1348918120512,839.7119719770791,90020,32,6,4,True,True,match730_003833682433258029322_1216037504_161,own,de_dust2,90052,aa97ccafe5,ak47,False,False,False,False,False,False,9.0,0.0,0.0,rifle,0.42373251453666794,False,89828
234.6357636154833,43.65026649333264,94.19973432913255,8345.884936284983,4.227371066307847,6.232839935856104,2.289396131689718,0,11.57753972529005,17.295521443439622,5,154.78451935838663,21.96434243966923,50.96795207138115,71822,7,2,2,True,True,luminosity-vs-nemiga-m2-dust2,pro,de_dust2,71829,f730a5e684,m4a1_silencer,True,False,False,False,False,False,0.0,0.0,0.0,rifle,0.42363110733209425,False,71630
100.1337026607248,15.571101676043863,16.83697190795697,3489.4753449877303,0.5120687739322869,0.800250256257469,0.4410311552951904,49,10.693843799308036,16.61381728488035,4,1190.3242135809307,205.6524941780543,367.6704221847334,42533,0,1,1,True,True,astralis-vs-fnatic-m1-dust2,pro,de_dust2,42533,c023f685ab,ak47,False,False,False,False,False,False,0.0,0.0,0.0,rifle,0.4236291330010327,False,42341
174.09777646877038,58.44710269543498,46.43160055580408,4093.104620922245,6.756372689887344,10.464425086510976,6.621097759195721,0,45.99419113570219,72.45135838901798,0,388.112981025872,132.253379668049,986.2915934947632,28613,7,2,1,False,True,match730_003845848209444307084_2046226831_274,own,de_dust2,28620,bfb8267f0c,m4a1_silencer,False,False,False,False,False,False,29.0,0.0,0.0,rifle,0.42361809197982614,False,28421
184.3343706811731,24.49022785778308,5.273160495138892,4578.731914607677,2.5404079538017648,1.966316258372516,0.6507578162097116,19,15.088496464598531,11.919231232215074,19,309.5632459360617,118.29798325136122,485.3298182059577,3027,0,1,1,True,True,furia-vs-betboom-m1-mirage,pro,de_mirage,3027,0f3b1e9da0,usp_silencer,True,False,False,False,False,False,0.0,0.0,0.0,pistol,0.423504493933082,False,2835
741.0435234221014,106.05952623919248,37.59608320803135,15883.00982947537,2.084471691978831,2.482462867821062,0.959431303157554,6,19.235151528287226,23.518947264129,5,528.3956611582367,203.72826239129648,462.5633012414964,201532,7,2,1,False,True,furia-vs-betboom-m2-cache,pro,de_cache,201539,e1ccb1699e,m4a1_silencer,True,False,False,False,False,False,0.0,0.0,0.0,rifle,0.4234922828208745,False,201340
21.434287339312256,8.128008645496063,8.379956402964178,379.75,0.7069883314030191,0.2438402840897123,0.0388532829051512,32,13.892875562004154,4.803362980256091,18,1125.777125198133,96.94572857915682,291.04671711691367,247946,0,1,1,True,True,furia-vs-betboom-m2-cache,pro,de_cache,247946,52f704f8ce,awp,False,False,False,False,False,False,0.0,0.0,0.2007958889007568,sniper,0.42343730785546907,False,247754
101.47377880477173,27.323145592715367,2.372602881004139,6059.426834809234,1.5065614527560802,1.0423784212379883,0.5237947971748478,17,10.70520230814867,7.633464362171672,16,406.9122423073622,128.77105554699142,657.232095968524,101588,12,2,2,True,True,match730_003829380948349157814_1390656678_161,own,de_dust2,101600,ba3ac6a90d,tec9,True,False,False,False,False,False,44.0,0.0,0.0,pistol,0.42341605871316945,False,101396
567.0399576899242,81.97412560105113,34.76226870062457,15057.674909842612,2.4317967184519165,1.063668867372686,0.502826091573982,15,23.73213024754972,10.508646247678938,0,554.9316331834489,207.0845066372819,782.4681897225992,118465,45,8,3,False,True,luminosity-vs-nemiga-m1-cache,pro,de_cache,118510,f730a5e684,m4a1_silencer,True,False,False,False,False,False,0.0,0.0,0.0,rifle,0.4233693786273231,False,118273
51.25802612725307,8.121594404240884,37.61727489101162,1469.184770921329,3.7305166892369024,2.138176185521256,0.0811349970821807,0,49.474153406282895,28.324440110276004,0,750.0392428923576,165.47930033142748,668.4840215729735,86275,43,6,2,False,True,match730_003846087479924883540_0606572273_161,own,de_mirage,86318,a6d0004234,m4a1,False,False,False,False,False,False,56.0,0.0,0.0,rifle,0.4233208685493448,False,86083
117.93005179076964,18.92761789954853,25.445876052076237,3282.66773137101,1.0593530495801358,0.9992032341502692,0.7809563281924816,27,8.424236292872571,8.022956918156178,20,440.9966578462625,108.16847967524303,372.9979517096268,56993,0,1,1,True,True,match730_003845735833772490759_0956054515_272,own,de_inferno,56993,11a0f5ab5d,awp,False,False,False,False,False,False,54.0,0.0,0.0,sniper,0.4232423752699198,False,56801
181.4676770736432,70.45189270371863,35.17860323498798,5405.93084789269,0.0231224657464028,1.6048746344434932,0.0231224657464028,10,0.1748832437336627,11.791269753529464,8,311.94508255232813,218.37829883365745,306.07270847520846,120410,20,4,4,True,True,match730_003846055312767320440_2034169741_274,own,de_nuke,120430,f9d25d950a,ak47,False,False,False,False,False,False,20.0,1.0,0.0,rifle,0.42322279367081594,False,120218
96.75379606187772,18.24107895734011,22.60346679925246,2907.9296532266208,0.0997913248444476,2.65167456721736,0.0997913248444476,6,0.9003083779800017,24.23404030840637,5,516.7286361965917,210.52967158652223,426.8036768083973,78838,0,1,1,True,True,astralis-vs-fnatic-m2-ancient,pro,de_ancient,78838,ca06492643,awp,False,False,False,False,False,False,0.0,0.0,0.0,sniper,0.4231636401566791,False,78646
286.0940713494172,33.00286466690969,33.92450263165943,7960.060293190148,0.9129053890538372,1.819178786644552,0.8599236316920336,9,11.5857323387547,23.335432501927954,3,726.6802982280028,110.37329084175788,535.302634534172,97966,0,1,1,True,True,match730_003846095210866016783_0292086677_161,own,de_ancient,97966,b639457643,awp,False,False,False,False,False,False,42.0,0.0,0.0,sniper,0.42316018811890016,False,97774
53.74546393837731,24.71996295539393,28.647889405831634,1137.990250188761,9.350304132018673,4.460220992490278,1.0239429986222113,0,38.70564147008709,18.162274014236367,0,229.461047836743,190.84066620077147,694.3157763277751,74677,33,4,4,True,True,match730_003846087479924883540_0606572273_161,own,de_mirage,74710,26d15ffc47,glock,False,False,False,False,False,False,66.0,0.0,0.0,pistol,0.42309386476241084,False,74485
10.972014601603522,0.8210689463900219,3.7745257005345074,702.2089345026254,0.4022808491972415,0.4797847131329161,0.4022808491972415,30,9.192959648361755,11.009127920696262,15,1300.3903616988314,190.40305919341424,784.1497300010509,101546,0,1,1,True,True,match730_003846095210866016783_0292086677_161,own,de_ancient,101546,7bbb0d4a11,awp,False,False,False,False,False,False,18.0,0.0,0.0,sniper,0.4230710187948112,False,101354
256.1553209899236,27.35384961731454,19.14448983923749,5533.036232272361,0.3129520353624238,0.9005634759739936,0.2149878233202719,19,5.629231168039376,16.17844400102708,5,1024.1400144933946,125.64893852667184,557.7750963662622,32777,0,1,1,True,True,furia-vs-betboom-m1-mirage,pro,de_mirage,32777,52f704f8ce,awp,True,False,False,False,False,False,0.0,0.0,0.8467210531234741,sniper,0.4230431155837399,False,32585
291.40440816097777,42.17118847914044,95.71179109663755,18239.257122302577,3.128631077071953,4.046112180684511,1.725297150711897,0,11.612061815329984,16.20089028435496,6,207.97562766983648,211.46327715736317,1011.3062241058252,23801,44,4,3,False,True,aurora-vs-9z-m1-dust2,pro,de_dust2,23845,b793b85286,deagle,False,False,False,False,False,False,0.0,0.0,0.0,pistol,0.42291675569397075,False,23609
18.063142659459267,1.7930650736727112,3.000497179871328,791.9197012300272,0.4856395203569312,0.6764365304775433,0.48270828275456,63,8.40864940681416,11.744497106019155,10,990.707067585419,102.7371615450235,432.0854767686038,67599,0,1,1,True,True,match730_003846055312767320440_2034169741_274,own,de_nuke,67599,b3b8926d79,awp,False,False,False,False,False,False,26.0,0.0,0.0,sniper,0.4228801641984198,False,67407
96.5350388326422,24.547126143123958,61.10750983922096,4562.555706851698,1.4588207428459834,5.541509701981658,1.4588207428459834,3,22.05428096305705,85.30217807971164,0,859.5332059158584,111.30802827920084,338.5245216130077,82940,6,2,1,False,True,match730_003846224175849013887_1403891103_383,own,de_anubis,82946,bc3a159fd7,m4a1_silencer,True,False,False,False,False,False,74.0,0.0,0.0,rifle,0.4228179478477616,False,82748
418.6261573381393,65.1400353363862,89.97226331572705,13670.118714556813,0.9315425449277008,6.424437835108965,0.9315425449277008,3,5.741747683857628,41.555745268480784,3,349.4141596209848,201.84293378243683,183.2583698247236,44718,12,3,1,False,True,match730_003831793800846508273_1359762374_161,own,de_mirage,44730,60b48394d1,ak47,False,False,False,False,False,False,16.0,0.0,0.0,rifle,0.4227502356665004,False,44526
26.699696311223697,6.235577354389086,5.70416820715021,729.875,1.3534797331887507,1.559684662876394,1.3534797331887507,15,12.821230215590324,14.939316541467765,11,541.8851772308308,138.22512297946528,975.8242903988412,29010,0,1,1,True,True,luminosity-vs-nemiga-m1-cache,pro,de_cache,29010,3b306c71b2,galilar,True,False,False,False,False,False,0.0,0.0,0.0,rifle,0.4227065408736277,False,28818
243.37095500991745,55.102942580983886,2.837278421225197,8268.11075968112,5.924164903382184,5.242013805509883,2.12009605686865,0,27.53868731421034,25.47040385301469,0,261.8740491148065,145.99550179861666,66.53094467950395,74688,111,8,1,False,True,match730_003846087479924883540_0606572273_161,own,de_mirage,74799,27f0cb0ba9,usp_silencer,False,False,False,False,False,False,18.0,0.0,0.0,pistol,0.42255534172847975,False,74496
40.91485598430067,9.403308473603031,30.87236530890841,1438.5159727797509,3.320953815709667,3.560614298892509,2.2972529871037164,0,12.888562954777417,14.80992064033912,10,221.98954536960437,163.4001668018146,513.4092955489953,14579,6,2,2,True,True,astralis-vs-fnatic-m2-ancient,pro,de_ancient,14585,f100e9403c,galilar,False,False,False,False,False,False,0.0,0.0,0.0,rifle,0.42251011364384555,False,14387
318.46496620509487,25.40694267527412,10.254345335425942,9335.288476872933,2.3285259047964,2.463540895591618,2.323185625477925,25,26.330242276329,28.07599283859388,0,647.5082241972576,114.3287910268695,437.6356308340331,42425,0,1,1,True,True,match730_003846055312767320440_2034169741_274,own,de_nuke,42425,0218c18796,deagle,False,False,False,False,False,False,34.0,1.0,0.0,pistol,0.42250421034944907,False,42233
26.77718569029299,4.77419921668813,15.493483942301593,897.3886174895888,1.1161777159424466,2.5841524373177203,1.1161777159424466,5,11.300019799568306,26.203717904648663,3,579.8794569687814,128.84311270348587,262.81282360429634,94464,20,3,2,False,True,luminosity-vs-nemiga-m1-cache,pro,de_cache,94484,95f0d4db09,glock,True,False,False,False,False,False,0.0,0.0,0.0,pistol,0.4223291825777765,False,94272
152.29743509531082,46.48704668925252,110.22024600300044,4087.8711813172,8.892809201396346,15.17972866426641,8.892809201396346,0,28.214798031573388,54.310916772014274,0,178.0092765411906,223.5281281832934,433.6577326451791,51061,11,3,2,False,True,match730_003846055312767320440_2034169741_274,own,de_nuke,51072,1c9bd3c08e,galilar,False,False,False,False,False,False,33.0,0.0,0.0,rifle,0.4222872318718235,False,50869
249.44720673510184,19.30398565926525,1.9559178166129492,7935.799011043324,0.2929572584995099,1.169171341897609,0.2929572584995099,13,4.071643988276481,16.169148909443173,6,796.1747549138927,53.379389520051,597.7476315779618,82146,19,4,4,True,True,luminosity-vs-nemiga-m2-dust2,pro,de_dust2,82165,590a913841,m4a1_silencer,False,False,False,False,False,False,0.0,0.0,0.0,rifle,0.422270901669938,False,81954
52.49192762530552,15.331469882600826,3.73836505343052,1086.7993919039325,1.4049331728764174,1.1122489362367465,0.6630032257485001,20,20.60582486368678,16.528323604797812,0,827.4960056762528,50.55384544420568,233.4786196910517,103624,0,1,1,True,True,match730_003845848209444307084_2046226831_274,own,de_dust2,103624,3a84a7ef32,awp,False,False,False,False,False,False,59.0,0.0,0.0,sniper,0.42223376009598756,False,103432
123.3881759951205,17.10360821503737,13.117659101631654,3880.852299620275,1.240621830176314,0.8975439548050396,0.0713889430626788,33,29.08314860859109,20.9518505237442,0,1342.4336697396516,74.05081881035983,82.33031909074705,39858,44,6,1,False,True,match730_003833682433258029322_1216037504_161,own,de_dust2,39902,e2df927a56,galilar,True,False,False,False,False,False,24.0,0.0,0.0,rifle,0.4222282604065591,False,39666
322.0955937870275,106.04513361090972,37.1171292543535,7494.881685438585,7.465341527973337,7.577830607458845,1.8410857385430093,0,20.62740802984816,22.735631974333558,0,153.20747848057246,74.26897537968011,151.30423410052953,12030,29,6,2,False,True,aurora-vs-9z-m2-mirage-p1,pro,de_mirage,12059,4044fff327,galilar,False,False,False,False,False,False,0.0,0.0,0.0,rifle,0.42221857993404965,False,11838
521.6283064343667,111.65996980116309,27.79412086683909,12619.64166634706,0.6325653135723436,4.037081319792437,0.6325653135723436,5,6.5462593669105775,42.16935194624388,4,592.777342733437,158.3968361849702,567.759482038115,112816,0,1,1,True,True,match730_003846055312767320440_2034169741_274,own,de_nuke,112816,b9026ee78e,ak47,False,False,False,False,False,False,18.0,0.0,0.0,rifle,0.4221716788586357,False,112624
112.646528381683,25.93354996463073,7.631510416666667,3604.375,1.481792231216536,1.018760158865423,0.4909471131801815,32,14.71014623334888,10.193926867164116,20,566.0345167984236,19.1051335365885,141.4449739018085,131499,0,1,1,True,True,match730_003829380948349157814_1390656678_161,own,de_dust2,131499,f41ec87e6d,ak47,False,False,False,False,False,False,72.0,0.0,0.0,rifle,0.4221513940152289,False,131307
40.04112543513688,15.946739206600842,30.04986450671734,1083.6383945766715,1.5603352517221176,2.36381881644665,0.142803946116282,33,27.01618593156349,41.31392173830314,0,991.7111489727324,212.64414430264992,409.3712220018763,90926,98,13,5,False,True,match730_003846055312767320440_2034169741_274,own,de_nuke,91024,1c9bd3c08e,famas,False,False,False,False,False,False,33.0,0.0,0.0,rifle,0.42211838175433913,False,90734
552.7858233480739,50.40790003540639,97.3631329171106,15869.053486136694,4.591264037811382,5.3684002910442565,4.476302038559819,0,20.438133091744863,23.591982135939663,0,254.1854404036445,228.84423906634828,316.4168214954544,2863,6,2,1,False,True,aurora-vs-9z-m2-mirage-p2,pro,de_mirage,2869,6e8537eb46,m4a1_silencer,False,False,False,False,False,False,0.0,0.0,0.0,rifle,0.4220853036900895,False,2671
555.6068802521181,105.87288711587516,12.462903103863969,20314.428442543176,2.357360066709473,2.478260585878461,0.9220985810563412,2,14.752154217125977,16.28174255116209,2,358.34558833687544,146.36236197862513,439.6814311259771,72647,13,2,1,False,True,match730_003845735833772490759_0956054515_272,own,de_inferno,72660,8a33bc3a37,glock,False,False,False,False,False,False,20.0,0.0,0.0,pistol,0.4220745498390113,False,72455
174.5947265625,24.038690979421705,165.35361834927392,4599.126961448221,2.963823039005537,8.875209249063586,2.963823039005537,1,13.19213978723956,39.15986426426909,1,254.50278908213255,223.0403401625272,437.4238856243428,20029,29,6,3,True,True,match730_003846114907586035842_2006638891_196,own,de_mirage,20058,a0aa94d8fe,galilar,True,False,False,False,False,False,37.0,0.0,0.0,rifle,0.42185068185856595,False,19837
38.43862486643239,7.368256544937551,2.8399257961504776,1228.3872234023902,1.4795580909517352,1.243757298993205,1.0307776437815792,39,27.036104376622653,22.730213674690724,0,1036.010058723795,40.9433966462122,651.2104048162116,27446,6,2,2,True,True,luminosity-vs-nemiga-m1-cache,pro,de_cache,27452,3b306c71b2,galilar,True,False,False,False,False,False,0.0,1.0,0.0,rifle,0.4218333521564402,False,27254
704.53125,135.53874144564355,16.128125432277802,15935.079319301843,1.2033265430449558,2.254612527562585,0.7599345082303135,7,14.755717413432087,27.404775293200725,3,702.161494788077,83.06655670914192,418.0361771079192,128320,0,1,1,True,True,luminosity-vs-nemiga-m2-dust2,pro,de_dust2,128320,74c7d1f104,ak47,True,False,False,False,False,False,0.0,0.0,0.3430221974849701,rifle,0.4217885448418897,False,128128
44.725924200975534,10.302762796810187,7.604857552825415,1207.4595807922487,2.662635995692345,2.5996807949078464,1.3797519997533654,41,32.7812442333976,32.452355486484045,0,704.7927199675245,81.0988726508526,437.8635308921062,52493,26,5,3,False,True,match730_003845848209444307084_2046226831_274,own,de_dust2,52519,d9f31878b9,ak47,False,False,False,False,False,False,57.0,0.1389361023902893,0.0,rifle,0.42175823959269815,False,52301
36.99881165116837,10.692407915221304,19.420101585423865,1102.6747590138284,0.9341490055957974,1.0801913119498812,0.5583126259143448,20,8.73702507477774,10.26676181183384,17,535.7633476831514,188.76495620626056,810.7079665267303,14890,15,2,2,True,True,luminosity-vs-nemiga-m1-cache,pro,de_cache,14905,798c33b296,fiveseven,True,False,False,False,False,False,0.0,0.0,0.0,pistol,0.4217426051849461,False,14698
55.20230971770063,14.374826373618196,50.40790330035306,1659.6874232151008,0.5937523034309489,2.7700196514037905,0.1365226198578888,5,5.784691981299767,27.16709411415338,4,555.854166635871,177.93657752487553,718.9927880425339,85753,0,1,1,True,True,match730_003833682433258029322_1216037504_161,own,de_dust2,85753,c782b3ec74,awp,False,False,False,False,False,False,70.0,0.0,0.1923894882202148,sniper,0.4216823939771056,False,85561
63.207845459247366,25.123149652963555,46.76319369418736,1119.6147348965233,0.735443254364231,0.8723696069411474,0.2918510887049734,16,6.7073601357255335,7.716460589403951,15,522.4993413967791,220.11896397620757,582.2061271956076,95000,25,5,5,True,True,aurora-vs-9z-m1-dust2,pro,de_dust2,95025,ac7afcf085,m4a1_silencer,False,False,False,False,False,False,0.0,0.0,0.0,rifle,0.42153836135270356,False,94808
637.8761184147339,94.43537577553892,9.58544493864986,18515.118607076674,0.64151038320497,1.520146737110197,0.4452803376085841,9,7.598086211050829,18.21960159996892,6,676.2128685641788,81.27970236270568,224.5167116549381,158958,0,1,1,True,True,luminosity-vs-nemiga-m2-dust2,pro,de_dust2,158958,f730a5e684,tec9,True,False,False,False,False,False,0.0,0.0,0.0,pistol,0.4215334585632022,False,158766
132.46128424979037,32.885076204829744,1.9578633311631997,2889.92636434057,0.4265357014103413,0.7071181048251385,0.1435560989486172,15,10.035156186736891,16.636585941725265,7,1319.5886785948526,107.48034167661734,375.27930248832354,30393,0,1,1,True,True,match730_003846055312767320440_2034169741_274,own,de_nuke,30393,1c9bd3c08e,ak47,True,False,False,False,False,False,33.0,0.0,0.0,rifle,0.42147393293858965,False,30201
60.6219174889363,12.530114519552168,2.656949797555844,1576.763691005262,1.5791108069854765,1.2828985489171023,0.3266675650561448,43,27.24985881796816,22.42027165374012,0,988.2875034503272,144.1728793794643,865.0076459686967,100514,28,6,4,True,True,astralis-vs-fnatic-m2-ancient,pro,de_ancient,100542,dd32420517,m4a1,False,False,False,False,False,False,0.0,0.0,0.0,rifle,0.4213478326251598,False,100322
369.3260875454784,115.66649353315492,40.01646665424845,7302.999291031785,0.485729702582048,1.7825303706155409,0.485729702582048,8,5.082560577076113,18.287250577596836,6,586.2756000221374,143.89464536289236,229.2491835544344,113602,34,4,3,False,True,match730_003833678395988770820_2132169428_161,own,de_dust2,113636,9517c1c552,usp_silencer,False,False,False,False,False,False,78.0,0.0,0.0,pistol,0.4213348097839691,False,113410
434.5305426511251,36.33249814580964,57.081003788069005,14832.791633712382,1.0532544663997232,4.588263768282873,1.0532544663997232,3,14.41048680679098,62.9757164389758,2,775.1253382097195,96.27039595813326,307.4570199227409,28265,13,3,2,True,True,aurora-vs-9z-m2-mirage-p2,pro,de_mirage,28278,6e8537eb46,ak47,True,False,False,False,False,False,0.0,1.0,0.0,rifle,0.42125716254857526,False,28073
447.3646835337814,48.220615526518095,15.21879042011802,11598.809272737775,0.9249077306049296,1.1557793096302835,0.5378475131315927,25,11.137284991466798,13.924465885750152,12,689.8116002806671,133.9209090944207,347.619868080821,43222,0,1,1,True,True,furia-vs-betboom-m2-cache,pro,de_cache,43222,867e1a2fd2,ak47,True,False,False,False,False,False,0.0,0.0,0.0,rifle,0.42123055924307184,False,43030
732.1806358500831,71.79599462100528,10.948970610018192,16277.50905686444,2.482380071877381,4.45768787875664,2.4801836830196806,4,21.836675384769222,39.28316172026069,0,490.2707401907479,65.92742983102096,78.76239116239589,165696,13,3,1,False,True,luminosity-vs-nemiga-m2-dust2,pro,de_dust2,165709,590a913841,ak47,False,False,False,False,False,False,0.0,0.3896090984344482,0.4709159135818481,rifle,0.4212214699189228,False,165504
64.83642021943638,45.56315933945854,18.432846720493878,1715.1166806241986,0.3707177088447352,1.0544482491898215,0.3707177088447352,18,3.9183616582172354,10.917019355604744,16,600.9664426385581,122.71272028907592,352.8143769183042,5701,25,4,3,True,True,luminosity-vs-nemiga-m2-dust2,pro,de_dust2,5726,95f0d4db09,elite,True,False,False,False,False,False,0.0,0.0,0.0,pistol,0.42118143677264697,False,5509
133.42163290342924,22.542216159046404,2.4310052999482017,2180.3653207286525,1.6127393630637177,1.6462924612121237,1.5132020445041845,14,13.723490087721665,13.999142114184306,11,487.2626776116352,98.79117920488196,172.4468236795306,217169,0,1,1,True,True,luminosity-vs-nemiga-m2-dust2,pro,de_dust2,217169,456b773fab,awp,False,False,False,False,False,False,0.0,1.0,0.4695203304290771,sniper,0.42117742525859997,False,216977
306.2096723512621,44.16619726612865,7.243251807028791,12664.176807921587,0.4766454751875162,1.4941374239144702,0.4766454751875162,10,9.827682153051336,31.171943945274197,4,1176.0742836400862,109.5952580084707,241.32788283835157,66337,7,2,1,False,True,aurora-vs-9z-m1-dust2,pro,de_dust2,66344,7a9df6b20d,m4a1_silencer,True,False,False,False,False,False,0.0,0.0,0.0,rifle,0.4210579554421765,False,66145
57.79105853049795,19.290035659863506,48.53745961508554,1269.5645001445546,1.134685229333392,2.9028616739939275,0.409077785176949,5,15.862499374921104,40.74734186741208,1,800.862475453005,155.64826513016,213.796696907067,95200,5,2,2,True,True,luminosity-vs-nemiga-m2-dust2,pro,de_dust2,95205,524f4d4415,mp9,False,False,False,False,False,False,0.0,0.0,0.0,smg,0.4210478691884466,False,95008
169.35303764265691,22.074488576109985,144.84822735804144,3032.5799480046608,1.8405516398063064,8.74424621432455,1.8405516398063064,1,9.118086169901623,48.24371490840827,2,260.5592611981815,240.2071885248842,822.8276635113193,3528,22,3,2,False,True,match730_003829380948349157814_1390656678_161,own,de_dust2,3550,f3383df9e7,usp_silencer,True,False,False,False,False,False,41.0,0.0,0.0,pistol,0.4210407045175006,False,3336
156.4787552036318,19.826136977936912,9.733789566790788,4816.90212885793,0.6145387454105147,0.472674917653482,0.0444062193404957,33,13.40674243336005,10.31200524751318,9,1249.6781963051806,48.68306293727957,109.65192266143748,49839,0,1,1,True,True,match730_003845735833772490759_0956054515_272,own,de_inferno,49839,8b02ca5490,awp,False,False,False,False,False,False,32.0,1.0,0.0,sniper,0.42102519845439995,False,49647
67.6933423565106,10.425754916047117,28.82278718766068,2364.968878165801,0.4731680118223498,1.0948604033184204,0.4731680118223498,10,2.637321001907831,6.378379228492575,10,318.9784612622579,112.13292790203836,443.9203467845117,80811,26,5,4,False,True,match730_003845735833772490759_0956054515_272,own,de_inferno,80837,132f8af47c,m4a1_silencer,False,False,False,False,False,False,11.0,0.0,0.0,rifle,0.420874039416271,False,80619
124.24838087784634,10.613745508033102,19.088136419493,4837.171423353348,0.5659130864748245,0.4146888118762858,0.1207786171393001,27,9.619005415964397,7.056093598488644,16,973.714754271578,131.02348798571907,556.2366128824814,82084,13,3,3,True,True,luminosity-vs-nemiga-m2-dust2,pro,de_dust2,82097,590a913841,m4a1_silencer,True,False,False,False,False,False,0.0,0.0411499515175819,0.0459207072854042,rifle,0.4207586385203885,False,81892
394.762517441915,75.91510789835587,17.64876902358608,25264.80111628256,2.59294108656512,4.519217229705903,2.59294108656512,4,12.13817073245768,21.23426944646493,4,267.7261833853599,99.42953464853588,488.55880984811375,52625,6,2,2,True,True,match730_003846055312767320440_2034169741_274,own,de_nuke,52631,b3b8926d79,m4a1_silencer,False,False,False,False,False,False,26.0,0.0,0.0,rifle,0.42071334801424354,False,52433
224.58932314377077,45.519887590343,173.3947480881453,7214.030991640595,2.5625155715602643,7.743871490093118,2.5625155715602643,2,13.54471135476074,39.54238331648333,2,263.54073177183386,123.21121816012236,181.55378805095552,193187,0,1,1,True,True,furia-vs-betboom-m2-cache,pro,de_cache,193187,372a892754,m4a1,True,False,False,False,False,False,0.0,0.0,0.0,rifle,0.4207027000623637,False,192995
450.7588994347808,53.409647647959765,18.499417730411835,12109.024706942168,0.8014549278483063,2.1098981992351176,0.7175022334462348,7,4.185312692639791,11.43628835939218,9,299.0145925438407,210.39656625983736,1021.8307171664696,27754,38,7,2,False,True,match730_003829380948349157814_1390656678_161,own,de_dust2,27792,40a412aa4d,ak47,True,False,False,False,False,False,102.0,0.0,0.0,rifle,0.420594594682673,False,27562
313.48676979706664,30.817642150824827,7.602864583333333,9307.497582634282,2.6058269656555897,4.064713909748889,0.1865774925225395,7,33.73010298755821,54.792673272706125,0,740.9792896122354,176.53204512675595,942.842098178705,200713,25,5,3,False,True,luminosity-vs-nemiga-m2-dust2,pro,de_dust2,200738,3b306c71b2,ak47,False,False,False,False,False,False,0.0,0.0,0.0,rifle,0.420574652518085,False,200521
52.77911493693316,16.80349838469825,14.714979128504355,1063.93675973452,0.3461001973541722,0.6984100559566482,0.3461001973541722,15,8.739537820158509,17.786693173944073,6,1446.6996962295616,219.9261069583349,1073.218560669827,100587,34,7,5,True,True,astralis-vs-fnatic-m2-ancient,pro,de_ancient,100621,dd32420517,m4a1,False,False,False,False,False,False,0.0,0.0,0.0,rifle,0.42038013202372776,False,100395
22.138877869713227,7.674830681902573,8.974845458126772,763.7740449959765,0.7630242343327303,1.1424914267414674,0.7630242343327303,39,13.974801847087194,20.92779434564668,3,1045.3195657299393,102.45575816825158,416.0476577630869,22989,13,3,2,True,True,match730_003845735833772490759_0956054515_272,own,de_inferno,23002,c0d4e00ddc,ak47,False,False,False,False,False,False,4.0,0.0,0.0,rifle,0.42037254729413776,False,22797
171.2256043286324,16.35353571109499,20.29949997109507,7714.893781662403,4.763155721197945,4.6871502154553655,2.427181307110757,0,54.27097203341588,53.432734193800215,0,651.1875040973719,180.2794540745312,315.5741094578709,31577,96,16,4,False,True,match730_003846224175849013887_1403891103_383,own,de_anubis,31673,2f550dd2cf,ak47,False,False,False,False,False,False,73.0,0.0,0.0,rifle,0.4202477265645318,False,31385
65.1398010421399,15.24723825386742,50.63883437912772,1456.7555727960666,1.6641785442297732,2.5771674923348207,0.7841014881971565,38,12.049459263375455,18.48799834923025,4,404.6745661990086,127.68959612599564,179.65438910515456,24838,0,1,1,True,True,furia-vs-betboom-m2-cache,pro,de_cache,24838,52f704f8ce,ak47,True,False,False,False,False,False,0.0,0.0,0.0,rifle,0.42023968493218083,False,24646
29.877337328404387,7.244163282879856,1.921184142270005,878.1227187043892,0.3776236645968788,0.4105698262289475,0.3776236645968788,62,8.399769971015154,9.13265229461243,15,1274.397012000662,0.0,630.3564885683759,50271,0,1,1,True,True,match730_003845721267390906757_0873910189_273,own,de_anubis,50271,6b4b6c808f,awp,False,False,False,False,False,False,31.0,0.0,0.0,sniper,0.4201877939734692,False,50079
26.470387035490333,3.047705759263952,14.21515880627931,1381.028050877297,1.7422500966651957,2.336046371043943,1.7422500966651957,15,26.27025681243049,35.22938640981764,0,863.3363630233587,50.66430733584279,550.5861347452419,140982,0,1,1,True,True,luminosity-vs-nemiga-m1-cache,pro,de_cache,140982,456b773fab,ak47,True,False,False,False,False,False,0.0,1.0,0.0,rifle,0.42017581534410914,False,140790
67.412109375,9.474843264830495,5.584638006640055,1918.125,2.251070582234599,2.6163530591975497,2.2020333353306216,9,35.47418837760482,41.3247097857968,0,902.2442779215038,21.98495163866341,328.254140571054,32518,9,3,1,False,True,match730_003831793800846508273_1359762374_161,own,de_mirage,32527,237144b7d2,mac10,False,False,False,False,False,False,42.0,0.0,0.0,smg,0.4201536753000208,False,32326
42.36776470204055,11.370359235348786,23.71815387286222,2711.5369409305954,1.376587041270389,1.6859335243188478,0.625457298055346,44,13.67435606736074,16.853991371502776,13,564.7421430509288,95.0750460934788,131.91654190412626,28745,0,1,1,True,True,match730_003846224175849013887_1403891103_383,own,de_anubis,28745,bc3a159fd7,ak47,True,False,False,False,False,False,74.0,0.0,0.0,rifle,0.42007795434456924,False,28553
193.18359375,23.29240788027575,18.730867444818088,12363.75,0.6388024469039232,2.988210405199092,0.6388024469039232,5,10.445449908374275,48.858542271657015,3,925.1223626136232,96.68106564642586,131.92005259508775,147747,5,2,2,True,True,aurora-vs-9z-m1-dust2,pro,de_dust2,147752,ac7afcf085,mac10,False,False,False,False,False,False,0.0,0.0,0.0,smg,0.4200635990170713,False,147555
21.53685298928627,5.603707883730719,20.231584723625165,770.8879215562702,0.7677251987253106,1.4471778247887943,0.2799724085031754,29,16.57001348075672,31.246785780871488,1,1236.4808943643795,186.67213477674247,1062.8570195570117,17065,0,1,1,True,True,match730_003846224175849013887_1403891103_383,own,de_anubis,17065,9c0b0079af,awp,False,False,False,False,False,False,53.0,0.8792953491210938,0.0,sniper,0.42004899686444286,False,16873
74.53488366568126,18.591428938232504,4.252088776567764,1891.371173430204,0.0859863887296649,0.4696492157306426,0.0852531125666568,17,1.8149750051084537,9.94820276326042,10,1207.6440130869623,76.74857083964935,376.29109363631954,102987,0,1,1,True,True,luminosity-vs-nemiga-m1-cache,pro,de_cache,102987,c4ceacecd8,m4a1_silencer,False,False,False,False,False,False,0.0,0.0,0.0,rifle,0.41998789494855104,False,102795
295.685546875,20.68408228926673,12.293969326745488,10879.263682235403,0.4771179106839131,1.697288595004299,0.4771179106839131,9,8.578530855670682,30.617621539876342,7,1030.0688723016674,27.863139959070523,213.0159127998776,18892,12,3,3,True,True,furia-vs-betboom-m2-cache,pro,de_cache,18904,c1aa9f613a,m4a1,True,False,False,False,False,False,0.0,0.0,0.460202693939209,rifle,0.4199763492424465,False,18700
51.18040918369259,4.078727728274574,5.947126417335159,2383.407176376933,1.743543457340743,2.7798501047095217,0.7319623987325482,5,14.267976095699968,23.46690006354682,5,468.6393877851875,52.14941783733091,261.2542416709791,3314,0,1,1,True,True,match730_003845735833772490759_0956054515_272,own,de_inferno,3314,baaaf134bc,glock,True,False,False,False,False,False,15.0,0.0,0.0911410823464393,pistol,0.4199729685746927,False,3122
57.202667259504274,23.20445531281792,20.40191531122295,2099.5992671773847,0.915266314169689,0.9690711096630776,0.4695801972593723,11,14.491099283498604,15.152795087371269,8,906.9986240365688,220.7748797827431,530.3862925639601,93774,16,4,3,True,True,match730_003833682433258029322_1216037504_161,own,de_dust2,93790,e2df927a56,mp7,False,False,False,False,False,False,24.0,0.0,0.0,smg,0.41990600169815306,False,93582
51.93540715569672,10.109557558408769,19.016947016269544,2520.626971236521,0.9240947410572238,1.7765974054805649,0.9240947410572238,52,16.103932402914143,31.34635764269932,1,988.5751439275936,69.09616447868945,549.7391412459273,147522,32,6,4,False,True,aurora-vs-9z-m1-dust2,pro,de_dust2,147554,6e8537eb46,ak47,False,False,False,False,False,False,0.0,0.0,0.0,rifle,0.4198459980983492,False,147330
380.7519265828699,49.10793857128562,110.82354607779916,16671.679372043225,5.457002133263868,9.4453421423039,1.5304129338083998,0,15.277317040190823,28.218854934522835,1,158.68144888299912,136.14780037879672,421.1111902588427,130812,36,9,3,False,True,match730_003829380948349157814_1390656678_161,own,de_dust2,130848,0ecd5d7027,mp9,True,False,False,False,False,False,74.0,0.0,0.2900540828704834,smg,0.41982821540224086,False,130620
96.46312270389237,17.657483712624014,16.96005134252091,5446.933859765166,3.368579881687799,4.290743090613112,3.116628490201019,0,47.5606384913003,60.34073062092418,0,807.708159186514,0.0,557.8290335977337,18607,97,10,2,False,True,match730_003845735833772490759_0956054515_272,own,de_inferno,18704,68a903afd4,glock,True,False,False,False,False,False,32.0,0.0,0.0,pistol,0.4198000304123175,False,18415
14.20034185320423,5.584509179112168,11.447420514183063,471.7835792557091,0.1783367815128471,0.6198909118068986,0.1783367815128471,30,2.984724222925468,10.583726472580535,18,958.5450094014692,241.9779217118057,721.6527413353775,31366,0,1,1,True,True,match730_003846095210866016783_0292086677_161,own,de_ancient,31366,c8d7238405,awp,False,False,False,False,False,False,25.0,0.0,0.0,sniper,0.4197308675689786,False,31174
64.23312275750894,17.03062947238494,22.63519608146997,1675.390532085713,0.1091965861099215,1.7691637228921593,0.0406172812848018,8,2.474509293791869,40.11586783580417,3,1276.5527696511238,80.55827089030839,90.34911761756878,87373,0,1,1,True,True,furia-vs-betboom-m2-cache,pro,de_cache,87373,6c3df85cda,ak47,True,False,False,False,False,False,0.0,0.0,1.0,rifle,0.41965970435642264,False,87181
36.22040724562776,6.98022058185977,2.3291015625,895.8125,2.23786617154888,1.7925838101462368,1.1150135941820885,33,25.1134594910268,20.077244510431505,0,642.5219662807431,102.95511999750305,122.25539407453688,65509,12,3,3,True,True,match730_003846055312767320440_2034169741_274,own,de_nuke,65521,f9d25d950a,m4a1_silencer,False,False,False,False,False,False,20.0,1.0,0.0,rifle,0.41954242411638193,False,65317
105.32267100857892,8.989063284473477,79.15293370084206,4496.362607319406,2.4796060350406424,4.821129099072502,0.116216228310723,2,29.202964052119075,57.31769679074771,0,669.0400209886734,220.06641799715976,497.8989895451851,98671,13,2,1,False,True,furia-vs-betboom-m1-mirage,pro,de_mirage,98684,0f3b1e9da0,glock,False,False,False,False,False,False,0.0,0.0,0.0,pistol,0.41947092624638205,False,98479
36.21516217686429,14.639902228169577,3.770582180796272,1084.3647583732893,5.0843249487276365,4.127635328561974,3.461852294052785,0,21.437226332371857,18.17838761402765,0,240.2951381914084,223.3278699961075,562.936541084714,85265,0,1,1,True,True,match730_003833678395988770820_2132169428_161,own,de_dust2,85265,b2feea7c7d,deagle,True,False,False,False,False,False,24.0,0.0,0.0,pistol,0.4194125059721569,False,85073
198.69921875,82.79746631212439,53.38931501578204,8300.236957221652,3.201901886980516,5.852989051022002,3.201901886980516,0,37.30157583025673,69.73186616858956,0,659.0596913398624,189.53690019467533,670.5419305583737,107035,70,12,5,False,True,match730_003831793800846508273_1359762374_161,own,de_mirage,107105,8a33bc3a37,m4a1_silencer,False,False,False,False,False,False,7.0,0.0,0.0,rifle,0.4193753905000056,False,106843
59.415687585961344,24.463849319002517,17.68188341478415,1177.1615569527412,3.904479795271009,4.118788908937442,3.416180291190492,0,43.59679320378225,46.78073331574781,0,576.4420801579411,33.55355520583895,202.50993406867588,75925,32,4,3,False,True,match730_003846055312767320440_2034169741_274,own,de_nuke,75957,f9d25d950a,glock,False,False,False,False,False,False,20.0,0.0,0.0,pistol,0.41936402582655563,False,75733
573.8115250388363,57.324931336202816,22.38177482199636,17716.755853108225,2.914042367126941,1.7770305003863704,1.118998044617557,17,24.18016875935513,14.744729276001868,0,474.8417219764488,98.02384096561508,196.9625721132292,69314,19,4,3,False,True,match730_003846114907586035842_2006638891_196,own,de_mirage,69333,1c49a0cc75,ak47,True,False,False,False,False,False,20.0,0.270532876253128,0.0211400985717773,rifle,0.4192563640141764,False,69122
188.7058483299039,82.62450572396739,89.4068033823686,4956.047019913778,8.76646657761108,7.262363905224404,5.00318008048916,0,26.68535589446744,21.85471447338468,0,172.3262715490318,17.673775617558753,17.327215799143644,4182,48,6,1,False,True,luminosity-vs-nemiga-m2-dust2,pro,de_dust2,4230,95f0d4db09,glock,True,False,False,False,False,False,0.0,0.0,0.0,pistol,0.41922152005520924,False,3990
150.01540081117477,60.6997481676096,15.630749787501548,3984.432982989833,8.406428474163285,9.094398761977732,4.553174197918774,0,65.27742925163926,71.74614164634565,0,439.94826437049153,86.65182140748797,203.14400420133828,47160,23,6,2,False,True,astralis-vs-fnatic-m2-ancient,pro,de_ancient,47183,fe19e6103c,mp9,True,False,False,False,False,False,0.0,0.0,0.0,smg,0.41920039057337627,False,46968
49.833984375,12.14384682240941,6.172616325935493,1600.49467463611,0.2829729558877878,0.4361470130026353,0.2620611217870522,34,5.5806440328395865,8.60796052020238,13,1129.7922861949114,18.48296994023596,26.16253876826753,86138,29,6,5,True,True,match730_003833682433258029322_1216037504_161,own,de_dust2,86167,296e119cfc,famas,False,False,False,False,False,False,98.0,0.0,0.0,rifle,0.41912967721560934,False,85946
61.37676416724593,19.06884269534032,1.1354166666666667,2728.61290670374,0.5809196652231409,0.8156714865667587,0.5809196652231409,12,10.978289806690183,15.417828548182433,8,1078.1644982845503,94.74103335094723,384.79767986203217,44920,5,2,2,True,True,match730_003829380948349157814_1390656678_161,own,de_dust2,44925,844038e231,m4a1,True,False,False,False,False,False,40.0,0.0,0.0,rifle,0.41886989916190004,False,44728
80.41200133776421,16.3832820965176,2.4537760416666665,2292.36926633148,0.9316803929963994,0.9921928217326604,0.922044977137882,20,17.61224729015565,18.758038222461472,17,1082.9937305395297,26.533396480771373,284.05854906268473,37442,0,1,1,True,True,match730_003829380948349157814_1390656678_161,own,de_dust2,37442,40a412aa4d,ak47,False,False,False,False,False,False,104.0,0.3398094177246094,0.0,rifle,0.4188579729903149,False,37250
513.9147795644651,80.46345025893999,15.331511569623313,19476.41606854341,2.734766399775017,3.2740620154992897,0.967528360746727,3,18.636525148002605,22.35181070680872,3,389.9079493866515,48.087712069920485,598.4482955404791,100486,29,7,4,False,True,astralis-vs-fnatic-m2-ancient,pro,de_ancient,100515,3f5c0f1ef2,mac10,False,False,False,False,False,False,0.0,0.0,0.0,smg,0.4188412899769699,False,100294
478.8989148014747,93.40529879863718,5.89926848052135,14359.292960592627,1.191117768833402,4.523505510983606,1.191117768833402,3,8.039589503236032,29.45039323065685,3,386.47939862581023,130.9785010452428,186.23857564948085,70030,54,7,2,False,True,match730_003833678395988770820_2132169428_161,own,de_dust2,70084,9517c1c552,tec9,True,False,False,False,False,False,79.0,0.0,0.0,pistol,0.4188215372634578,False,69838
25.182110349415947,2.1779374577695387,19.70950143857561,579.7242876762504,0.4905082050739382,1.5334706961378983,0.4905082050739382,36,8.904966955304142,28.104237588118167,3,1039.68215622218,122.59080863935525,1010.0302593386282,17395,0,1,1,True,True,astralis-vs-fnatic-m2-ancient,pro,de_ancient,17395,c023f685ab,awp,False,False,False,False,False,False,0.0,0.0,0.0,sniper,0.418744498472428,False,17203
125.54798165327956,12.868720279319724,15.74349897456338,4951.227887278285,0.695035773062123,0.6995524848525732,0.192189043258059,25,14.49903313544401,14.59808835892556,16,1195.111170793201,71.52184793675721,734.3786658159823,36801,13,3,1,False,True,match730_003846224175849013887_1403891103_383,own,de_anubis,36814,0c250789aa,ak47,True,False,False,False,False,False,62.0,0.0,0.0,rifle,0.41869194330240506,False,36609
207.0558724417873,30.375357323613635,1.4867152862590434,8300.137834920639,2.2108245906361463,2.0772708128586403,1.4457889988733257,17,23.84382551329373,22.409839983914168,0,617.5240265335634,107.06810622165268,496.5159833523933,10278,6,2,1,False,True,match730_003833682433258029322_1216037504_161,own,de_dust2,10284,8a33bc3a37,m4a1_silencer,True,False,False,False,False,False,9.0,1.0,1.0,rifle,0.4186020337836523,False,10086
449.0929739734819,110.03049998889594,25.06420878526872,8907.036403099377,1.3802585146282291,2.6561218531324107,1.3802585146282291,7,19.805897565683363,37.974219336420255,1,803.3313145577531,1.7159650914321372,183.23347319971413,209583,13,3,2,False,True,furia-vs-betboom-m2-cache,pro,de_cache,209596,a7745f74db,ak47,True,False,False,False,False,False,0.0,0.0,0.0,rifle,0.41855684355419687,False,209391
320.3356984977723,68.60777845976433,10.851354935960591,10582.778240768894,2.210210867146706,2.5475947608893503,2.1957776719444606,10,10.871839780540432,13.07488027499302,11,278.9524304945968,98.66826422767998,158.71761154710796,77803,13,3,3,True,True,match730_003845721267390906757_0873910189_273,own,de_anubis,77816,6b4b6c808f,ak47,False,False,False,False,False,False,31.0,0.0,0.0,rifle,0.4185328749641464,False,77611
65.06238191650698,7.417719148189663,39.44619006239149,3143.8141340995558,0.6151892596633479,1.6730336072273282,0.2459260856029261,36,11.290482711655075,30.74020376260439,2,1047.3916662833187,223.67690031105184,670.3115249113318,40349,7,2,1,False,True,match730_003829380948349157814_1390656678_161,own,de_dust2,40356,ba3ac6a90d,ak47,True,False,False,False,False,False,44.0,0.0,0.0,rifle,0.41845506446155945,False,40157
44.85773631112038,3.086020243387263,27.76505405750575,1694.923823241488,1.3448449742797246,1.8281479899714583,1.192153489054959,35,21.149724533216983,28.866232174431264,0,899.6702863378151,102.43119904885891,241.36772375565056,47338,13,3,1,False,True,furia-vs-betboom-m1-mirage,pro,de_mirage,47351,0f3b1e9da0,m4a1_silencer,True,False,False,False,False,False,0.0,0.0,0.0,rifle,0.4184317078923284,False,47146
580.5366638238353,93.09329565816084,41.46443180277218,17658.95739444952,0.7335591860221325,2.1010269098664374,0.7335591860221325,14,8.539512702783254,24.56119211050637,3,666.864816378799,141.24899864053071,310.3896824559731,92028,0,1,1,True,True,astralis-vs-fnatic-m2-ancient,pro,de_ancient,92028,95b933ed7c,usp_silencer,True,False,False,False,False,False,0.0,0.0,0.0,pistol,0.41835047353839233,False,91836
702.5777373964489,68.44679198013674,11.157142741123522,19019.02081574876,1.9829830915734885,2.2865337807470167,1.1474709704548047,8,16.859108716008702,19.41626611209768,7,486.63671493031535,131.21023192185817,215.12752303187776,92694,91,8,3,False,True,astralis-vs-fnatic-m2-ancient,pro,de_ancient,92785,f100e9403c,usp_silencer,True,False,False,False,False,False,0.0,0.0,0.0,pistol,0.4183057451583481,False,92502
217.82209200214444,23.956239032389867,1.8313802083333333,5154.363888137244,1.922121575428367,1.834676556093392,1.402445389979163,10,14.854711973474332,14.438277329305546,9,442.4582473745175,222.39816280699532,722.2352942340566,23673,6,2,2,True,True,match730_003833682433258029322_1216037504_161,own,de_dust2,23679,c2d6ff7eff,ak47,False,False,False,False,False,False,48.0,0.3276586532592773,0.0,rifle,0.4182052494099986,False,23481
110.99201953827168,19.178602583930555,65.79951452676892,3005.0922768012924,10.089410550607116,11.070949369013343,0.1864392405483117,0,46.39399131758252,54.219476209150514,0,260.33490743172297,79.77037083076178,78.87710382580839,11933,45,8,4,False,True,match730_003846095210866016783_0292086677_161,own,de_ancient,11978,bea1536d33,m4a1_silencer,False,False,False,False,False,False,37.0,0.0,0.5855906009674072,rifle,0.41809364470264754,False,11741
110.07461802281824,27.53422156421035,46.86067302375415,4416.939766571932,7.03210265356427,8.385208382939101,4.678443666334581,0,53.57895995133367,63.976602056724325,0,432.92915635534575,175.09772971784332,888.8775725201498,116841,44,4,1,False,True,match730_003846095210866016783_0292086677_161,own,de_ancient,116885,b639457643,deagle,True,False,False,False,False,False,42.0,0.0,0.0,pistol,0.4179807088727082,False,116649
122.1274119737318,25.71488959739824,45.683744256847,3245.079607235913,1.2671320115988305,3.5136112442243097,0.891301576149925,4,15.193009314204328,42.461783236618736,2,675.6577232554934,87.9313162255863,498.5173435919307,52301,0,1,1,True,True,match730_003846087479924883540_0606572273_161,own,de_mirage,52301,7a2108eafc,ssg08,True,False,False,False,False,False,19.0,0.0,0.0,sniper,0.41788940604473246,False,52109
423.7490692803618,109.18491947888506,58.71016148350159,9260.510613474566,3.698449428238244,7.338189381044847,3.6372082952287217,0,20.97414792106048,42.68381867630576,0,243.55572375132164,94.1758140189159,251.55901328264983,75146,6,2,1,False,True,furia-vs-betboom-m1-mirage,pro,de_mirage,75152,52f704f8ce,ak47,True,False,False,False,False,False,0.0,0.0,0.0,rifle,0.41786504808487424,False,74954
77.73522159287934,6.803465349932528,57.47872646336818,3137.054181944278,4.184343756447363,7.316467597629725,1.3975831803962415,0,32.22063074956532,58.65893606140577,0,439.1177931465529,221.9883583418396,425.7271268732113,77968,52,10,1,False,True,match730_003846114907586035842_2006638891_196,own,de_mirage,78020,9f5f4034b1,galilar,True,False,False,False,False,False,13.0,0.0,0.0,rifle,0.4177617143074451,False,77776
58.14932089988811,16.494654811023295,11.04027318187213,1626.123615285709,0.1045291064056021,0.5561464008148901,0.1045291064056021,32,1.971144656325489,10.47972664494412,9,1080.3710322975137,69.498935102993,224.91361335629847,63503,0,1,1,True,True,furia-vs-betboom-m2-cache,pro,de_cache,63503,4acdd8fa23,m4a1,True,False,False,False,False,False,0.0,0.0,0.4903743863105774,rifle,0.4177045383413896,False,63311
29.97736292951746,7.518009761773112,21.495173753234862,1242.0512274891175,0.8856941468006927,1.1870581822985242,0.880558397093684,19,8.323665052503687,11.414159512616967,16,538.2649465178679,224.1329263904521,265.63341387968586,198237,0,1,1,True,True,furia-vs-betboom-m2-cache,pro,de_cache,198237,a7745f74db,ak47,True,False,False,False,False,False,0.0,0.0,0.0,rifle,0.41758857838773683,False,198045
366.5699557512828,44.96658146093676,14.29466696466247,5765.402382949831,1.1472945766934624,1.3112127813379777,0.4975127256466494,14,9.112734285452913,10.543449199972525,13,448.9652562307507,239.08302540692733,1170.1718986320066,139948,6,2,2,True,True,luminosity-vs-nemiga-m2-dust2,pro,de_dust2,139954,798c33b296,m4a1_silencer,False,False,False,False,False,False,0.0,0.0,0.0,rifle,0.41758056548984845,False,139756
22.90473714414942,4.464322940042738,18.28756614269293,925.7037668796032,2.377825974954709,1.9823069401613933,1.6954771170595844,16,32.755406062034105,27.441859224314687,0,785.732808535546,50.750583527276845,133.5413536288445,29140,13,3,1,False,True,aurora-vs-9z-m1-dust2,pro,de_dust2,29153,6e8537eb46,ak47,False,False,False,False,False,False,0.0,0.0,0.0,rifle,0.41755246544247543,False,28948
102.1899710026898,25.922856543473667,56.06339003420074,4223.34974054659,2.7713612716085723,1.0049498308680902,0.160921801767032,16,18.71153092401164,6.863895010943516,15,386.0160372604866,140.29563110187198,332.21545747993633,120591,0,1,1,True,True,match730_003829380948349157814_1390656678_161,own,de_dust2,120591,8a33bc3a37,deagle,True,False,False,False,False,False,6.0,0.0,0.0,pistol,0.41752415167027973,False,120399
45.64658215232243,8.671451609967006,5.037850525142913,1262.0133842791552,1.2013675407276958,0.7670021860967086,0.4596625579793844,37,25.579111365505312,16.335701414786065,0,1219.6764075393771,103.00920046062322,374.948741988376,87588,6,2,1,False,True,furia-vs-betboom-m2-cache,pro,de_cache,87594,372a892754,ak47,False,False,False,False,False,False,0.0,0.0,0.0,rifle,0.4174565033218183,False,87396
46.30578871476766,2.40150855353724,26.25483090352837,1464.5151450022056,2.5040819056371584,2.226452237633899,1.093846142275269,1,25.74945081304784,22.89339059997163,0,588.6578277597984,133.28489561745516,324.4335030521553,83261,26,5,2,False,True,furia-vs-betboom-m2-cache,pro,de_cache,83287,4acdd8fa23,ak47,False,False,False,False,False,False,0.0,0.0,0.0,rifle,0.4174518176019645,False,83069
57.041474094256216,11.073372819591576,5.303366957987853,2130.529342032398,1.538438382885921,1.8424355988327332,0.8488607859355571,39,21.559774467853945,25.817903367197147,0,802.70240096208,91.61100758258476,111.06117241759428,71861,0,1,1,True,True,match730_003845735833772490759_0956054515_272,own,de_inferno,71861,11a0f5ab5d,deagle,False,False,False,False,False,False,54.0,1.0,0.0,pistol,0.4174084778073683,False,71669
52.89879752597032,18.01611861282876,5.44695882172428,1558.4255285178176,1.57305055901667,1.5062435048122258,1.2860044074249746,35,31.552480056043887,30.63388004687824,0,1142.9611795494975,183.56505728884773,381.9661274243228,94163,0,1,1,True,True,match730_003845848209444307084_2046226831_274,own,de_dust2,94163,71f78fbbc6,ak47,True,False,False,False,False,False,28.0,0.0,0.0,rifle,0.41739018522479215,False,93971
49.78584992444419,6.15755185995748,3.75,2433.0837380801618,0.4087106591961162,0.4508104648068271,0.1582894610816042,12,7.711700912524981,8.507534023050683,9,1073.8314424686332,127.31800433359248,137.72690876091656,90734,0,1,1,True,True,match730_003831793800846508273_1359762374_161,own,de_mirage,90734,60b48394d1,ak47,False,False,False,False,False,False,17.0,0.0,0.0,rifle,0.4173873018818355,False,90542
287.8810961181801,36.78856489488193,19.773245211818917,7657.476296001527,0.4856911431066764,1.4514680235354225,0.4856911431066764,21,10.107344683818637,30.20387165089084,3,1187.6595213965406,96.27425255578925,229.79855359674312,14918,19,4,2,False,True,astralis-vs-fnatic-m2-ancient,pro,de_ancient,14937,dd32420517,ak47,True,False,False,False,False,False,0.0,0.2828389108181,1.0,rifle,0.41738692967290386,False,14726
174.5947265625,36.39930817540504,3.2081494334747767,5043.10291687107,5.5461399770283135,8.925391555149947,5.5461399770283135,0,24.990940204462525,39.603163079527725,0,257.2764654738149,165.69256956622922,234.5143584050105,20063,12,3,1,False,True,match730_003846114907586035842_2006638891_196,own,de_mirage,20075,a0aa94d8fe,galilar,False,False,False,False,False,False,37.0,0.0,0.0,rifle,0.4171754790157932,False,19871
104.36003153480648,19.263294370057476,14.709969579818262,1890.025780662489,0.7311040495915634,1.576464260057971,0.7311040495915634,45,11.827231915215329,25.489406561115032,3,924.8398403352954,25.59115253537769,277.4315203534139,185966,0,1,1,True,True,furia-vs-betboom-m2-cache,pro,de_cache,185966,52f704f8ce,awp,False,False,False,False,False,False,0.0,0.0,0.0,sniper,0.4170057138244979,False,185774
113.82090665803705,22.769331988595624,15.598836033619888,1517.906979029679,2.788541187824417,3.2555260761909723,1.8660415967635915,5,19.631449014247277,23.836222766287108,3,402.7401569045762,219.3682483327444,757.2048630704998,88524,0,1,1,True,True,match730_003845848209444307084_2046226831_274,own,de_dust2,88524,3a84a7ef32,awp,False,False,False,False,False,False,59.0,1.0,0.0,sniper,0.41700398930852245,False,88332
27.399242553543967,8.259469527797208,11.16588879689067,1018.0439969444284,1.1032520491356923,1.0994966799666923,0.787522304587151,39,22.32531141653456,22.047427956424222,0,1159.243206790168,134.15777694504771,292.4714696473857,126017,13,3,2,False,True,match730_003846114907586035842_2006638891_196,own,de_mirage,126030,1c49a0cc75,ak47,False,False,False,False,False,False,20.0,0.1099561229348182,0.0,rifle,0.4170013881187984,False,125825
31.012368226761183,8.860358994460178,1.7996583249182423,1984.791566512716,1.5688188233085234,1.7101282800960216,1.4895968111552358,14,22.737533035976124,24.780916966670446,0,829.836132042212,86.43808666724735,277.89020194669644,72593,16,3,1,False,True,match730_003845735833772490759_0956054515_272,own,de_inferno,72609,68a903afd4,elite,True,False,False,False,False,False,32.0,0.0,0.0,pistol,0.4170011597568111,False,72401
214.1012076160738,29.68220211210892,138.64697367737142,7178.972660404851,8.992274280551367,8.364660900921589,2.65684667983027,0,25.67454296254269,26.929803976343475,0,161.77735845769982,80.71351996536943,241.30480141010736,12048,23,3,1,False,True,match730_003846055312767320440_2034169741_274,own,de_nuke,12071,8a33bc3a37,glock,True,False,False,False,False,False,18.0,0.0,0.0,pistol,0.4168999707717564,False,11856
41.816251213003696,10.92578440521348,32.443848409526886,765.5359020825688,1.3925725250025984,1.994247712050785,1.3749615717112291,35,20.20149446572676,29.473554849442863,0,828.4729500107668,204.14913465934467,495.1252105437106,95728,0,1,1,True,True,match730_003845848209444307084_2046226831_274,own,de_dust2,95728,bfb8267f0c,ak47,True,False,False,False,False,False,30.0,0.0,0.0,rifle,0.4168819746758525,False,95536
39.4189453125,5.671707292725609,8.499552137818922,896.1054835644827,0.6809159148617194,0.925050640511198,0.6809159148617194,39,14.530788950195166,19.6614489767717,2,1222.3864700588583,113.13729769900756,281.91833300639064,56678,45,8,4,False,True,aurora-vs-9z-m2-mirage-p1,pro,de_mirage,56723,4044fff327,ak47,False,False,False,False,False,False,0.0,0.0,0.0,rifle,0.4168284058103014,False,56486
110.10546875,22.32022778119938,1.0768229166666667,2370.239453379958,0.6185093995439175,2.2526888981970976,0.5825631603728908,7,6.895129569370079,25.11142307522273,6,628.6214198881962,73.36528811622787,349.8880906006705,102191,25,3,2,True,True,luminosity-vs-nemiga-m2-dust2,pro,de_dust2,102216,c4ceacecd8,tec9,False,False,False,False,False,False,0.0,0.0,0.0,pistol,0.41681898296429876,False,101999
169.3009432245332,32.510535903545986,102.77873578356272,5184.005185608268,1.941975624123075,6.454991424353207,1.287577288253657,3,22.678699857378337,78.72848514503804,0,666.8904404641982,137.66202392914883,318.96331826165914,47929,6,2,2,True,True,match730_003845721267390906757_0873910189_273,own,de_anubis,47935,6b4b6c808f,m4a1_silencer,False,False,False,False,False,False,30.0,0.0,0.0,rifle,0.41679858568513944,False,47737
65.92296026384916,3.028364708414545,44.08296886873535,3108.168210994076,3.675116569047416,3.824593393058592,3.60777354071738,0,23.32791725195894,24.592734252751452,0,362.9622122211924,97.85705530779964,111.48721005023482,180975,29,6,2,True,True,furia-vs-betboom-m2-cache,pro,de_cache,181004,6c3df85cda,m4a1,False,False,False,False,False,False,0.0,1.0,0.0,rifle,0.4167840402091732,False,180783
206.73277344255223,24.38750089436199,74.69874125920656,6782.571938537458,3.75438583234345,6.360090399428491,0.3231887278496705,0,40.592451211275645,70.30401262057077,0,618.5766243473093,198.10499093951643,1090.4277172254417,75002,72,6,3,False,True,match730_003829380948349157814_1390656678_161,own,de_dust2,75074,0ecd5d7027,usp_silencer,False,False,False,False,False,False,72.0,0.1353336572647094,0.0,pistol,0.4167705444526872,False,74810
121.24662831131252,24.006361681702643,6.104914531709077,2567.4074922902523,0.5421123218590909,1.2429395373131278,0.4302555683285659,9,5.898144287483684,13.656771782811512,8,622.1325002415431,113.0604459322032,130.67587967703196,77121,31,7,4,True,True,match730_003846095210866016783_0292086677_161,own,de_ancient,77152,cd1c592f75,mp7,True,False,False,False,False,False,46.0,0.0,0.0,smg,0.41676040115977436,False,76929
16.980292537626998,4.205688598083733,9.370247683083582,691.875,0.4408188183586325,0.6467407213960219,0.0804654123492002,35,13.660087570875344,20.03185405266732,3,1772.4001592280154,209.1281166702948,1030.6409614759316,42005,0,1,1,True,True,match730_003845848209444307084_2046226831_274,own,de_dust2,42005,71f78fbbc6,awp,False,False,False,False,False,False,28.0,0.0,0.0,sniper,0.41675331953629824,False,41813
148.53914117828583,29.766611864769025,2.2267670357139364,6269.715501728568,2.3527910876948805,2.2067709814846994,1.2966638674640882,13,33.68590131583892,31.80556265582161,0,812.6154810337955,176.009551738085,247.64953460634365,14741,15,4,2,False,True,match730_003846224175849013887_1403891103_383,own,de_anubis,14756,cd1c592f75,mp7,False,False,False,False,False,False,15.0,0.0,0.0,smg,0.41671995094945324,False,14549
58.73553015894007,18.76894784408219,11.481134873786198,1807.4591888086352,0.3557879331266225,0.7319789381465964,0.3557879331266225,19,9.593368659142284,19.757020294740705,4,1544.4064550349242,120.42061770624586,321.1577282043393,73654,0,1,1,True,True,astralis-vs-fnatic-m1-dust2,pro,de_dust2,73654,ca06492643,awp,False,False,False,False,False,False,0.0,0.0,0.0,sniper,0.41669963445602515,False,73462
178.86323616643594,35.07459767837944,5.950225556568749,5502.119075817912,0.468061692942723,0.4921093928411681,0.2714480044081515,29,8.42008262859021,8.851880979273375,11,1030.2831787340222,123.85770384044515,217.8438891163329,113529,0,1,1,True,True,match730_003846055312767320440_2034169741_274,own,de_nuke,113529,1c9bd3c08e,ak47,True,False,False,False,False,False,33.0,0.0,0.0,rifle,0.41668938561848223,False,113337
20.52958500583438,2.531583614349185,10.322502100142932,853.7750250927643,0.4232737157715807,0.549111125225304,0.3426567289235855,65,10.541908121041224,13.8137021498587,11,1381.771172201864,219.4481514860396,252.8452135216596,106094,0,1,1,True,True,match730_003846055312767320440_2034169741_274,own,de_nuke,106094,30df2fc581,awp,False,False,False,False,False,False,25.0,0.0,0.0,sniper,0.4166376412197682,False,105902
14.8759765625,2.8740954682374134,10.541434520015248,812.8950396105469,0.5725840563435345,0.466332805331858,0.3567974851752545,65,11.904328284413223,9.69512828498936,20,1188.9304915519897,93.06406158208884,224.4612122701829,67093,0,1,1,True,True,furia-vs-betboom-m2-cache,pro,de_cache,67093,867e1a2fd2,awp,False,False,False,False,False,False,0.0,0.0,0.0,sniper,0.4166153621805513,False,66901
45.67248623491477,7.852337385439994,4.525548936986882,2923.0391190345454,1.590244041874079,0.6806430965927138,0.2356939199959379,19,17.72907103452235,7.587354035190833,16,638.5037167468798,40.203312170725184,68.82908974211169,150287,13,3,1,False,True,match730_003846114907586035842_2006638891_196,own,de_mirage,150300,b372556378,ak47,False,False,False,False,False,False,10.0,0.0,0.0,rifle,0.41658445889858003,False,150095
68.02465618036842,21.39193510221372,3.8074942815949737,3245.8878726831044,0.9722096051369692,2.191721364486344,0.9543201599231654,7,11.446580614848544,25.593181567610333,5,672.9502010953562,111.1642024520436,322.42552424420705,44986,0,1,1,True,True,match730_003829380948349157814_1390656678_161,own,de_dust2,44986,857d0f207c,awp,False,False,False,False,False,False,37.0,0.0,0.0,sniper,0.41656280080004265,False,44794
62.60372238403525,18.05702638492549,26.185846426645707,1685.5396441450623,2.1145889506678115,2.6634470287807783,0.656157893082885,2,12.255966150277242,15.31857653170742,18,331.6834865404701,113.62370997193824,384.2565133252351,197984,11,3,2,True,True,furia-vs-betboom-m2-cache,pro,de_cache,197995,372a892754,m4a1,True,False,False,False,False,False,0.0,0.0,0.0,rifle,0.416550868902147,False,197792
112.12224504983946,10.07843946980632,2.670001236351119,2678.6697247321854,0.4633002093971212,0.6331895489389738,0.3153886677852311,13,8.006755510559481,10.950086141539904,11,990.0815028157168,105.70775003815903,512.3214554575351,43231,0,1,1,True,True,luminosity-vs-nemiga-m1-cache,pro,de_cache,43231,456b773fab,awp,False,False,False,False,False,False,0.0,0.0,0.7616089582443237,sniper,0.4165152459373898,False,43039
28.201808000496023,7.453449240848715,7.20930279339225,902.293869882074,0.5882342228698058,0.9856350334731976,0.3740141303091671,17,9.664654161254138,16.189229271109916,6,940.0898244058316,110.10880863323904,136.80512888487922,108052,21,2,1,False,True,match730_003833678395988770820_2132169428_161,own,de_dust2,108073,9517c1c552,usp_silencer,True,False,False,False,False,False,81.0,0.0,0.0,pistol,0.4164510793733887,False,107860
59.8759765625,14.046965239401274,42.87115634300745,2106.0504821425693,0.3959898066013484,2.386387553336326,0.1213549099867374,6,6.056478606589835,36.85024620070554,2,876.2171129752629,103.04802117788994,457.19802472794976,67332,0,1,1,True,True,match730_003833678395988770820_2132169428_161,own,de_dust2,67332,8a33bc3a37,awp,False,False,False,False,False,False,10.0,0.0,0.0,sniper,0.4164412404828827,False,67140
119.96018315397616,23.055325721978548,71.08889062975528,5408.345625489103,1.5226347147441803,3.845743885905901,1.1246827499410774,3,26.07005685042125,66.69257313548002,0,980.7601540359482,218.36968332261964,568.872626834734,12476,75,14,5,False,True,astralis-vs-fnatic-m1-dust2,pro,de_dust2,12551,dd32420517,m4a1,False,False,False,False,False,False,0.0,0.0,0.0,rifle,0.4163803763601512,False,12284
74.92781011882218,25.710748262009925,7.467461107112978,3014.069071229186,1.7994648320688862,1.6119494166241133,0.7961692963183212,19,9.748692276634005,9.150525263666871,19,309.7307004315642,239.7774846735136,935.987041111697,82996,46,5,4,True,True,match730_003845721267390906757_0873910189_273,own,de_anubis,83042,b0848df2ab,glock,False,False,False,False,False,False,38.0,0.0,0.0,pistol,0.41634123643693866,False,82804
72.29404464533677,14.331476806575084,53.148735939019325,1367.0019984696032,1.170936234108301,2.738840099341932,0.8641008648859277,5,14.146180672798788,33.12817718503259,3,689.8270211568464,27.981726746499227,771.710123635479,55327,0,1,1,True,True,match730_003833682433258029322_1216037504_161,own,de_dust2,55327,916fd9f867,awp,True,False,False,False,False,False,19.0,0.0,0.2992898821830749,sniper,0.41631754381138686,False,55135
47.65719277371768,12.03075354247115,32.31507726608549,1440.885548751102,0.9535079463586064,2.081696284225344,0.0832739050300631,32,10.642918200561088,23.94985216405511,3,627.7182850416198,168.14645770703623,430.6017590425864,111433,103,11,6,True,True,astralis-vs-fnatic-m1-dust2,pro,de_dust2,111536,ca06492643,glock,False,False,False,False,False,False,0.0,0.0,0.0,pistol,0.4163135239095455,False,111241
34.16858738563461,4.347889775621642,27.926161600726264,876.3811580217869,1.0966117243970177,1.623474961642048,0.5030451107397801,33,16.310608419098706,24.271261369235354,2,851.9966128356498,140.07602873660738,404.20940921064766,54406,32,6,2,False,True,luminosity-vs-nemiga-m1-cache,pro,de_cache,54438,c4ceacecd8,ak47,False,False,False,False,False,False,0.0,0.0,0.0,rifle,0.41629338890069034,False,54214
122.24756055476978,7.781683298393613,88.24422188951837,3944.451435557356,3.192694639366753,5.509042897630963,1.1751825735204042,0,31.29848018754122,54.89348765603727,0,560.5942723928887,143.64458299519467,366.86753803481065,45509,38,7,4,True,True,furia-vs-betboom-m1-mirage,pro,de_mirage,45547,0f3b1e9da0,m4a1_silencer,True,False,False,False,False,False,0.0,0.0,0.0,rifle,0.41624953484523863,False,45317
175.2223910951308,41.07454261476035,130.01519658867232,5452.370337455591,0.3384479217230644,3.7785868258184223,0.3384479217230644,2,2.361916737741093,26.405826925314567,2,399.8145522565596,76.49938878808612,450.8749085942106,82072,26,5,4,False,True,furia-vs-betboom-m1-mirage,pro,de_mirage,82098,4acdd8fa23,ak47,False,False,False,False,False,False,0.0,0.0,1.0,rifle,0.41624072147708624,False,81880
98.8726975550271,23.72722302156928,3.290452279179338,3048.4776435217345,1.3199321614063502,1.1766393688197463,0.721334171602706,15,8.257606551052161,7.36360174763962,15,358.2926671225134,23.61342224912753,275.4498378736493,46938,0,1,1,True,True,match730_003845848209444307084_2046226831_274,own,de_dust2,46938,1d8a841068,m4a1_silencer,False,False,False,False,False,False,23.0,0.0,0.0,rifle,0.41621746983522845,False,46746
26.70302701857321,6.559705730957713,15.263742690292682,1114.76986734751,0.3785726195110171,0.6873992185253424,0.0772849142314227,37,11.373840413676096,20.774285935052703,5,1721.0872758023515,168.4610185293709,1120.6822140801833,55107,0,1,1,True,True,luminosity-vs-nemiga-m1-cache,pro,de_cache,55107,3b306c71b2,awp,False,False,False,False,False,False,0.0,0.7718849182128906,0.0,sniper,0.4161888715571042,False,54915
42.23046875,10.355101351158972,5.632161458333333,1189.75,0.5897203058884172,1.0231935501811718,0.2913243726471889,54,10.025425752020306,17.497163909054613,5,974.0041522153898,116.78751833715532,336.0294865048697,21514,32,6,1,False,True,match730_003845848209444307084_2046226831_274,own,de_dust2,21546,d9f31878b9,ak47,False,False,False,False,False,False,57.0,0.0,0.0,rifle,0.416177339120882,False,21322
72.15321063500411,27.194180960549293,11.873948190023478,1511.345912131243,0.831229521081037,0.7246209607675441,0.4856663445129324,16,6.784771040531315,5.887145596721267,14,461.1738461683387,94.11534811688978,149.49394239194797,241606,0,1,1,True,True,furia-vs-betboom-m2-cache,pro,de_cache,241606,4acdd8fa23,m4a1,True,False,False,False,False,False,0.0,0.0,0.0,rifle,0.4161721432154974,False,241414
156.3087808531862,53.78179556573063,97.10155481131518,3705.840145909028,6.0237901490800665,12.919131045005804,0.984772394254019,0,27.71940174285581,64.7439104565052,0,262.26398945932795,187.57413474396344,552.6863246083258,84435,0,1,1,True,True,match730_003833678395988770820_2132169428_161,own,de_dust2,84435,9517c1c552,fiveseven,True,False,False,False,False,False,80.0,0.0,0.0,pistol,0.4161667465285358,False,84243
94.03656971045488,20.10924178580345,33.271057554545145,4887.997624305816,0.956196418127943,2.884899406723729,0.956196418127943,6,12.423000284357869,37.62212298191134,5,744.1338163160711,107.19109873822558,478.8646171804093,158914,0,1,1,True,True,luminosity-vs-nemiga-m1-cache,pro,de_cache,158914,c4ceacecd8,awp,False,False,False,False,False,False,0.0,0.7363210916519165,0.0,sniper,0.41616286177614725,False,158722
51.00394541308055,12.090261397802044,39.201227953332925,1629.74531103962,3.570524759171775,1.847537444813324,0.7722727428138937,0,48.37310209233074,25.08035663256289,0,775.1433753668005,122.95784286932673,344.07130499107404,72747,97,14,4,False,True,match730_003833678395988770820_2132169428_161,own,de_dust2,72844,7090249fd0,ak47,True,False,False,False,False,False,36.0,0.0,0.0,rifle,0.41616134293385926,False,72555
51.22524360423811,11.029480129535226,2.8125,1105.9472319761694,0.5320979660248916,0.9081605851835324,0.4961611221808251,36,11.36740777039314,19.437827885143808,6,1223.5339146886688,25.52090715858686,112.5316026076815,126493,0,1,1,True,True,match730_003846095210866016783_0292086677_161,own,de_ancient,126493,9c0b0079af,galilar,True,False,False,False,False,False,8.0,0.0,0.0,rifle,0.4161422084894069,False,126301
381.6209916267589,65.1558106122592,35.02713004659393,10857.61305599692,2.1345962432851566,1.2879799818897857,0.3120588404478224,20,22.477435351279816,13.838499856197643,0,597.5258076784766,85.30484290420961,339.990926242878,93447,7,2,1,False,True,match730_003833682433258029322_1216037504_161,own,de_dust2,93454,f86f118666,ak47,True,False,False,False,False,False,7.0,0.0,0.0,rifle,0.41609913944809046,False,93255
207.04475727053344,90.2673687204814,38.772343360725145,8326.173658836766,0.4392617262697469,4.4659194616038524,0.4392617262697469,5,5.356393048784216,56.47567172368241,4,698.5474993313892,160.72087016960802,425.1476417549409,107645,46,9,3,True,True,match730_003829380948349157814_1390656678_161,own,de_dust2,107691,857d0f207c,m4a1,True,False,False,False,False,False,38.0,0.0,0.0,rifle,0.4160691443437663,False,107453
68.13527537556108,26.48070286789701,46.56397748280646,1435.6091745122997,1.9011818067374808,4.34882783395534,1.9011818067374808,3,29.490689596759186,67.70575991747509,0,888.3506253143179,19.020030597935765,708.4158951105267,88739,6,2,1,False,True,match730_003833682433258029322_1216037504_161,own,de_dust2,88745,916fd9f867,ak47,False,False,False,False,False,False,19.0,0.0,1.0,rifle,0.41604686281779013,False,88547
147.803005422464,19.41453901221471,1.0400390625,4240.852280526637,0.9341136285274064,1.8456666959639307,0.3057245704911403,9,15.76051422161686,31.191628676955343,3,966.5260799280492,36.79457312238036,462.2269138604072,97283,6,2,1,False,True,match730_003833678395988770820_2132169428_161,own,de_dust2,97289,4ccc3c6dfc,galilar,False,False,False,False,False,False,46.0,0.0,0.0,rifle,0.4160016534165271,False,97091
26.10689022858193,5.911005342518944,8.002309858890769,1451.125,3.861475714635729,3.8570285825973314,3.724396972913535,0,22.398171642023847,22.33998843893596,0,331.2635669276813,128.86728544177453,194.30762751594628,94532,20,4,3,False,True,aurora-vs-9z-m1-dust2,pro,de_dust2,94552,6e8537eb46,ak47,True,False,False,False,False,False,0.0,0.7971465587615967,0.5055558681488037,rifle,0.4159055635721685,False,94340
76.40457198283802,13.934021374877675,12.201931662421442,2438.4788395730766,0.1797418823242386,1.0787189437619398,0.1466244197260841,35,4.058546267139535,24.36351933477344,4,1293.617264468685,121.32781529631134,864.0180995451396,14699,25,5,3,False,True,luminosity-vs-nemiga-m1-cache,pro,de_cache,14724,3b306c71b2,ak47,False,False,False,False,False,False,0.0,0.0352849960327148,1.0,rifle,0.41588965572970044,False,14507
45.61144509866293,14.613796845219516,4.38549595134936,2119.220017115715,1.836910489937336,1.5030293656306708,1.3424760698277376,22,22.88181468561593,18.64838389470554,0,713.080412229806,156.67132668932132,388.73058882999294,56631,20,5,3,True,True,match730_003845848209444307084_2046226831_274,own,de_dust2,56651,8a33bc3a37,mp7,False,False,False,False,False,False,19.0,0.0,0.0,smg,0.4158613629713131,False,56439
52.37087406485959,13.26535528739078,18.153402591798045,2263.4012067569174,0.2414212139103192,0.9242419593773008,0.2414212139103192,49,4.534696316859381,17.367297261868192,5,1076.1306251276944,153.08896354992476,259.1539112916547,88733,0,1,1,True,True,match730_003845848209444307084_2046226831_274,own,de_dust2,88733,8a33bc3a37,ssg08,True,False,False,False,False,False,19.0,0.0,0.0,sniper,0.4158555966410498,False,88541
28.45219548491396,5.669237596968216,20.86903413690948,776.9335062799457,0.2614093797422219,1.1632654724573055,0.0815221547873737,38,6.2594831607737325,27.846674365659204,2,1371.7763228605388,189.3155373649182,465.7087162122463,27850,0,1,1,True,True,match730_003845848209444307084_2046226831_274,own,de_dust2,27850,cc23b0e440,awp,False,False,False,False,False,False,28.0,0.0,0.0,sniper,0.4158552901932163,False,27658
31.05815024977439,10.12582022954497,16.38431457661388,970.9162312686376,2.7816375575047214,2.267080907931761,1.497513786822493,23,37.7293175442196,30.83165799338268,0,776.36489101304,153.9720919170261,447.65346763709096,37656,6,2,1,False,True,match730_003845848209444307084_2046226831_274,own,de_dust2,37662,d9f31878b9,ak47,False,False,False,False,False,False,57.0,0.0,0.0,rifle,0.41583797504234293,False,37464
200.51713297837296,31.76475018955155,9.721344757475125,5585.159448889525,0.3212079400988546,0.645895369953232,0.3212079400988546,31,5.326883619155553,10.70392521256725,8,950.085017965528,16.809736179164375,83.18381954020506,96405,6,2,2,True,True,match730_003833678395988770820_2132169428_161,own,de_dust2,96411,4ccc3c6dfc,galilar,False,False,False,False,False,False,46.0,0.0,0.0,rifle,0.4158297509756833,False,96213
236.13682229498752,27.47665772582373,11.624262619112054,10472.131626879202,6.871495745677317,5.10335084150781,0.3934941879540093,0,49.96861253920002,36.91991834395746,0,414.2993783541757,143.42857647819906,241.359107221939,32981,0,1,1,True,True,match730_003846114907586035842_2006638891_196,own,de_mirage,32981,476a8ccf25,m4a1,True,False,False,False,False,False,20.0,0.0,0.0,rifle,0.4158207230006305,False,32789
53.26591641566535,7.377749478459233,40.04274036772178,1814.987547941784,3.7864225935697218,4.303071405353168,3.7864225935697218,0,16.807470881066223,19.65376906024298,6,253.23184061012205,167.96478432005017,416.8761337914388,78686,0,1,1,True,True,match730_003845721267390906757_0873910189_273,own,de_anubis,78686,6b4b6c808f,ak47,False,False,False,False,False,False,30.0,0.0,0.0,rifle,0.41578400603865007,False,78494
54.076081015495056,2.5253297035452373,29.645841546711065,2855.285762786287,1.131257480836322,1.7368409908114468,1.0819653120027068,27,17.348276744802934,26.66893897306932,2,859.0974475009117,113.47084868058305,197.87195589395697,84602,13,3,3,True,True,luminosity-vs-nemiga-m1-cache,pro,de_cache,84615,95f0d4db09,ak47,False,False,False,False,False,False,0.0,0.0,0.0,rifle,0.4157044268895635,False,84410
513.9147795644651,77.31784927211578,40.091429084585606,19476.41606854341,9.440453196981853,10.731321437305786,9.440453196981853,0,30.620041321817244,34.97337624340585,0,182.28037115704836,222.24318011925345,911.4558598691596,100472,10,3,2,False,True,astralis-vs-fnatic-m2-ancient,pro,de_ancient,100482,3f5c0f1ef2,mac10,False,False,False,False,False,False,0.0,0.0,0.0,smg,0.4156442663265111,False,100280
191.2994212926994,21.277855799359138,104.21486171195168,6837.786050445248,3.0243563501425323,5.454623266659191,2.850921336650602,0,12.203698118285702,22.53748428232779,3,208.59504049466304,121.35504636474968,219.41928128229227,36975,13,3,1,False,True,aurora-vs-9z-m2-mirage-p2,pro,de_mirage,36988,6e8537eb46,ak47,True,False,False,False,False,False,0.0,0.0,0.0,rifle,0.41559696466387724,False,36783
52.23008861521814,16.933162221399964,26.197559573653507,1907.4055352178984,2.9703219672345584,4.042888697877372,2.9703219672345584,1,44.02949139053892,60.36021552373823,0,845.5498097569096,75.16102934551698,826.8135344036618,29109,6,2,1,False,True,match730_003833682433258029322_1216037504_161,own,de_dust2,29115,aa97ccafe5,m4a1,False,False,False,False,False,False,9.0,0.0,0.0,rifle,0.4155841081731396,False,28917
699.478128515303,105.59823621857863,36.00326436940368,14474.788262538692,3.537669620788969,3.5260271701123016,3.193544761683862,0,23.63604712153124,24.169427317481585,0,381.7823178984479,231.9994623881881,496.93609602685393,129338,51,6,4,False,True,aurora-vs-9z-m1-dust2,pro,de_dust2,129389,9885584175,glock,True,False,False,False,False,False,0.0,0.3270555138587951,0.0,pistol,0.4155514334607631,False,129146
70.23898340367191,17.369521864106094,2.273398520721461,2149.580315951901,0.8183946674533188,1.224671722852157,0.66544535286892,11,14.581028197014982,21.835079763751036,6,1020.5032057444234,120.9062386737222,984.0709301878264,61009,0,1,1,True,True,match730_003829380948349157814_1390656678_161,own,de_dust2,61009,301b246229,awp,False,False,False,False,False,False,36.0,0.0,0.0,sniper,0.4155439315359095,False,60817
20.349019740721275,3.838082510889398,8.90695934258296,1157.6574411206664,0.6539491484116842,1.0372451483468028,0.6539491484116842,65,10.71482119679656,16.99102640229436,9,937.9778348932116,14.405746455035445,289.9134954288828,21731,0,1,1,True,True,match730_003829380948349157814_1390656678_161,own,de_dust2,21731,ba3ac6a90d,awp,False,False,False,False,False,False,44.0,0.0,0.0,sniper,0.4154889104142272,False,21539
234.72155968268476,32.2999680144744,156.8113742922933,8536.725686558162,1.084322198578871,5.431452123904654,1.084322198578871,1,6.016587767656665,31.192502571952616,1,310.46426503657966,61.75781733360436,13.291966750695376,64816,17,3,2,False,True,furia-vs-betboom-m1-mirage,pro,de_mirage,64833,a7745f74db,tec9,True,False,False,False,False,False,0.0,0.0,0.0,pistol,0.4154633760132542,False,64624
142.75542606656938,16.79284998851802,137.89614167835063,3645.0027076198407,3.146968523494762,6.633435240026735,1.0600738774349845,0,13.558166282082247,31.11965662160465,3,246.44473257539252,198.25026980609,549.0397561036427,106596,0,1,1,True,True,astralis-vs-fnatic-m2-ancient,pro,de_ancient,106596,f100e9403c,m4a1,True,False,False,False,False,False,0.0,0.0,0.0,rifle,0.4154226563649709,False,106404
146.5945015723146,21.799052849153647,118.21830275672248,4669.60853038958,1.4537900825540506,3.713776981117245,0.3669158459463101,1,5.575469509344026,15.44599818503541,3,219.57904191913372,155.07570849089598,352.3812701648556,118366,5,2,2,True,True,aurora-vs-9z-m2-mirage-p1,pro,de_mirage,118371,c1c75a4da6,mac10,False,False,False,False,False,False,0.0,0.0,0.0,smg,0.4154220507208449,False,118174
48.92822482709269,11.945600656367624,33.04024241630891,1520.0553035672142,0.8325866794409995,1.39435136392535,0.7146502638883011,44,15.3158842864322,25.39790991853879,4,1053.5053260103,35.788912202371684,164.0674975683648,202655,0,1,1,True,True,luminosity-vs-nemiga-m2-dust2,pro,de_dust2,202655,456b773fab,ssg08,True,False,False,False,False,False,0.0,0.0,0.0,sniper,0.41535470519696505,False,202463
213.65609194247693,19.188120207809234,7.897477590501293,5401.74661970727,0.7862690024081199,1.1352506371257074,0.7862690024081199,40,14.891785327746229,21.499553384993558,3,1084.5319691029024,102.81474640182996,223.16802220970632,21484,13,3,3,True,True,luminosity-vs-nemiga-m1-cache,pro,de_cache,21497,f730a5e684,ak47,False,False,False,False,False,False,0.0,0.1623649150133133,0.0,rifle,0.41534835508869766,False,21292
37.194604390580494,5.398154768754886,32.67163896352683,1948.704680997152,2.77954149659728,1.0630122221671423,0.4717323646660048,25,31.48538791037352,12.07592793289644,0,644.0849843599663,144.99567575116848,336.5048550073134,89213,37,5,2,True,True,match730_003831793800846508273_1359762374_161,own,de_mirage,89250,60b48394d1,ak47,False,False,False,False,False,False,17.0,0.0,0.0,rifle,0.415327842507909,False,89021
51.634134265006246,16.785723806806274,10.50613061497932,2917.8007335424427,2.2123627454458177,3.07822878008585,1.002141689992154,4,12.69552214417773,18.36775890834668,5,322.33656241948245,126.35815011544332,268.4440143954373,93707,0,1,1,True,True,match730_003846087479924883540_0606572273_161,own,de_mirage,93707,7a2108eafc,ssg08,True,False,False,True,False,True,19.0,0.0,0.0,sniper,0.41530725653100214,False,93515
23.72123188608896,10.632555570131355,7.007696441136981,696.0456192135537,1.2734198675617676,2.0165868375836538,1.2734198675617676,10,20.40064669330024,32.32665590416609,0,917.6834557200292,107.33256644481682,455.9868295147296,87343,13,3,2,True,True,match730_003846095210866016783_0292086677_161,own,de_ancient,87356,9c0b0079af,ak47,False,False,False,False,False,False,8.0,0.0,0.0,rifle,0.41528571663946307,False,87151
56.2824346490756,5.37584429916712,25.703384991699632,1425.0906439952737,0.4968669660469419,1.3750332743732678,0.4968669660469419,36,5.0843297450722575,14.213788163184578,9,585.7922762209915,178.60121202063272,447.4711144279494,102069,0,1,1,True,True,aurora-vs-9z-m1-dust2,pro,de_dust2,102069,7a9df6b20d,awp,False,False,False,False,False,False,0.0,0.0,0.0,sniper,0.4152500151575903,False,101877
34.336732409479445,10.051136637248298,2.48289394812772,1226.1655151838766,0.7309218117675932,1.1738632972164416,0.5119534836109325,41,9.833044763714597,15.81225753353445,6,770.7521784305334,144.0258164840788,444.9949622242317,117126,26,5,3,False,True,luminosity-vs-nemiga-m2-dust2,pro,de_dust2,117152,524f4d4415,m4a1_silencer,False,False,False,False,False,False,0.0,0.0,0.3167474269866943,rifle,0.41519378725216854,False,116934
45.39578031852233,6.984308671059552,34.88475121524346,1739.033825845215,4.940267145739179,6.350450821720884,4.940267145739179,0,15.40701787899948,18.798597701612174,6,177.46156874495497,143.56664392152177,397.5308188958871,136062,0,1,1,True,True,match730_003829380948349157814_1390656678_161,own,de_dust2,136062,8a33bc3a37,deagle,True,False,False,False,False,False,6.0,0.0,0.0,pistol,0.41507861403403845,False,135870
58.656991814712256,11.516379899349502,46.28605456323742,1817.84765522718,1.1574760429759885,3.1435124740872102,1.083967820065965,4,20.99087508236226,57.50558103257373,0,1038.896014801924,112.9108304336393,447.00981257257206,63185,17,4,3,False,True,match730_003846114907586035842_2006638891_196,own,de_mirage,63202,6f05066c08,m4a1,False,False,False,False,False,False,21.0,0.0,0.0,rifle,0.41500024184268947,False,62993
143.60966743187944,30.92249444975585,49.78331814632693,4662.236458713043,1.0934093839758856,1.436017737180253,1.0934093839758856,14,5.997341622494264,7.823128870400451,15,314.09625251400934,65.04733439700493,39.675850689860944,29143,9,2,2,True,True,luminosity-vs-nemiga-m2-dust2,pro,de_dust2,29152,74c7d1f104,tec9,False,False,False,False,False,False,0.0,0.0,0.0,pistol,0.4149594062740469,False,28951
89.05340125470808,29.750434615564732,21.603645601035318,2161.3423816225654,0.0622471028354007,1.658503805220845,0.0622471028354007,9,1.1341684744684493,30.236589189539167,4,1043.8649549348747,46.408995887033655,413.03186657226775,79150,0,1,1,True,True,match730_003846087479924883540_0606572273_161,own,de_mirage,79150,9c0b0079af,deagle,True,False,False,False,False,False,7.0,0.0,1.0,pistol,0.4149506069859966,False,78958
495.109375,81.10242119628418,111.19643228607156,8175.432864344359,2.52446712187352,5.350084096657154,2.118086005902432,2,14.650330638950942,31.907997281793577,2,331.86650050279576,150.72048067306207,313.00451595497213,44351,0,1,1,True,True,furia-vs-betboom-m2-cache,pro,de_cache,44351,6c3df85cda,deagle,True,False,False,False,False,False,0.0,0.0,0.0,pistol,0.4149474483706414,False,44159
137.07156112854472,17.231134417486494,125.6821573092558,4640.557316740316,2.862694772749148,3.976049395784997,1.9904474358328688,3,14.522126191401098,20.053473332925343,5,290.4072048761937,87.48064310537949,562.8745394232982,8796,28,7,2,False,True,match730_003845735833772490759_0956054515_272,own,de_inferno,8824,132f8af47c,mac10,False,False,False,False,False,False,11.0,0.0,0.0,smg,0.41493574588766136,False,8604
130.80314777404234,22.16233897910847,36.92863467820765,5929.896439336566,3.0441645792439616,3.865180563070704,2.1960566452413595,0,48.63355895957278,62.123957885352254,0,907.1513878866232,58.58740350452246,81.51701562466533,14729,123,25,3,False,True,match730_003846087479924883540_0606572273_161,own,de_mirage,14852,8a33bc3a37,mp7,False,False,False,False,False,False,141.0,0.0,0.896590530872345,smg,0.4149304454177902,False,14537
43.79296875,13.427558262954118,5.648513083293518,1199.5,0.4374495834061323,0.9189920137200378,0.2753253040656354,46,8.686712174066793,18.251201058736005,6,1137.636168623777,67.56073521573896,295.6511142984142,54940,37,5,4,True,True,match730_003833678395988770820_2132169428_161,own,de_dust2,54977,4ccc3c6dfc,m4a1,False,False,False,False,False,False,46.0,0.0,0.0,rifle,0.41487488135602146,False,54748
89.95637981548813,28.22369062271405,6.497919101879286,3127.7266887007186,0.2970765923003189,1.3710896237209045,0.2970765923003189,12,5.591309597229778,26.0235499647531,4,1078.2486160604444,154.20707832706356,561.865043710252,43945,0,1,1,True,True,match730_003833678395988770820_2132169428_161,own,de_dust2,43945,8a33bc3a37,awp,False,False,False,False,False,False,10.0,0.0,0.0,sniper,0.4147633014762121,False,43753
85.14294146492917,30.455065092298945,72.31351676927896,3055.7886103157584,3.2969856818487604,6.28981988043359,0.6675995417576508,0,38.65241226272956,74.06763733132664,0,670.9667786577396,143.03910586502673,655.8628182119852,89689,13,3,1,False,True,match730_003833678395988770820_2132169428_161,own,de_dust2,89702,9517c1c552,ak47,False,False,False,False,False,False,81.0,0.6860807538032532,0.0,rifle,0.4146969662337748,False,89497
454.2219624839115,51.35621515590561,37.86864601103006,24344.937961145664,1.1981281106467394,2.169365825446264,0.4698601477415307,6,11.890994580891672,21.54946973626548,4,565.8257934003027,42.43658302985915,135.2939993404993,13678,6,2,1,False,True,match730_003846224175849013887_1403891103_383,own,de_anubis,13684,0c250789aa,ak47,False,False,False,False,False,False,61.0,0.0,1.0,rifle,0.4146910014582796,False,13486
21.431800462757195,5.872352497633273,16.915280306863803,653.2612709213739,0.4385802205545801,0.4933766392506224,0.0715969815847839,29,10.608050408369522,11.93303687059088,21,1385.7578761870627,125.03010952165432,110.40803332094228,155550,0,1,1,True,True,furia-vs-betboom-m2-cache,pro,de_cache,155550,52f704f8ce,awp,True,False,False,False,False,False,0.0,0.0,0.0,sniper,0.4144673906673041,False,155358
357.80742797988154,42.00795672737293,18.867016055811344,13539.995400201366,1.620287567935277,3.552206008417637,1.620287567935277,8,21.112142235586465,46.76990086033408,0,746.059367948367,159.26400065878127,913.5127782971352,99652,45,11,4,False,True,match730_003831793800846508273_1359762374_161,own,de_mirage,99697,6df4b3d0cf,p90,False,False,False,False,False,False,72.0,0.0,0.0,smg,0.41443406022248164,False,99460
196.39715364827825,38.55813738617465,30.591656081127905,4758.021642818521,1.0634350966303507,2.4819708927117103,1.0634350966303507,5,9.351913213989588,21.823212952634275,4,503.768416040252,109.70563712061328,501.45263238858433,47819,0,1,1,True,True,match730_003846095210866016783_0292086677_161,own,de_ancient,47819,26d15ffc47,awp,False,False,False,False,False,False,67.0,0.0,0.0,sniper,0.4143482804302543,False,47627
40.17748111880359,13.658962996844634,22.26798589355994,943.9880309852635,1.386726979538592,1.8437163574734328,1.009299456341842,37,17.87806907012922,24.066342194974304,2,738.0327587922707,196.57166381032152,271.04125557139423,60157,0,1,1,True,True,match730_003846224175849013887_1403891103_383,own,de_anubis,60157,9c0b0079af,awp,False,False,False,False,False,False,54.0,0.0,0.0,sniper,0.41431101105044066,False,59965
192.13296141847664,39.4775238746828,149.54510163936018,6841.95722915622,2.3285785695472554,6.403700950115737,2.3285785695472554,1,11.532387971397291,33.62810851479564,2,282.97981557395104,208.1736086518357,648.8113955057689,29726,32,6,4,True,True,match730_003845721267390906757_0873910189_273,own,de_anubis,29758,a4c1cf00e8,m4a1_silencer,False,False,False,False,False,False,57.0,0.0,0.0,rifle,0.41430690347424676,False,29534
79.20896029504318,14.724290913224584,35.91712932904914,4333.024257524687,0.8668655807705539,1.808845548305531,0.2220018658115682,43,15.121871774121018,31.564577035028265,4,999.350027922244,132.08633398991435,246.21879945249893,126893,38,7,2,False,True,match730_003846095210866016783_0292086677_161,own,de_ancient,126931,abfcba6be4,m4a1_silencer,True,False,False,False,False,False,18.0,0.0,0.0,rifle,0.41430465121703625,False,126701
100.37830558264906,17.722466964591447,76.14130288895684,4556.66655289978,0.9709722391898806,4.952346627730056,0.9709722391898806,2,13.295496207512446,68.91050903151779,1,784.294517510602,149.8509358814339,333.7287937666393,104767,20,3,2,False,True,aurora-vs-9z-m2-mirage-p1,pro,de_mirage,104787,fe43c71f39,glock,False,False,False,False,False,False,0.0,0.0,0.7441136837005615,pistol,0.4142808057821647,False,104575
28.2465102859148,2.8680588634214472,20.891994444753543,1422.8559351430383,1.9544801132846343,2.423388577993973,1.9544801132846343,18,19.245049471044947,24.02591776787348,1,561.1093719055851,157.90691738580514,189.578448965838,70093,0,1,1,True,True,luminosity-vs-nemiga-m2-dust2,pro,de_dust2,70093,3b306c71b2,m4a1_silencer,True,False,False,False,False,False,0.0,0.0,0.0,rifle,0.41422582272118863,False,69901
297.0242954890836,69.25160539535196,5.995005476497993,7044.395926513473,3.1415743978886126,1.6744033669081488,0.3728678960306919,0,22.107773784736537,11.640613779057905,0,402.5922149678758,245.66506301601848,489.9899795622189,37081,26,5,4,True,True,match730_003846055312767320440_2034169741_274,own,de_nuke,37107,b3b8926d79,ak47,False,False,False,False,False,False,26.0,0.0,0.0,rifle,0.41422256735418184,False,36889
396.7211418208964,64.78215368425478,84.52644085474402,15888.56049230364,2.371703874437517,7.021201773568971,2.371703874437517,3,13.393641014679469,40.37667631722962,3,316.40504482153966,2.5836126719932184,195.2889066444145,72685,11,3,3,True,True,match730_003846114907586035842_2006638891_196,own,de_mirage,72696,476a8ccf25,m4a1,False,False,False,False,False,False,19.0,0.0,0.0,rifle,0.41417594313596917,False,72493
83.62890625,8.801158546939805,1.666580139543375,1968.341892777672,1.2035891413117588,1.2976513564895928,1.193683783112799,30,18.100718833780213,19.52015877875474,7,861.4466154216667,77.09209966171011,194.0958148419397,99123,0,1,1,True,True,luminosity-vs-nemiga-m1-cache,pro,de_cache,99123,456b773fab,galilar,False,False,False,False,False,False,0.0,1.0,0.2629928290843963,rifle,0.4141746185524654,False,98931
339.94538900819725,32.955525265891225,49.40246964566439,10143.362225413784,6.248575772818223,8.725445979403565,4.033002601142394,0,36.7302756812236,52.18298593637544,0,266.4550054407414,190.26331168464668,342.6888685451533,17566,23,5,3,False,True,furia-vs-betboom-m2-cache,pro,de_cache,17589,867e1a2fd2,m4a1,False,False,False,False,False,False,0.0,0.0388276576995849,0.0,rifle,0.4141687426534354,False,17374
71.806640625,16.502648905946735,35.29966515555166,2683.7142901340817,4.177043025996361,2.033182872230042,0.1611927885469099,0,58.32022886800759,28.459544155048327,0,798.4420806706157,226.0135869867649,1077.0760978455337,73111,62,13,3,False,True,match730_003845721267390906757_0873910189_273,own,de_anubis,73173,2a309cc914,mp7,False,False,False,False,False,False,47.0,0.0,0.0,smg,0.41414952636882874,False,72919
44.02522799786478,11.231427116895464,15.273370548642491,902.082318270908,0.277042047912206,1.5615572049889908,0.0948188290798198,9,5.295169545917509,29.99137202887909,3,1095.0243166775106,136.55653421320096,113.87559518886886,193610,20,4,4,True,True,furia-vs-betboom-m2-cache,pro,de_cache,193630,0f3b1e9da0,m4a1_silencer,False,False,False,False,False,False,0.0,0.0,0.0,rifle,0.4140557415753457,False,193418
190.15907230085108,21.2683849425117,1.171875,4509.479532339919,3.198710351112823,2.884700840466876,1.7355031965821388,0,28.575220280607372,25.990575150917092,0,504.2077999356975,125.47191567584952,145.98670064291832,98893,20,3,2,True,True,furia-vs-betboom-m1-mirage,pro,de_mirage,98913,0f3b1e9da0,glock,True,False,False,False,False,False,0.0,1.0,0.0,pistol,0.41400731553540476,False,98701
96.107421875,17.41041706703222,6.797552946476134,2231.625,0.228241567940765,0.7490470389711417,0.228241567940765,21,2.2299000031626792,7.321049673445091,12,556.8256286590646,89.05925354788337,807.9827142469313,82166,0,1,1,True,True,match730_003846087479924883540_0606572273_161,own,de_mirage,82166,9c0b0079af,deagle,True,False,False,False,False,False,6.0,0.0,1.0,pistol,0.4139834468544199,False,81974
30.494296947780523,6.360922683280835,7.529296875,1409.0869761100194,0.6782529140115946,0.5530321025324374,0.1543841645734355,65,11.565785638569112,9.430284175286875,11,976.8964672846686,53.2319920490574,291.9960307168107,70314,0,1,1,True,True,match730_003846055312767320440_2034169741_274,own,de_nuke,70314,30df2fc581,awp,False,False,False,False,False,False,25.0,0.0,0.0,sniper,0.4138143332722653,False,70122
637.2064311688985,93.28973276545868,40.93416899326643,17919.721134409683,2.235824701227702,2.609157931149114,1.8618106437107216,8,18.82386842870704,21.90767805273465,1,482.0432263360325,94.28315421336588,232.51121385719253,84399,38,7,3,False,True,match730_003831793800846508273_1359762374_161,own,de_mirage,84437,03d8a6e44d,ak47,False,False,False,False,False,False,45.0,0.0,0.0,rifle,0.41377001120197787,False,84207
20.736082833161447,3.455922337712905,15.091074204102478,429.0805986734417,0.5159669469808743,0.9603480334226212,0.2088040127575098,40,7.12983060867457,13.334840075413606,7,791.6254391262656,68.74939055790388,198.89510471573345,47599,0,1,1,True,True,match730_003831793800846508273_1359762374_161,own,de_mirage,47599,8a33bc3a37,awp,False,False,False,False,False,False,6.0,0.0,0.0,sniper,0.4137532939096333,False,47407
436.7495304982938,72.06961691985686,19.67501944175618,14822.914573349188,0.2701894815518257,1.7902827313995135,0.2701894815518257,7,3.746485446573728,24.85174989301084,4,794.1725408528062,146.09687766453033,465.34920945713793,85045,52,10,4,False,True,match730_003833682433258029322_1216037504_161,own,de_dust2,85097,f86f118666,galilar,True,False,False,False,False,False,7.0,0.0,0.0732061341404914,rifle,0.41375274066455725,False,84853
22.191080411624963,6.299279201578043,4.978599966844566,669.4642421254733,0.7014463587021432,0.3652110694748859,0.0784439773429541,23,15.27890627499182,7.927636637180349,15,1244.982569416443,230.73422022476444,878.023178150335,111151,0,1,1,True,True,luminosity-vs-nemiga-m2-dust2,pro,de_dust2,111151,456b773fab,awp,False,False,False,False,False,False,0.0,0.0,0.0,sniper,0.4137405222869722,False,110959
195.2782813872272,57.66605919168117,7.014725807183594,6704.776992063489,8.027012552965404,8.779314796595868,0.3920618938607633,0,40.89037731862427,44.51995860383611,0,289.6460161656283,143.22463059792858,146.21331461256497,6826,20,3,2,False,True,match730_003833678395988770820_2132169428_161,own,de_dust2,6846,f86f118666,glock,False,False,False,False,False,False,7.0,0.0,0.0,pistol,0.4136006218854137,False,6634
443.20710813231,58.151615719127136,67.50508935817794,11365.618121383535,0.7325350959195952,3.91544400487782,0.3637198812652524,3,8.40541520537007,45.22055396235204,3,653.2933143580618,182.86111875365597,393.7268255504428,141046,45,8,5,True,True,furia-vs-betboom-m2-cache,pro,de_cache,141091,372a892754,m4a1_silencer,False,False,False,False,False,False,0.0,0.0,0.0,rifle,0.41359033608754,False,140854
84.75758775710624,28.424048621635443,48.910905724799456,2174.400932567256,7.3120282921050945,5.999442348278375,1.1212230237380372,0,55.84160111522179,47.26187421180956,0,423.2022976289591,124.82267744458753,494.4675137712561,177148,26,5,1,False,True,luminosity-vs-nemiga-m2-dust2,pro,de_dust2,177174,524f4d4415,m4a1_silencer,True,False,False,False,False,False,0.0,0.0246724616736173,0.0,rifle,0.4135754759791196,False,176956
15.146859789683877,4.901104559398539,7.792894455089962,765.5960330478913,1.171269244287881,0.6553540518356671,0.0863505329856023,24,12.702511580713828,7.134078540735561,16,621.2438098852849,133.77192866335537,467.5966540057464,77385,0,1,1,True,True,aurora-vs-9z-m1-dust2,pro,de_dust2,77385,4044fff327,awp,False,False,False,False,False,False,0.0,0.0,0.0,sniper,0.4134252319491859,False,77193
79.16395427742012,39.50504531249107,53.57680526183082,1794.1069006963044,11.02770132768098,12.918206530277192,6.250310945447861,0,45.5279697011992,56.93917472495864,0,206.94874130601775,112.43657469505416,334.2090209306,85224,14,4,2,False,True,match730_003833682433258029322_1216037504_161,own,de_dust2,85238,296e119cfc,mac10,True,False,False,False,False,False,98.0,0.0,0.0,smg,0.4133186964836255,False,85032
59.409984112069495,9.188406719218388,37.603596335532494,2400.134624427172,3.824681625337596,3.479732547858455,3.219399459704763,0,17.39075132253246,16.209881524292904,10,259.6887345190362,72.14189873355457,209.99108600307164,45760,32,6,3,False,True,luminosity-vs-nemiga-m2-dust2,pro,de_dust2,45792,f730a5e684,ak47,False,False,False,False,False,False,0.0,0.0,0.0,rifle,0.4132980146755858,False,45568
90.49622748083446,12.902434507773902,22.702280197794405,4833.765041579823,1.6208321528395224,2.757691047397972,0.1426092357737363,5,27.756472641114577,47.338451414203575,0,970.479238810084,114.86550315526912,652.3581596187513,15096,87,18,6,False,True,luminosity-vs-nemiga-m2-dust2,pro,de_dust2,15183,590a913841,mp7,False,False,False,False,False,False,0.0,0.877838134765625,0.0,smg,0.41324157087047086,False,14904
38.59371818510281,9.489118920829116,9.25127052838704,1189.3443742152904,2.590427587515085,3.341682149987032,2.563409401354096,4,38.845394862690526,50.11965672755871,0,858.4279422145738,24.606386019593604,157.45926514151247,73342,32,6,1,False,True,match730_003845848209444307084_2046226831_274,own,de_dust2,73374,cc23b0e440,ak47,False,False,False,False,False,False,28.0,0.0,0.0664964318275451,rifle,0.41313455938295257,False,73150
117.50304198284084,24.83853719948919,20.835078818939788,3097.8077988321284,0.2087171704551058,1.4951906726167803,0.1577822351992672,9,4.130358990324367,30.25065835605825,4,1109.8404418358216,238.63499311867363,858.1620264354592,60022,0,1,1,True,True,match730_003846055312767320440_2034169741_274,own,de_nuke,60022,b9026ee78e,awp,False,False,False,False,False,False,18.0,0.0,0.0,sniper,0.4130368532017799,False,59830
42.451171875,9.20276653563452,3.5305826466207644,1278.28125,0.8532453998377899,0.9870763015801371,0.8225502685302375,14,17.34229073951671,20.0963107005014,7,1164.385504135161,100.79615712070348,150.77375268501712,81256,13,3,2,False,True,match730_003831793800846508273_1359762374_161,own,de_mirage,81269,237144b7d2,ak47,True,False,False,False,False,False,46.0,0.0,1.0,rifle,0.41298981380207284,False,81064
252.4978274148065,13.71459334969432,13.836097085474618,11119.549344636973,1.986173444580757,2.497010630024819,1.986173444580757,18,22.313425328962367,27.29146017503087,0,643.4181836830271,224.9600753765498,482.49569778351474,3284,59,6,3,True,True,match730_003846095210866016783_0292086677_161,own,de_ancient,3343,8a33bc3a37,usp_silencer,True,False,False,False,False,False,142.0,0.0,0.0,pistol,0.4129738106543995,False,3092
97.2536546858881,25.95939591478524,18.094245155067537,1891.562892019596,0.625294424986792,1.5345313730842964,0.625294424986792,23,6.404647526037643,15.708066787339003,16,571.971216041255,41.0936575313927,38.014677973237575,44802,0,1,1,True,True,match730_003845721267390906757_0873910189_273,own,de_anubis,44802,2a309cc914,awp,True,False,False,False,False,False,47.0,0.0,0.0,sniper,0.4127723904323567,False,44610
52.00803527738475,19.44630116598771,4.851230262550848,1382.34375,6.9185635213361385,6.371902389988035,0.300196468959783,0,38.10615637408827,36.57129657772346,0,312.83809602309293,129.85417875874634,363.2832588249215,8425,6,2,1,False,True,match730_003846087479924883540_0606572273_161,own,de_mirage,8431,7a2108eafc,ak47,False,False,False,False,False,False,19.0,0.0,0.0,rifle,0.41274258566326105,False,8233
120.88224909997568,44.2932805874734,44.788021627179695,2736.0205542131043,4.786846693497304,5.2182537073177695,2.9378294430493725,0,18.51409354891928,20.93722442868301,6,163.51782619291737,141.5482093535231,209.17271996403392,20865,12,3,2,True,True,luminosity-vs-nemiga-m1-cache,pro,de_cache,20877,95f0d4db09,m4a1,False,False,False,False,False,False,0.0,0.0,0.0,rifle,0.4127136546594887,False,20673
182.0369402029636,25.07286679849617,20.500651041666668,4414.327879308438,3.900996713643544,7.633956927946697,3.900996713643544,0,39.67372536379613,78.36488566842982,0,581.4053674027252,101.9831432470234,422.18068063848887,35645,32,6,4,False,True,match730_003845735833772490759_0956054515_272,own,de_inferno,35677,db46f148b7,m4a1_silencer,False,False,False,False,False,False,43.0,1.0,0.0,rifle,0.41271270527519593,False,35453
36.090396728639305,4.770936083675576,19.610231503559067,1276.2668554822392,1.668339831955669,2.1040011916747985,0.7051570755102933,34,16.5544326268814,20.941327233164163,1,568.2953693391133,108.14370927206484,570.4085101526193,63494,0,1,1,True,True,match730_003845848209444307084_2046226831_274,own,de_dust2,63494,cc23b0e440,awp,False,False,False,False,False,False,28.0,0.0,0.0,sniper,0.412664159972606,False,63302
45.84025811104399,14.85498149948098,26.80226745112309,1391.256375595815,0.182203290250453,1.3029268383918051,0.182203290250453,37,3.03013592202516,21.631418097963223,4,945.4983003376892,87.68715170966155,539.3896258666692,6513,13,3,3,True,True,aurora-vs-9z-m2-mirage-p2,pro,de_mirage,6526,6c2b13b080,ak47,False,False,False,False,False,False,0.0,0.0,0.0,rifle,0.41263803013066735,False,6321
56.59702126850216,25.263982437362458,10.117484539332454,2471.2920571935338,2.1084047630104377,1.9581256148519397,0.3689657835518455,13,12.458059718963078,11.600205834533302,15,338.2845983882445,73.43885797604503,185.2688179021281,89851,0,1,1,True,True,match730_003833682433258029322_1216037504_161,own,de_dust2,89851,8a33bc3a37,awp,False,False,False,False,False,False,9.0,0.0,0.0,sniper,0.4125981918364626,False,89659
96.74110403858184,19.522858244853214,4.188699573074529,3199.6120673149144,0.7744233967324005,0.5314827402025065,0.3728764476279889,29,12.800635863574694,8.678293648878812,21,938.5929910725272,132.0125539076301,147.14123033251389,97619,0,1,1,True,True,match730_003846095210866016783_0292086677_161,own,de_ancient,97619,b639457643,awp,False,False,False,False,False,False,42.0,0.0,0.0,sniper,0.4125761417249407,False,97427
311.223322730854,109.58486432259292,16.276751681608392,16282.872726627722,2.1384698849872352,2.787005348008735,2.1384698849872352,7,26.149326463555465,34.01480599520874,0,653.6860340593089,7.124630612856951,32.85577667571874,71673,13,3,3,True,True,match730_003846055312767320440_2034169741_274,own,de_nuke,71686,8a33bc3a37,ak47,False,False,False,False,False,False,18.0,0.0,1.0,rifle,0.412460576442681,False,71481
38.56274636559331,15.5271802862358,3.3173581137436376,1084.3487534284204,2.733176860440128,2.7113508538624265,2.250326351009037,8,35.05661528254444,34.794411037282174,0,728.1331200750135,96.72642505899591,747.7836527147459,142499,24,3,1,False,True,match730_003846114907586035842_2006638891_196,own,de_mirage,142523,1c49a0cc75,ak47,False,False,False,False,False,False,20.0,0.0,0.0,rifle,0.412375166383555,False,142307
49.047857230353706,9.785308430801289,43.44771702940263,1204.9657403009842,1.3707975350590038,2.471225496779577,1.3707975350590038,22,17.113321471395036,30.90075858270692,2,714.9789200616415,10.05314842502316,70.31292420206323,158449,0,1,1,True,True,astralis-vs-fnatic-m1-dust2,pro,de_dust2,158449,ca06492643,awp,False,False,False,False,False,False,0.0,0.0,0.1504524946212768,sniper,0.41231435867698113,False,158257
41.35540457281226,5.412523754658091,36.32592577571175,868.3549217785815,0.7006561241811552,2.235784153208649,0.7006561241811552,11,9.657740874490624,30.85459968549072,2,782.1894530632857,72.07987521627277,61.1970966252955,52229,0,1,1,True,True,aurora-vs-9z-m2-mirage-p2,pro,de_mirage,52229,4044fff327,awp,False,False,False,False,False,False,0.0,0.0,0.0,sniper,0.41226859247990527,False,52037
264.2867562364416,35.85195685821547,38.66986165649512,4465.346921012969,0.904927504210988,0.8923289531297414,0.3787668048680461,14,7.782868710423407,7.612768293274937,13,481.02021529396825,160.08456892974192,442.551350452401,7948,19,4,3,True,True,furia-vs-betboom-m1-mirage,pro,de_mirage,7967,52f704f8ce,m4a1_silencer,True,False,False,False,False,False,0.0,0.0,0.0,rifle,0.41225867289186335,False,7756
103.09140403740211,22.158765659990834,18.64679209599866,1970.631775087321,1.0188909447479642,1.667421859280342,1.0188909447479642,16,23.62935874233941,38.78346694067973,0,1325.6499908539895,49.522733468585706,123.0956417053664,39990,0,1,1,True,True,aurora-vs-9z-m2-mirage-p1,pro,de_mirage,39990,6c2b13b080,ak47,True,False,False,False,False,False,0.0,0.8938586711883545,0.0,rifle,0.412255910324938,False,39798
28.22373796653753,13.096840804027696,24.04327229450932,1315.5073213975884,0.6034732164678525,1.5933939122410714,0.6034732164678525,40,8.056957782815271,21.113609183362712,3,764.7632245691169,109.17529280775716,502.1885073729723,178453,35,7,4,False,True,furia-vs-betboom-m2-cache,pro,de_cache,178488,0f3b1e9da0,m4a1,False,False,False,False,False,False,0.0,0.0,0.0,rifle,0.4122149807226287,False,178261
487.091809371261,54.80382445004223,6.520459877488929,11833.618500337092,2.060376164486483,1.802791611556728,0.568505002248167,13,23.89459440023135,20.88467576926669,0,664.1189708596422,173.72246603805317,466.7290049166892,9089,85,6,1,False,True,match730_003846114907586035842_2006638891_196,own,de_mirage,9174,8a33bc3a37,p250,True,False,False,False,False,False,32.0,0.0,0.0,pistol,0.4121238303976147,False,8897
50.69140625,4.609474007990594,34.476388766011446,1434.0037329327065,4.575529336153079,4.559823773019168,4.375501183336453,0,27.067458976131626,27.28543358907327,0,337.98089722601054,212.87198852047808,409.814135254412,87773,6,2,2,True,True,astralis-vs-fnatic-m1-dust2,pro,de_dust2,87779,95b933ed7c,ak47,True,False,False,False,False,False,0.0,1.0,0.0,rifle,0.41211766829183194,False,87581
47.96173077151134,11.184807778193267,29.231189909244392,1358.1132693767258,3.2309461640202435,2.7299727210466,0.0118613984435708,0,44.02669556474424,37.1812887740198,0,779.0003345296045,198.31675190692587,348.3684800393873,80360,32,6,4,False,True,match730_003845735833772490759_0956054515_272,own,de_inferno,80392,68a903afd4,m4a1_silencer,False,False,False,False,False,False,32.0,0.0,0.0,rifle,0.4120057279345741,False,80168
75.3304057952006,13.546832556206468,2.281466117564352,1480.681758204728,0.6203234325304908,2.3178586409884567,0.2056447188442244,6,5.6268122025632925,21.298639793102133,6,506.69314941259387,66.15566914221156,778.4222429061091,98712,60,10,5,True,True,match730_003829380948349157814_1390656678_161,own,de_dust2,98772,9a711e878c,m4a1,True,False,False,False,False,False,40.0,1.0,1.0,rifle,0.4119042067312676,False,98520
212.8935546875,36.923948491921934,160.3566976949044,5662.944865570222,0.9186732830273228,6.341250930157657,0.9186732830273228,2,6.64511306920139,48.245780314922726,2,413.80256412620014,53.14278470616228,80.07486586074553,81545,19,5,3,True,True,match730_003833682433258029322_1216037504_161,own,de_dust2,81564,f86f118666,mac10,True,False,False,False,False,False,7.0,0.0,0.0,smg,0.4118084715532248,False,81353
161.66466719318376,29.519971454247862,136.12676545833628,4875.450585163512,4.1402574581739655,5.567929556095514,2.9532491044279925,0,39.43470767376105,53.09011899630316,0,544.7721564859172,158.04509299955163,682.0405386995325,155982,17,4,2,False,True,astralis-vs-fnatic-m1-dust2,pro,de_dust2,155999,fe19e6103c,m4a1,True,False,False,False,False,False,0.0,1.0,0.2864136099815368,rifle,0.411750314940132,False,155790
108.09893029872036,14.416290025618386,15.285581844000598,2916.7169773833702,0.4162032651118239,0.8159876428839137,0.4162032651118239,41,9.101411075355122,17.902569128190965,3,1241.872011823329,104.9597656660722,505.9950835895913,32878,0,1,1,True,True,furia-vs-betboom-m2-cache,pro,de_cache,32878,6c3df85cda,ak47,True,False,False,False,False,False,0.0,0.0,1.0,rifle,0.41172062703129964,False,32686
20.73861172704314,4.873952536186758,11.994435690473631,796.9940442899876,0.5956367581853652,1.208068617219194,0.0405659758929326,11,10.151757833893194,20.52015543602624,5,972.879146340506,218.38906108051663,726.7698598483767,23129,0,1,1,True,True,aurora-vs-9z-m1-dust2,pro,de_dust2,23129,4044fff327,awp,False,False,False,False,False,False,0.0,0.0,0.0,sniper,0.4116960336420952,False,22937
82.04686394602219,29.95926578570953,39.26724080250827,2896.575257470573,0.5056082898034372,2.818562172767616,0.5056082898034372,5,9.46019232675707,52.86429228192314,2,1071.6840476499367,158.83060436592166,472.4872152249377,60902,29,6,4,False,True,luminosity-vs-nemiga-m2-dust2,pro,de_dust2,60931,74c7d1f104,galilar,False,False,False,False,False,False,0.0,0.0,0.0,rifle,0.4116715513031115,False,60710
27.55149509160132,12.213209587255832,17.78783790320932,745.9186022070587,1.1535119598867305,1.8005423832890162,1.1535119598867305,17,19.932832715876284,30.86799420222642,1,988.3279269876322,131.72561156516835,394.2970841795248,29738,23,5,3,False,True,match730_003846095210866016783_0292086677_161,own,de_ancient,29761,9c0b0079af,m4a1,False,False,False,False,False,False,8.0,0.0,0.0,rifle,0.4116707087342972,False,29546
171.55449629772585,25.030378306954365,40.1231952255006,5589.852436084896,0.4359774562676777,1.7749302463962853,0.2069278233407177,7,6.686588181513241,26.93896048703061,4,878.6398790776536,136.19235015768788,631.0253779161676,22731,0,1,1,True,True,match730_003833682433258029322_1216037504_161,own,de_dust2,22731,f86f118666,ssg08,False,False,False,False,False,False,7.0,0.0,0.0,sniper,0.41155557309722296,False,22539
212.4505628299597,31.981571192824106,59.32268505937272,9586.211021117422,5.80169126415907,6.768061147382115,5.420422845756414,0,47.39867528852227,54.74812903275215,0,460.0700559811327,106.65817924509992,605.4082366215168,61909,71,12,3,False,True,match730_003833682433258029322_1216037504_161,own,de_dust2,61980,c782b3ec74,ak47,False,False,False,False,False,False,69.0,0.0696385875344276,0.0,rifle,0.4115189745897203,False,61717
374.5648353436386,93.77787937565034,27.15072901710533,14260.07302966489,2.1652039798754728,7.368744558561902,2.1652039798754728,2,10.73632354565858,38.41459675560394,3,283.7248190722452,134.97036151089063,282.9718859500161,15940,44,10,5,False,True,match730_003845721267390906757_0873910189_273,own,de_anubis,15984,ba2f9f431e,mac10,True,False,False,False,False,False,23.0,0.0,0.0,smg,0.41146814987916436,False,15748
98.0562987643117,11.719369022196474,3.7833130368119416,3430.741497523697,0.7318854770553443,0.948668723571769,0.7318854770553443,22,9.731492296266737,12.779224909918934,19,754.9965088884646,198.1521829450714,215.1397962325407,60714,51,9,4,True,True,match730_003846095210866016783_0292086677_161,own,de_ancient,60765,26eeb217ae,ak47,False,False,False,False,False,False,40.0,0.0,0.0,rifle,0.4114262609616074,False,60522
57.38091418798864,27.08693019685954,27.640802286249837,957.625,3.0376236699455226,1.8473755074289224,0.5455796774893537,0,39.291731666300834,23.874390749502773,0,740.3281290082674,69.31505860928706,348.60148238295005,73156,40,8,5,True,True,match730_003833682433258029322_1216037504_161,own,de_dust2,73196,296e119cfc,m4a1,False,False,False,False,False,False,98.0,0.0,0.0,rifle,0.4113517656449358,False,72964
68.0637736555998,10.457903155666344,36.09698037547893,1900.189737726784,0.4294176742292917,1.288434574078136,0.4294176742292917,17,9.60715873969953,28.65741321744813,2,1279.1973519420449,82.8019364306073,117.75915940350622,42104,0,1,1,True,True,astralis-vs-fnatic-m1-dust2,pro,de_dust2,42104,ca06492643,awp,True,False,False,False,False,False,0.0,0.0,0.0,sniper,0.4111764339553535,False,41912
112.3262303131939,30.394795913235225,95.68224623848045,1873.822036791936,3.210313996357302,7.112522860660276,3.0753193111582333,0,29.717241049629624,66.68398755078645,0,517.9576814048968,150.9863256987054,364.884418059054,56471,29,6,2,False,True,match730_003833682433258029322_1216037504_161,own,de_dust2,56500,e2df927a56,galilar,True,False,False,False,False,False,24.0,0.0,0.0,rifle,0.41110719247984395,False,56279
201.59412989405416,55.83365769416345,62.17277074835975,7770.543891674415,0.6556912490153946,4.0723479315807,0.6556912490153946,3,9.247071189869104,57.632618396533736,2,805.5969947966528,67.95769556470415,92.37326669843276,55675,51,9,4,False,True,match730_003846114907586035842_2006638891_196,own,de_mirage,55726,a0aa94d8fe,ak47,False,False,False,False,False,False,36.0,0.0,1.0,rifle,0.41097894866122653,False,55483
31.999136201554645,6.460965764394029,18.459295564682453,886.0842245450924,1.78479865780828,1.2826612377782698,0.6189385630354401,17,16.919683201465965,12.251860996771049,10,528.4448804211686,65.18273085799356,187.94531718611375,63237,13,3,2,True,True,match730_003831793800846508273_1359762374_161,own,de_mirage,63250,8a33bc3a37,ak47,True,False,False,False,False,False,6.0,1.0,0.0,rifle,0.4109478867815303,False,63045
367.77424955516426,35.88728449331504,21.572516620414387,13946.610775806152,6.719007945947359,5.83802768328643,2.706689129781639,0,38.2730091320081,34.08397285567075,0,324.6622658608598,133.37918127833993,341.7660553257477,92671,42,5,1,False,True,match730_003846095210866016783_0292086677_161,own,de_ancient,92713,26d15ffc47,ak47,False,False,False,False,False,False,40.0,0.0,0.0,rifle,0.4109152158213679,False,92479
80.39230870002739,15.417002296412956,5.8350765151931645,2173.677014142872,0.68134376346229,0.9570942132288228,0.674672088264878,23,7.02667313971211,9.870365499182215,21,590.739898736765,96.67381779467637,103.0477038193436,46620,0,1,1,True,True,luminosity-vs-nemiga-m2-dust2,pro,de_dust2,46620,c4ceacecd8,awp,False,False,False,False,False,False,0.0,0.0,0.0,sniper,0.4107932510746724,False,46428
88.70380039975971,28.92174496082995,15.712003205041176,2246.249136272298,2.640756169721266,1.2445683188640253,0.3284260013125556,34,25.67132475707832,12.123960642410216,0,544.4869194946144,36.77190719415521,369.52027103818966,89552,39,5,4,True,True,match730_003845848209444307084_2046226831_274,own,de_dust2,89591,71f78fbbc6,ak47,True,False,False,False,False,False,28.0,0.0,0.0,rifle,0.41064123134292363,False,89360
293.336805153525,66.08414619389767,35.29860441277173,9990.726492050231,18.81138512647465,14.662823701116926,12.124135644143491,0,61.205839425383104,48.01800066729148,0,176.48275962789418,58.82301315050414,332.50678106610025,95748,58,14,3,False,True,match730_003833682433258029322_1216037504_161,own,de_dust2,95806,916fd9f867,p90,False,False,False,False,False,False,19.0,0.0,1.0,smg,0.4106250556169996,False,95556
121.45002353741798,23.20360215924999,4.936587217374204,5740.305614447795,1.5509361296796047,1.3820240229737648,0.7403874824099326,19,16.568083958455578,14.749357238835,18,611.7896685049895,30.97803864566157,323.5274967526106,41645,25,5,4,False,True,match730_003846055312767320440_2034169741_274,own,de_nuke,41670,8a33bc3a37,ak47,False,False,False,False,False,False,18.0,0.9648219347000122,0.0,rifle,0.41062468670243835,False,41453
345.91426044066185,37.6185664613574,53.11158925108597,19846.339173016782,2.964796258903419,5.8281642130868505,2.964796258903419,1,21.98378822152485,43.011967604479096,0,424.2725087945781,100.9708599965996,603.2094816143949,65109,29,3,1,False,True,match730_003846224175849013887_1403891103_383,own,de_anubis,65138,0c250789aa,usp_silencer,True,False,False,False,False,False,62.0,0.0,0.0,pistol,0.41059916701938975,False,64917
43.07124184516245,7.299226261589229,4.174424645708732,973.8618864823864,0.542292836009399,1.8567158062172533,0.542292836009399,8,5.86896373403955,20.001267203535644,5,613.3506691819587,240.3479952358802,884.0574625700054,116730,0,1,1,True,True,furia-vs-betboom-m1-mirage,pro,de_mirage,116730,372a892754,ak47,False,False,False,False,False,False,0.0,0.0,0.0,rifle,0.410582597876827,False,116538
86.8359375,16.421388252840096,2.9930126866478126,3654.84375,1.1648980135270777,0.7886556977938552,0.3119406770188712,17,16.0475316287832,10.866528465062522,14,789.0885745670472,112.6143499858477,249.5261473332909,70454,0,1,1,True,True,match730_003831793800846508273_1359762374_161,own,de_mirage,70454,6ca81de9cd,ssg08,False,False,False,False,False,False,65.0,0.0,0.5389165878295898,sniper,0.41056419558167806,False,70262
116.16974381503886,30.546729108623325,20.833555736495416,5047.91915437069,1.340165153056412,1.856800809103581,1.340165153056412,10,28.95575604790689,40.239731812817,0,1236.517803780329,46.78088386255109,386.4555523007851,100754,14,3,2,False,True,match730_003845735833772490759_0956054515_272,own,de_inferno,100768,a133b8e5d6,m4a1_silencer,True,False,False,False,False,False,12.0,0.0,0.0,rifle,0.4105597979549392,False,100562
181.5550792444789,53.42285692987716,97.63458251671892,5094.441670107855,1.469961054002747,8.925530355155576,1.469961054002747,2,11.142455773265596,68.60963613148536,2,433.5571893967135,141.8983472476319,376.1784861357039,12869,38,4,1,False,True,match730_003845848209444307084_2046226831_274,own,de_dust2,12907,8a33bc3a37,usp_silencer,True,False,False,False,False,False,19.0,0.0,0.0,pistol,0.4105079544216382,False,12677
137.46006802638666,16.839391811180377,75.45090558394229,4271.139036089745,0.2590755177703123,3.1210942604418683,0.2590755177703123,3,2.714620812673958,32.049386147192074,3,583.6026833039991,98.2491631503443,126.35733907254492,11476,14,4,2,True,True,aurora-vs-9z-m2-mirage-p1,pro,de_mirage,11490,6e8537eb46,mac10,True,False,False,False,False,False,0.0,0.0,0.0,smg,0.410403941510663,False,11284
113.31683510064003,14.14906291929208,39.116790396674006,4632.10885165715,0.8566153383818262,0.5699728115312179,0.158785298290974,16,8.761924734073842,5.872122263794196,12,576.1942093969785,90.58846182368096,427.75893626341445,13627,12,3,2,False,True,furia-vs-betboom-m1-mirage,pro,de_mirage,13639,372a892754,m4a1,False,False,False,False,False,False,0.0,0.0,1.0,rifle,0.41039404659922457,False,13435
117.00370282239624,15.915796523596327,14.6484375,5645.679395881935,0.7080518982928484,1.7640869086921245,0.2834511278854613,7,15.163572316348567,38.20190812338122,5,1224.5910288458626,91.48211672643995,362.82606975620905,26716,31,4,2,False,True,match730_003846224175849013887_1403891103_383,own,de_anubis,26747,bc3a159fd7,ak47,True,False,False,False,False,False,74.0,0.0,0.0,rifle,0.4102494123352015,False,26524
64.33028166785321,11.904060398481564,44.04505216062162,2108.3966618641225,0.5263227181830354,2.176199606748619,0.1082939015241105,7,8.382271745211245,34.91597574573672,3,912.3873864337744,195.08952178631276,1031.140547417684,99231,0,1,1,True,True,astralis-vs-fnatic-m1-dust2,pro,de_dust2,99231,ca06492643,awp,False,False,False,False,False,False,0.0,0.0,0.0,sniper,0.41023964725959067,False,99039
45.75344989880897,10.708357289199274,1.2689563036811942,2160.525775547885,1.7812724786851346,1.3160251470655189,0.5085215274663443,27,24.8230833817164,18.31357318804619,0,792.0049370032871,111.45971736395497,237.83783259456905,26862,23,5,5,True,True,match730_003846114907586035842_2006638891_196,own,de_mirage,26885,476a8ccf25,m4a1,False,False,False,False,False,False,19.0,0.0,0.0,rifle,0.4102180582730554,False,26670
93.50428893202262,17.26520588505053,40.708099754134864,2738.748918996725,1.051968388962197,3.460001272872927,1.051968388962197,5,19.04939033755668,62.73899537898252,1,1017.888447680616,170.03217725999994,229.1644876984942,9498,19,4,2,False,True,luminosity-vs-nemiga-m1-cache,pro,de_cache,9517,f730a5e684,ak47,True,False,False,False,False,False,0.0,0.0,0.0,rifle,0.4101621458869477,False,9306
97.16846372974784,21.849040448144937,22.86249375823735,1597.372409466926,0.7129128707882812,0.660074365568925,0.1497327723458552,27,8.533575590878174,7.976170797318072,17,684.1695789437766,98.64782493325131,153.23192188807872,43715,13,3,2,True,True,luminosity-vs-nemiga-m1-cache,pro,de_cache,43728,c4ceacecd8,ak47,False,False,False,False,False,False,0.0,0.0,0.0,rifle,0.410145519370879,False,43523
74.41047419509596,14.937825227866709,60.17395933249414,2979.2227056719257,0.4122995296751394,3.049627757988123,0.4122995296751394,4,6.916273833419343,51.20783920948468,2,960.9990972247208,92.76553870168752,512.5332909310254,242467,0,1,1,True,True,furia-vs-betboom-m2-cache,pro,de_cache,242467,372a892754,ak47,True,False,False,False,False,False,0.0,0.0,0.0,rifle,0.41014361976206914,False,242275
73.33210674329348,20.170436758077912,23.144253127731265,1992.7804649363077,0.2291503982810698,1.7243295477321716,0.1576763096966115,8,4.170785271385235,31.407015693385443,3,1042.724508407963,160.93526818149516,148.91415209322466,80554,0,1,1,True,True,match730_003829380948349157814_1390656678_161,own,de_dust2,80554,857d0f207c,ssg08,True,False,False,False,False,False,38.0,0.0,0.0,sniper,0.410126328218063,False,80362
330.32468384329405,47.35963460911026,7.108866431301766,10404.633360457108,1.172533244460911,1.1703669475307472,0.9875407272920383,16,17.6879177457734,17.654669919640316,8,864.1032109288508,0.0,305.3187014303565,72448,36,4,3,False,True,match730_003845848209444307084_2046226831_274,own,de_dust2,72484,71f78fbbc6,ak47,True,False,False,False,False,False,28.0,0.0,0.0,rifle,0.41005867524776346,False,72256
50.59507704485311,11.574099383522393,31.171692660887885,3122.6939345526453,2.486341172852806,2.047631637453068,1.896287741161187,16,18.47416085590276,15.242348249669988,15,423.2226306698565,117.10643486513912,245.59057461993476,109516,42,5,3,False,True,astralis-vs-fnatic-m1-dust2,pro,de_dust2,109558,7097f9c9f2,elite,True,False,False,False,False,False,0.0,0.0,0.9525562524795532,pistol,0.4100448901282021,False,109324
33.07629270168296,5.271960951211675,19.55945415655729,1031.5541014410692,1.073693449399529,1.9888872593995015,1.073693449399529,14,8.480919713234597,15.85516871687193,7,452.40197105022224,171.76204444806496,805.8650903191698,105667,12,3,2,False,True,match730_003831793800846508273_1359762374_161,own,de_mirage,105679,6df4b3d0cf,ak47,False,False,False,False,False,False,70.0,0.0,0.0,rifle,0.41003480288625344,False,105475
210.91439079911643,81.62100774104572,50.65339132508944,4815.815783040576,5.970599022474548,10.382781300349624,5.970599022474548,0,32.42708335668775,58.31240658513228,0,275.5560068538281,116.97660088236336,97.06893882021876,5187,23,3,2,False,True,match730_003845735833772490759_0956054515_272,own,de_inferno,5210,c0d4e00ddc,elite,False,False,False,False,False,False,4.0,0.0,0.4066015481948852,pistol,0.40997701258194913,False,4995
29.37337838830565,2.7427111552098973,20.636677770476712,800.4399696710348,0.5051647739199787,1.0412188460222638,0.4491407214812489,50,10.90976123645978,22.765661952781404,3,1236.7980411415313,224.34980868949856,581.4039608104146,102317,0,1,1,True,True,match730_003829380948349157814_1390656678_161,own,de_dust2,102317,857d0f207c,awp,False,False,False,False,False,False,38.0,0.0,0.0,sniper,0.40988190505887795,False,102125
125.455978591056,17.003334721471617,102.42914926012374,2363.37821147433,3.9199315964714994,8.493315891434767,3.9199315964714994,0,27.67054367072041,62.010817010955535,0,353.782078899306,125.34899493218349,201.12812817653517,155717,0,1,1,True,True,luminosity-vs-nemiga-m1-cache,pro,de_cache,155717,3b306c71b2,m4a1_silencer,True,False,False,False,False,False,0.0,0.9985349774360656,0.0,rifle,0.4098702875358287,False,155525
336.9727763788262,76.68684668562224,146.07891816618795,13907.444749871203,3.812038071359345,4.909367861298206,2.9523993681739427,0,24.76129416673033,33.06079840392737,0,369.0124588631145,69.76221656176051,134.25414572021347,8595,10,3,2,True,True,match730_003845721267390906757_0873910189_273,own,de_anubis,8605,ba2f9f431e,mac10,False,False,False,False,False,False,23.0,0.0,0.0,smg,0.40981470478022886,False,8403
177.4784293405897,38.13721905317943,3.4717447945969107,3099.818676483954,0.6623557747498446,0.8230564295901741,0.5002803993500513,26,10.250412602232512,12.753649885566256,9,886.5452888051171,122.08580649504908,739.3199761429057,90387,7,2,1,False,True,match730_003845848209444307084_2046226831_274,own,de_dust2,90394,71f78fbbc6,ak47,True,False,False,False,False,False,28.0,0.0,0.0,rifle,0.4097521878374545,False,90195
61.837316655522784,20.391311357489432,18.77410375810151,2235.9375,0.5409143160814467,0.7076410562202179,0.2656276961396991,20,6.095072431788477,7.851314741749455,18,645.485585624741,216.72514443272564,368.0707002705024,9628,0,1,1,True,True,match730_003845735833772490759_0956054515_272,own,de_inferno,9628,6f17506be7,deagle,False,False,False,False,False,False,40.0,0.0,0.0,pistol,0.40966992094716637,False,9436
88.16624842930935,6.307497857207554,40.6400416953015,2934.907002492373,5.978429574369669,6.113448125440315,1.354972491200798,0,28.97458218556805,30.262066545837875,0,276.1661519128919,197.81905712787,652.0422290661712,71461,37,4,1,False,True,match730_003845735833772490759_0956054515_272,own,de_inferno,71498,132f8af47c,usp_silencer,True,False,False,False,False,False,11.0,0.0,0.0,pistol,0.4096302874864985,False,71269
157.6069403065411,20.156322537324257,10.837085974959594,4464.342647417204,1.5897065756652906,1.9359851633498484,1.5897065756652906,38,27.719046882623854,33.75995583355224,0,998.341315537557,76.68706966108691,157.6636946371762,107091,13,3,3,True,True,furia-vs-betboom-m1-mirage,pro,de_mirage,107104,0f3b1e9da0,ak47,True,False,False,False,False,False,0.0,0.0,0.0,rifle,0.4096281017793842,False,106899
101.26807391068076,22.188235965039706,62.86646149724904,3191.897120388435,7.644840890557916,9.525570986409052,2.3835507010160595,0,45.33889328798585,56.46466011831144,0,337.5398524492044,206.514698144836,210.332814569792,7834,0,1,1,True,True,match730_003846087479924883540_0606572273_161,own,de_mirage,7834,26d15ffc47,deagle,True,False,False,False,False,False,66.0,0.0,0.0,pistol,0.4096222729781507,False,7642
47.81803761246882,13.59024662093448,2.445938845443695,1503.0925649920125,3.834009114423592,2.288568456165154,1.1401387641200311,0,24.913285772493843,15.041702333986184,0,370.825907435619,161.0856448600271,422.4622745872816,22748,11,2,2,True,True,match730_003829380948349157814_1390656678_161,own,de_dust2,22759,f41ec87e6d,usp_silencer,True,False,False,False,False,False,72.0,0.0,0.0,pistol,0.40957325887727297,False,22556
34.578516527416504,4.732788267660767,5.61158629076645,1082.39824027235,0.3170278714627415,0.2908957995066629,0.2190849882033431,20,6.302689869011483,5.783164201410295,16,1123.5977830925942,79.24655862395386,89.93500627981565,210463,0,1,1,True,True,luminosity-vs-nemiga-m2-dust2,pro,de_dust2,210463,456b773fab,awp,False,False,False,False,False,False,0.0,0.0,0.9256293177604676,sniper,0.40948869518573716,False,210271
232.2962258026377,23.139476077223968,18.874963412992063,6338.486730685109,0.8306895748646969,0.614335499663862,0.3260215878036991,16,15.70181075661582,11.71501466042776,9,1078.141567838678,212.93740919173788,598.4470665587863,47073,0,1,1,True,True,furia-vs-betboom-m1-mirage,pro,de_mirage,47073,c1aa9f613a,ak47,False,False,False,False,False,False,0.0,0.404412031173706,0.0,rifle,0.4094885391608684,False,46881
163.56523336445008,27.048538415815734,34.80871940935874,6058.887263436525,3.7783602839489054,2.282363870696269,0.9546697423615244,0,54.30674971229795,33.16225522990531,0,822.3010774123304,131.9816042019809,509.8861852274505,59918,69,9,4,False,True,match730_003846224175849013887_1403891103_383,own,de_anubis,59987,0c250789aa,ak47,False,False,False,False,False,False,62.0,0.0,0.0,rifle,0.4094585094146263,False,59726
65.31771617301584,16.328278416734506,40.11964297261776,1629.8143008834045,1.9235748004330344,2.111526202437469,0.5195605223573204,7,17.70425591278121,19.446953371407112,6,526.9585498217401,113.1621663696966,494.6415738018258,48100,0,1,1,True,True,astralis-vs-fnatic-m1-dust2,pro,de_dust2,48100,ca06492643,awp,False,False,False,False,False,False,0.0,1.0,1.0,sniper,0.40941522659946455,False,47908
85.34003752459749,15.744223327846589,8.936542918127591,5461.762401574239,0.3484670958111915,1.3908352188343307,0.3484670958111915,8,2.6179027885790465,10.72511905576049,8,430.4139765475426,135.83087655293764,147.1220504807345,94868,28,5,4,True,True,match730_003845735833772490759_0956054515_272,own,de_inferno,94896,a133b8e5d6,m4a1_silencer,False,False,False,False,False,False,12.0,0.0,0.0,rifle,0.4094117632075159,False,94676
56.36188271582759,15.822844313227554,4.190362179808861,2143.0599363118617,0.5158307953210722,0.4966797694706233,0.1129223000882022,37,10.730307070350058,10.333593091501626,10,1186.3622831082275,121.56137171817554,193.51802469205808,112148,7,2,2,True,True,match730_003846114907586035842_2006638891_196,own,de_mirage,112155,1c49a0cc75,ak47,True,False,False,False,False,False,20.0,0.0,0.0,rifle,0.4092534364018178,False,111956
260.2893948672377,39.04447290296347,10.11732197813996,7718.103356158424,7.016655330972645,5.534079288248845,1.1676900117388629,0,27.035136828180864,22.15181548282605,0,219.63837058666445,75.44349234748304,94.59692985238848,42572,39,7,2,False,True,match730_003845735833772490759_0956054515_272,own,de_inferno,42611,8b02ca5490,m4a1_silencer,False,False,False,False,False,False,32.0,0.0,0.0,rifle,0.4092507303782704,False,42380
81.35950537506847,21.149120558841854,2.0947265625,2719.044328290688,3.9151304788119217,2.2403571227400434,0.4912630408790735,0,36.39499009483149,20.805755966465167,0,521.3470844908268,96.91545278843978,300.4663213794374,81607,186,12,4,False,True,match730_003833678395988770820_2132169428_161,own,de_dust2,81793,4ccc3c6dfc,glock,True,False,False,False,False,False,46.0,0.0,0.0,pistol,0.40917247768339043,False,81415
34.83583895936055,7.495958504437968,9.06921653396957,1230.1357174252946,1.0545314821741525,1.2380104933144405,0.8390717687719488,34,14.367136090315638,16.761927078077015,7,780.322172542433,170.80304914130926,136.73577680011968,5447,9,2,2,True,True,astralis-vs-fnatic-m2-ancient,pro,de_ancient,5456,95b933ed7c,glock,False,False,False,False,False,False,0.0,0.0,0.0,pistol,0.4091576426587428,False,5255
252.1829076658455,20.71991393630237,4.363693581712681,8015.373002359653,2.18838626102331,1.335837780875415,0.079090671277435,15,25.97290839570439,15.908175221534728,0,678.3756080069677,219.98863257221265,252.434898108141,3112,29,4,2,False,True,astralis-vs-fnatic-m2-ancient,pro,de_ancient,3141,f100e9403c,glock,False,False,False,False,False,False,0.0,0.0,0.0,pistol,0.40904475801328094,False,2920
52.8447265625,8.417029044643707,4.396343358344438,2299.3125,0.5856085787210491,0.9721767047604344,0.5856085787210491,35,6.360753796913408,10.564496684798405,16,609.324547012407,88.97922673695004,92.50104172223118,60064,0,1,1,True,True,match730_003845735833772490759_0956054515_272,own,de_inferno,60064,8b02ca5490,awp,False,False,False,False,False,False,32.0,0.0,0.0,sniper,0.4090252015776707,False,59872
130.98659698793193,9.801531757623897,91.18775002843763,5617.203281541648,3.095020632616225,4.620653882723027,2.793331471758639,0,17.483714268246683,26.617925269307563,3,323.2942052703255,223.89571250691745,921.3514126941708,76678,0,1,1,True,True,match730_003831793800846508273_1359762374_161,own,de_mirage,76678,8a33bc3a37,ak47,False,False,False,False,False,False,6.0,1.0,0.0,rifle,0.4090133756969904,False,76486
36.88237980849575,4.626427718870476,25.157795289544016,1136.6287145403317,1.031750294301702,1.2458976336641927,1.031750294301702,16,11.914643841986074,14.560905797201574,11,661.5791839990163,189.93720970719303,365.7602703901181,35152,35,7,5,True,True,furia-vs-betboom-m1-mirage,pro,de_mirage,35187,c32a6f9c5c,m4a1,False,False,False,False,False,False,0.0,0.0,0.0,rifle,0.40892427656399055,False,34960
186.77153919410685,34.57248028960166,72.40056903046373,5044.623869832031,0.6731705659255578,3.645651609083589,0.275754034926544,3,10.349464380320416,57.81921639938783,2,880.7041039484179,119.01642118978044,545.2666297304525,10761,98,12,4,False,True,match730_003829380948349157814_1390656678_161,own,de_dust2,10859,9a711e878c,galilar,True,False,False,False,False,False,40.0,0.0,0.0,rifle,0.40886400874575474,False,10569
613.3305763887772,57.10217040345959,6.623515308022483,10918.967863935452,2.0579047285530967,2.4513847916541343,1.0307022811797042,9,19.104096664696897,22.58311712270551,1,531.5096631357928,75.16437772204921,408.0173362297714,53431,0,1,1,True,True,luminosity-vs-nemiga-m1-cache,pro,de_cache,53431,456b773fab,deagle,True,False,False,False,False,False,0.0,1.0,1.0,pistol,0.4088339626746635,False,53239
347.9484280157833,54.66237607356089,31.988899485906625,7803.100029420029,6.999036073457723,4.247771222859582,1.8608521958332085,0,20.05942381725892,12.494616686400228,0,162.70338950181,124.59209188823355,510.83941348116633,90116,13,2,2,True,True,match730_003833678395988770820_2132169428_161,own,de_dust2,90129,7090249fd0,p250,False,False,False,False,False,False,36.0,0.0,0.0,pistol,0.4088214992503354,False,89924
117.06112016719028,6.422432205760748,79.21534581534918,4225.48625052096,4.517623093790735,6.04041407238609,3.5876236158203163,0,22.97608036622212,29.468208174240957,0,282.2098666075005,235.0696137030908,695.7077724135378,90030,125,11,8,True,True,match730_003845721267390906757_0873910189_273,own,de_anubis,90155,2929a724e6,glock,False,False,False,False,False,False,56.0,0.0,0.0,pistol,0.4088081733505169,False,89838
56.53519619505602,23.591360598224416,6.115885416666667,1346.306571708602,0.3724940423116169,1.1336204771148215,0.2320085898078352,9,7.619269020433016,22.97515336731514,6,1171.933485759395,177.54942902610293,437.9674016466532,65780,6,2,2,True,True,match730_003846087479924883540_0606572273_161,own,de_mirage,65786,7b600d11e9,ak47,False,False,False,False,False,False,5.0,0.0,0.0,rifle,0.4087196649717069,False,65588
38.901137332421534,8.893962646936782,29.12560862067166,768.1863111408768,0.91509449504858,1.234312272243827,0.91509449504858,15,11.60762521932653,15.812604333867892,11,704.5702719825821,195.94936069930444,580.8628481548553,209915,0,1,1,True,True,furia-vs-betboom-m2-cache,pro,de_cache,209915,867e1a2fd2,awp,False,False,False,False,False,False,0.0,0.0,0.0,sniper,0.40847537511535537,False,209723
76.94086323753854,20.111254166948243,46.11499501522605,2650.776451670189,1.304218130809602,3.6449031000954335,1.304218130809602,3,22.886860563719328,64.09503624203055,0,1005.1905471346104,217.3369206505189,283.0234590254911,42435,26,5,3,False,True,luminosity-vs-nemiga-m1-cache,pro,de_cache,42461,f730a5e684,ak47,False,False,False,False,False,False,0.0,0.0,0.0,rifle,0.40846245310540075,False,42243
172.03034441828254,44.33541586074234,104.21922565730216,7499.942042770082,4.88242109455679,11.394326882657648,1.7167085724955296,0,25.97177528661315,62.43794266521777,0,303.7314388283204,73.51995565558255,301.9539812292084,13110,9,2,1,False,True,match730_003833682433258029322_1216037504_161,own,de_dust2,13119,296e119cfc,fiveseven,True,False,False,False,False,False,98.0,0.0,0.0,pistol,0.4084138504558898,False,12918
326.74362676843594,68.73110984157148,23.12052730524221,13071.64259847632,0.359612921689908,2.3998049139222317,0.359612921689908,6,2.925885477162124,19.62053406574812,5,464.3611992515899,90.72771446548,494.45196593348487,4616,9,2,2,True,True,luminosity-vs-nemiga-m1-cache,pro,de_cache,4625,f730a5e684,glock,True,False,False,False,False,False,0.0,0.0,0.0,pistol,0.4083046873890526,False,4424
28.958193735202435,4.024334804981173,4.446912624692019,1853.324399052956,0.4086030792101915,0.6610929405341545,0.2587919284154173,17,6.67742622714703,10.802929631498676,9,935.7453076713568,157.52210829514888,770.2381487022858,63462,0,1,1,True,True,match730_003846095210866016783_0292086677_161,own,de_ancient,63462,7bbb0d4a11,awp,False,False,False,False,False,False,18.0,0.0,0.0,sniper,0.4082158060020879,False,63270
259.6679074311229,49.45747997545028,3.963124615754976,4979.030960816719,1.7449058878728037,2.426186606429772,1.7449058878728037,8,14.191172846420706,19.84223376295306,5,452.39857286857466,82.8556579446148,381.7643992254995,116327,6,2,1,False,True,match730_003845735833772490759_0956054515_272,own,de_inferno,116333,db46f148b7,ak47,True,False,False,False,False,False,43.0,0.0,1.0,rifle,0.4081921287430891,False,116135
59.41115495638805,20.586238035277862,1.3763020833333333,2765.6866300709985,4.093815873863878,2.952588943237353,0.4838546081959813,0,26.55604735246006,19.785778619591188,0,370.2232761931331,84.8037325153293,110.70922698005612,82040,0,1,1,True,True,match730_003846095210866016783_0292086677_161,own,de_ancient,82040,8a33bc3a37,glock,True,False,False,False,False,False,132.0,0.0,0.0,pistol,0.4080340165601941,False,81848
31.75470766324863,11.05989284635138,6.211540311458926,945.0625,4.1545853927605805,5.560666611562064,2.001627008685996,0,23.40257124542908,31.11686480950066,0,321.7677567233189,123.8741607802593,699.0441134310539,124858,29,6,4,False,True,furia-vs-betboom-m1-mirage,pro,de_mirage,124887,c32a6f9c5c,m4a1,True,False,False,False,False,False,0.0,0.0,0.0,rifle,0.40803120448070146,False,124666
147.15332484907458,31.0230542945488,12.133662920480058,5450.650527315445,5.526280536636541,6.990954773460248,1.611714529853052,0,57.663450487903646,73.98548974367199,0,595.8548484764365,11.912849924934608,831.4847247112589,21117,97,20,7,False,True,match730_003846055312767320440_2034169741_274,own,de_nuke,21214,30df2fc581,mac10,False,False,False,False,False,False,24.0,0.0,0.0,smg,0.407988999062139,False,20925
52.92894840639419,18.764699619180867,37.45007414492599,1934.93777500069,1.1413325033043396,1.9642709607388769,1.1413325033043396,25,9.494613348605904,16.34720670002722,8,476.4675890315282,57.29627195758464,258.2499047223905,48804,0,1,1,True,True,match730_003833678395988770820_2132169428_161,own,de_dust2,48804,8a33bc3a37,awp,False,False,False,False,False,False,10.0,0.0,0.0,sniper,0.40796433976062035,False,48612
202.64367252046355,18.28188306277564,3.454702810963173,4228.892103272606,0.600106338483124,0.9302229688687392,0.600106338483124,18,13.018161779983036,20.099318423016072,6,1242.7834287463631,83.80059493549574,410.6269561391481,21705,0,1,1,True,True,luminosity-vs-nemiga-m2-dust2,pro,de_dust2,21705,524f4d4415,galilar,True,False,False,False,False,False,0.0,1.0,1.0,rifle,0.40795211400642334,False,21513
237.4102960994708,17.671783465163834,20.886999756939986,12029.73240785124,0.6013745694565759,1.451835210273937,0.5135402069202047,21,9.754885622170484,23.573731061675737,3,929.27207112003,122.05189456905237,964.5725859595196,36842,0,1,1,True,True,match730_003846224175849013887_1403891103_383,own,de_anubis,36842,0c250789aa,ak47,True,False,False,False,False,False,62.0,0.0,0.0,rifle,0.4079447306553729,False,36650
144.8654453000227,22.01897431524776,42.773688513052434,2970.778626687127,2.4219684707323768,3.3106597606194312,0.7491373525847915,2,38.77028324454939,52.99917077001603,0,916.494389237365,134.69351112336267,143.06872269699417,70091,0,1,1,True,True,match730_003846224175849013887_1403891103_383,own,de_anubis,70091,9c0b0079af,deagle,False,False,False,False,False,False,54.0,1.0,0.0,pistol,0.4078479510583254,False,69899
359.0504150747331,59.6064537242478,10.77576848336922,13422.604386855464,1.7781542137294963,1.8852505069280296,0.8137287226758286,13,16.151896268258373,17.568435102703546,11,520.122681735839,86.91206024145254,433.9601100199041,193006,13,3,2,False,True,furia-vs-betboom-m2-cache,pro,de_cache,193019,0f3b1e9da0,m4a1_silencer,False,False,False,False,False,False,0.0,0.0,0.0,rifle,0.4077553589861352,False,192814
131.87190504736145,31.23917163137497,101.0724507001384,3128.008834769882,2.587447895624884,8.809855386454354,2.587447895624884,1,20.70158399750252,71.3782081763396,0,450.123584744444,35.58754285600946,233.8247450625773,53686,34,7,3,False,True,match730_003833682433258029322_1216037504_161,own,de_dust2,53720,e2df927a56,galilar,False,False,False,False,False,False,24.0,0.0,0.0,rifle,0.4077379127853915,False,53494
208.5270575478233,13.644442434144215,7.554567910387452,6120.043580944268,1.0011789602883208,0.8615588281759479,0.4532674560895587,13,9.020308570428702,7.754496036181346,11,499.8362939796066,90.50750977048054,485.5115580938742,13359,0,1,1,True,True,aurora-vs-9z-m2-mirage-p2,pro,de_mirage,13359,6c2b13b080,galilar,True,False,False,False,False,False,0.0,0.0,0.0,rifle,0.40769869530288627,False,13167
66.10069783083341,6.220348927241622,50.91587062166081,1134.5190956656966,3.839785075061709,3.987140206354107,2.6049154245081563,0,30.485369116789943,31.355799332941807,0,453.8803565583541,164.3940976479801,455.9250538695042,147729,26,5,2,False,True,aurora-vs-9z-m1-dust2,pro,de_dust2,147755,7a9df6b20d,m4a1_silencer,True,False,False,False,False,False,0.0,0.0,0.0,rifle,0.4076823803720138,False,147537
30.60600939128916,8.071252389749102,13.911953479485462,759.2533510425062,0.9410933637300636,1.4342346448739185,0.4965233455021701,11,10.835602619057871,16.632655898551196,6,659.6060003397384,208.5752603470857,921.895650788003,69938,0,1,1,True,True,aurora-vs-9z-m2-mirage-p1,pro,de_mirage,69938,fe43c71f39,ak47,True,False,False,False,False,False,0.0,0.0,0.0,rifle,0.407564886819026,False,69746
120.28319745210491,35.685788327921884,63.481082700208326,2102.509845918634,2.2507448378713937,5.811688377368767,2.118234346653483,1,27.75021746698949,71.9588818756171,0,705.9401911690913,40.04419318158622,417.609040034713,66006,45,8,5,False,True,match730_003846055312767320440_2034169741_274,own,de_nuke,66051,f9d25d950a,m4a1_silencer,True,False,False,False,False,False,20.0,0.9674568176269532,0.0,rifle,0.40754959880813296,False,65814
153.98884753695032,28.255353323309517,65.05451525306152,6880.958318672436,1.99224299364182,6.823331802200288,0.0192015651301955,3,20.50679447681918,73.58940408748124,0,588.2862221907922,230.64357664884704,1115.749331356559,43003,39,6,2,False,True,match730_003833678395988770820_2132169428_161,own,de_dust2,43042,4ccc3c6dfc,m4a1,True,False,False,False,False,False,45.0,0.0,0.0,rifle,0.4075097336206605,False,42811
129.82610106167488,33.78991674456949,10.061357717737,4182.294530564571,2.143124738124066,1.138720758189311,0.4529732903774731,18,15.037436399348552,8.04318229813667,17,390.2612488289146,173.7491352718858,189.1542415823047,68782,11,3,2,False,True,match730_003829380948349157814_1390656678_161,own,de_dust2,68793,f41ec87e6d,famas,True,False,False,False,False,False,73.0,0.0,0.0,rifle,0.40748958278235187,False,68590
469.80328293213984,83.39967028014091,65.64534592797442,10774.368370474702,3.5472364601704203,4.954278118929492,3.1922410535725936,0,30.11677974290833,43.57277744089405,0,485.4544426939037,232.69434511247212,660.8119666271615,20775,92,17,5,False,True,match730_003833678395988770820_2132169428_161,own,de_dust2,20867,5a6218ec0c,m4a1,False,False,False,False,False,False,45.0,0.0,0.0,rifle,0.40743175315357893,False,20583
198.10546875,43.06338027427469,80.96257600652633,5212.537749196608,5.927668134067891,15.203950056023157,5.927668134067891,0,24.816654026404745,66.14284033467452,0,238.278805232936,134.09685953757685,1009.4143675573,3587,10,2,1,False,True,match730_003833682433258029322_1216037504_161,own,de_dust2,3597,1823ad92a3,glock,True,False,False,False,False,False,20.0,0.0,0.0,pistol,0.40742499951557515,False,3395
193.22182843616997,35.18658891852123,4.670004015188527,4790.023147315887,1.8855918162201848,1.7939253372277109,0.3278639220121354,29,27.614889151683727,26.251186702628523,0,838.51221572552,68.53170963193328,56.1284964097372,73644,48,5,3,False,True,match730_003845848209444307084_2046226831_274,own,de_dust2,73692,71f78fbbc6,ak47,False,False,False,False,False,False,28.0,1.0,0.0,rifle,0.407416417940617,False,73452
119.96115720648662,34.81950992602323,22.205585341093634,2053.1590937605265,1.380899356203951,1.2135557116712223,0.5805210936629753,21,13.83803929974646,12.12294216819301,19,573.9843205004763,74.88404316916447,61.1828810558933,3826,24,3,2,False,True,furia-vs-betboom-m2-cache,pro,de_cache,3850,372a892754,glock,True,False,False,False,False,False,0.0,0.0,0.3854490518569946,pistol,0.4074145269005006,False,3634
67.78785608652868,13.083992730420317,49.26285345225824,2159.0949785124167,3.879741211046113,5.320889857968662,3.734140397138302,0,10.982990241242444,17.103565479951463,7,161.44151329881117,170.2581962049905,812.3083503055478,68129,0,1,1,True,True,match730_003846224175849013887_1403891103_383,own,de_anubis,68129,cd1c592f75,deagle,True,False,False,False,False,False,15.0,0.0,0.0,pistol,0.4074027122706684,False,67937
300.97110672983484,58.63063767147421,31.64094483057458,6030.297008998492,3.3667399354468377,3.5918506270124326,2.7824607747121326,0,16.389182344743787,17.957813498450093,13,278.0503344804818,123.28340002256064,410.2827626239746,84891,0,1,1,True,True,match730_003833678395988770820_2132169428_161,own,de_dust2,84891,343338d9f7,deagle,True,False,False,False,False,False,39.0,0.0,0.0,pistol,0.4073030438453301,False,84699
83.38892832661995,22.04182045854688,4.52288576984983,2307.8289129036766,1.7233152252914017,1.6900343819966217,1.245379658351529,17,32.96468564721952,32.33229871542462,0,1095.6308366509218,76.58178545888926,369.4451866706951,76832,32,6,3,False,True,match730_003845848209444307084_2046226831_274,own,de_dust2,76864,d9f31878b9,m4a1_silencer,False,False,False,False,False,False,57.0,1.0,0.0,rifle,0.4072996420865154,False,76640
126.84205000481346,52.11873072820159,19.957172444507417,3069.284873395462,1.2154130078661722,1.700316266459064,0.967451652642394,28,9.834838184864944,13.43366419172499,9,463.49773419299646,100.6358417336701,245.88320526621928,52880,13,3,2,False,True,astralis-vs-fnatic-m2-ancient,pro,de_ancient,52893,95b933ed7c,ak47,False,False,False,False,False,False,0.0,0.0,0.0,rifle,0.40728506016987076,False,52688
27.84983478339617,9.51317824577555,18.714779962587148,1238.9353069101792,0.4537515280454975,1.2329918555518598,0.4537515280454975,23,8.657790940020721,23.51279482281928,2,1093.1547864364404,17.747740362806777,384.2161834525792,89695,13,3,1,False,True,match730_003845848209444307084_2046226831_274,own,de_dust2,89708,94ae0b8591,ak47,False,False,False,False,False,False,53.0,0.0,0.0,rifle,0.4072587380749568,False,89503
41.8798828125,14.068034336872618,3.6399739583333335,927.0459905596924,0.8554874546913143,0.8791738725166851,0.5545099310778838,29,16.140167946762798,16.59693510833998,7,1080.8276251209718,114.19267625621713,113.83480644207408,17646,0,1,1,True,True,match730_003845848209444307084_2046226831_274,own,de_dust2,17646,94ae0b8591,m4a1_silencer,True,False,False,False,False,False,53.0,0.0,0.0,rifle,0.4072365251070873,False,17454
47.95987271849579,7.487569543502848,10.510416666666666,1446.5048430927798,0.4628313246184306,1.420096313358799,0.4628313246184306,9,10.124692913538077,30.940296595078443,4,1253.2455213221233,124.12299268747188,133.11046295452414,30161,0,1,1,True,True,aurora-vs-9z-m2-mirage-p1,pro,de_mirage,30161,ac7afcf085,ak47,True,False,False,False,False,False,0.0,0.0211400985717773,0.0,rifle,0.4071755125994688,False,29969
135.48913839310217,20.74647517788192,110.1870798973462,4219.054857158539,3.1934585909698976,4.558708664507688,0.7245121914440199,0,37.21768523914854,54.54059596485489,0,667.0428095538399,179.3668450835351,952.7712712381982,50512,25,5,3,True,True,match730_003845848209444307084_2046226831_274,own,de_dust2,50537,1d8a841068,ak47,True,False,False,False,False,False,23.0,1.0,0.0,rifle,0.4071464776539386,False,50320
420.692924423735,75.86326516589223,46.24136160297609,6799.876360547711,0.5410511431096662,3.3647177236068595,0.4306800987033459,4,6.303485524535192,39.38252875307895,3,666.9842367933705,47.79967998707217,107.22233521437296,105972,0,1,1,True,True,astralis-vs-fnatic-m2-ancient,pro,de_ancient,105972,fe19e6103c,tec9,True,False,False,False,False,False,0.0,0.0,0.5936710834503174,pistol,0.40713529859925995,False,105780
32.62790023949896,7.369343693073644,15.416438929203425,1471.4402224096634,2.1213349056364548,1.0618412614966384,0.2496957474207023,25,33.564650816940656,16.752163879123003,0,906.0436378364092,193.2449814516142,187.1523622448062,56359,17,4,1,False,True,furia-vs-betboom-m1-mirage,pro,de_mirage,56376,372a892754,m4a1,False,False,False,False,False,False,0.0,0.0,0.0,rifle,0.4071112890433444,False,56167
203.96442238664525,22.103428143530884,33.744891763430445,5342.61021141121,1.769808526422476,6.821610240716192,1.5290916227930578,4,20.210640624911655,78.85764208920247,0,653.9600216136201,209.43134779046403,212.1887815978908,90302,18,4,1,False,True,match730_003829380948349157814_1390656678_161,own,de_dust2,90320,844038e231,galilar,True,False,False,False,False,False,41.0,0.0,0.0,rifle,0.40706660126143407,False,90110
107.77416542860962,12.098166280587147,5.046855368285179,6897.546587431016,2.7407229441580623,2.464802449692136,2.191480501275585,10,17.31916244389338,15.323906276190865,11,342.3654867683572,139.39075369076522,353.03706148754617,91912,11,3,3,True,True,match730_003846095210866016783_0292086677_161,own,de_ancient,91923,7bbb0d4a11,m4a1,False,False,False,False,False,False,18.0,1.0,0.0,rifle,0.4070262162070585,False,91720
463.2991463365354,64.02448742309204,19.955709884153546,14873.099319016248,3.119755602781287,1.7809036126120688,0.65823429650074,0,24.102521464409172,13.860004799488474,0,439.3580329697723,203.8607631823812,940.7672079796444,42432,26,5,4,True,True,match730_003846055312767320440_2034169741_274,own,de_nuke,42458,6a8c9faae0,m4a1_silencer,False,False,False,False,False,False,43.0,0.0,0.0,rifle,0.40697600523467137,False,42240
92.49499650774244,41.24692035223232,47.95901935982966,2376.7913052884314,3.494927531924441,4.4537776620962966,2.593195789374167,0,14.970096823030737,20.348247319501446,6,207.5617452387132,85.28321516807085,118.21397419921088,65089,26,5,4,False,True,match730_003846114907586035842_2006638891_196,own,de_mirage,65115,6f05066c08,ak47,False,False,False,False,False,False,21.0,0.0,0.0,rifle,0.4069505609103949,False,64897
246.656919916573,35.525891973003496,116.5605518619418,7281.613769409103,3.516230179700617,10.727397007215131,2.4744976056310133,0,27.67179774384881,86.39486148853152,0,450.3241337425955,70.59121753478573,274.3833639682924,32541,0,1,1,True,True,match730_003846114907586035842_2006638891_196,own,de_mirage,32541,9f5f4034b1,mp5sd,True,False,False,False,False,False,13.0,0.0,0.0,smg,0.40692306432346825,False,32349
83.6326404553728,19.611593450239287,40.04951393705186,1958.185980218332,0.6603534018884011,3.126624734441037,0.6603534018884011,4,3.467511822834584,17.447025760761168,5,300.1032398693976,116.60234312168912,208.0407945775739,30774,35,8,4,True,True,match730_003846114907586035842_2006638891_196,own,de_mirage,30809,9f5f4034b1,mp5sd,True,False,False,False,False,False,13.0,0.0,0.0,smg,0.40690615512396733,False,30582
141.83766707550615,28.12101395309768,49.37526420883014,5249.385081909626,1.0066122327080866,1.3891507032967436,0.5020742659719083,14,18.030923439800898,24.581472588171746,2,1026.1241890736642,161.80079123049043,510.58943694513823,19887,0,1,1,True,True,match730_003846087479924883540_0606572273_161,own,de_mirage,19887,901972cd23,deagle,True,False,False,False,False,False,37.0,0.0,0.0,pistol,0.40689464442926926,False,19695
211.67024735953925,39.11937909777152,126.75842938341924,9940.890518687747,2.936681363091186,5.665253798794922,2.1171554447990943,3,21.512565653168323,42.50159487182386,0,418.5949789393114,101.11523438657596,559.2368456396894,79530,32,6,4,False,True,match730_003845735833772490759_0956054515_272,own,de_inferno,79562,132f8af47c,m4a1_silencer,True,False,False,False,False,False,11.0,0.0,0.0,rifle,0.40683837845740173,False,79338
84.45015447228658,13.254486097771348,36.71222075202602,3143.8946860637648,2.3468806029369698,4.346860001050935,2.3468806029369698,3,34.43842546622857,64.76915477285758,0,833.6253034428155,233.04681223416455,365.79257505787336,64914,19,4,2,False,True,match730_003845721267390906757_0873910189_273,own,de_anubis,64933,2929a724e6,m4a1_silencer,False,False,False,False,False,False,54.0,0.0,0.0,rifle,0.40675078831830147,False,64722
47.4649910785221,13.263664063700643,25.858178343724003,1770.5602282903876,0.4052753744304833,1.562452981371927,0.2624937549408281,29,7.942986072175851,30.62177295443571,2,1114.3091141689597,191.7025690565522,820.5464759047464,195978,13,3,3,True,True,luminosity-vs-nemiga-m2-dust2,pro,de_dust2,195991,d61b8b9081,ak47,False,False,False,False,False,False,0.0,0.0,0.0,rifle,0.40669183602297404,False,195786
168.8774390619816,38.120842480740194,9.550009488355846,7747.382831656998,0.9368619605862436,1.2551974483945814,0.4234696356494524,10,6.060239661942418,8.042376187812144,11,370.3094315205372,112.13594895688422,781.5386574550976,64836,0,1,1,True,True,match730_003846224175849013887_1403891103_383,own,de_anubis,64836,0c250789aa,usp_silencer,True,False,False,False,False,False,62.0,0.0,0.0,pistol,0.40667590577399976,False,64644
202.89444291404507,36.33872010568817,62.71195683665255,6152.2930701812165,3.5570637145305923,9.084444399709344,3.5570637145305923,0,29.77313710985666,79.12061469348328,0,457.7944981283573,179.70080058851545,383.2688822493608,43826,13,3,2,False,True,match730_003831793800846508273_1359762374_161,own,de_mirage,43839,237144b7d2,m4a1_silencer,False,False,False,False,False,False,43.0,0.0,0.0,rifle,0.4066502558989566,False,43634
55.57586299828506,17.87623741043064,49.03738170618081,2089.3909493735646,2.715658265188077,6.48658404916295,2.715658265188077,1,7.493251594542284,19.81750778464245,4,157.56333725838076,76.46766720125942,234.68379197527943,97703,6,2,2,True,True,astralis-vs-fnatic-m2-ancient,pro,de_ancient,97709,dd32420517,famas,True,False,False,False,False,False,0.0,0.0,0.0,rifle,0.4066230792943778,False,97511
497.0840227390357,33.70729772777397,40.5870184507909,13840.78763677306,2.5423460671146096,4.203576168862913,0.5957068479714659,5,15.306065336517248,25.411276578467508,5,344.3102923117982,78.16235983558799,140.10487023684482,57976,6,2,1,False,True,furia-vs-betboom-m2-cache,pro,de_cache,57982,372a892754,ak47,True,False,False,False,False,False,0.0,0.0,0.0,rifle,0.40661073416155097,False,57784
65.48700920164262,19.64163101271665,10.476065080555038,1806.4196643157584,1.1593775174617371,1.1372189948912577,0.553440926989563,31,20.2834722645303,19.924255654734477,0,1002.1547525934868,50.46601602413112,393.6524436248196,3493,42,3,1,False,True,match730_003846095210866016783_0292086677_161,own,de_ancient,3535,9c0b0079af,usp_silencer,False,False,False,False,False,False,8.0,0.0,0.0,pistol,0.4066035199716739,False,3301
123.4365051770261,26.132955365188053,21.401041666666668,7683.373831329671,1.5136231849655648,0.6024463484201645,0.1101318489027795,15,17.26298016162336,6.917393732913152,13,649.0306353338424,104.00395411297808,390.4110353583186,62116,0,1,1,True,True,match730_003845848209444307084_2046226831_274,own,de_dust2,62116,3a84a7ef32,ak47,True,False,False,False,False,False,59.0,0.0,0.2922508120536804,rifle,0.4065863426594061,False,61924
196.4367952403948,26.20089906757842,10.149359673126064,8390.07705388272,2.39824301182325,3.6523733548449018,2.000428763000925,6,19.073380552741497,30.01206603767272,6,455.4055176332961,116.32425800678745,858.7083908361079,27783,21,5,1,False,True,match730_003829380948349157814_1390656678_161,own,de_dust2,27804,f41ec87e6d,mp7,True,False,False,False,False,False,72.0,0.0,1.0,smg,0.40650374273541073,False,27591
216.05022840324483,36.61346224121357,59.12870472393726,13827.21461780767,2.0448667981717463,4.048931171682619,0.7063148390772088,5,26.598122585745628,53.313507315021866,0,744.8349097092386,159.7968467207928,384.64265813043016,71735,37,5,3,False,True,match730_003846055312767320440_2034169741_274,own,de_nuke,71772,6a8c9faae0,ak47,False,False,False,False,False,False,52.0,0.0,0.3799992203712463,rifle,0.4063273302063491,False,71543
72.32459859436652,12.152811144945773,21.698913446025998,2699.107749778011,1.9724930305197772,2.08669157396104,1.5645044355230633,15,11.757454784297554,12.414838697660658,16,341.14842646695854,78.58169500358545,284.3230951582397,58026,6,2,1,False,True,luminosity-vs-nemiga-m1-cache,pro,de_cache,58032,3b306c71b2,ak47,True,False,False,False,False,False,0.0,0.0,0.0,rifle,0.4062836543825467,False,57834
305.6600857997012,45.30385920464348,31.64292233147019,10141.78477871271,0.58831083794774,5.278160140185227,0.4985227193734854,5,4.400210586743473,41.451535682557,5,428.3999829066766,115.239958196431,672.8533148760184,18283,11,3,2,False,True,astralis-vs-fnatic-m2-ancient,pro,de_ancient,18294,7097f9c9f2,m4a1,True,False,False,False,False,False,0.0,0.0,0.0,rifle,0.4061278470650403,False,18091
419.9428017916475,41.34779333327057,40.48691011621414,10778.01817029548,4.997569764643485,3.8937747319001184,2.119049065833861,0,22.6857943591244,17.490943728455186,0,259.1105857563667,109.0370375639767,460.090479763284,26981,18,4,4,True,True,aurora-vs-9z-m2-mirage-p2,pro,de_mirage,26999,ac7afcf085,m4a1,True,False,False,False,False,False,0.0,1.0,0.0,rifle,0.40609383218921613,False,26789
100.5077901259752,22.887815874326147,3.2649829714135934,3260.4727833151387,0.5170836569000374,2.4455037657248484,0.4419389619473203,6,8.452356112903272,40.29250058422588,5,925.4423722088084,45.18576719505937,364.6024920768646,127105,17,4,4,True,True,astralis-vs-fnatic-m1-dust2,pro,de_dust2,127122,7097f9c9f2,m4a1,False,False,False,False,False,False,0.0,1.0,0.0,rifle,0.40609081620355375,False,126913
84.8583984375,41.846436460378655,11.585668886466658,5046.542768089482,2.212371030525778,1.860601352853171,1.3856509181793562,27,32.79329955627998,27.30112717175278,0,848.7435185913756,67.75669518561442,330.7421342273916,117215,66,9,3,False,True,match730_003845735833772490759_0956054515_272,own,de_inferno,117281,a133b8e5d6,m4a1_silencer,True,False,False,False,False,False,12.0,0.0,0.0,rifle,0.4060862201818547,False,117023
73.58280477265565,26.99231541857359,4.399728863929287,2056.314765156598,3.9849231057325376,4.6836493759953655,1.06495587297359,0,37.312424433730136,43.43306219444652,0,535.6011609573075,15.447570371230364,116.4808253259752,99058,18,4,2,False,True,match730_003829380948349157814_1390656678_161,own,de_dust2,99076,9a711e878c,m4a1,False,False,False,False,False,False,40.0,0.0,0.0,rifle,0.40606112385935617,False,98866
447.7743817074939,73.06889962877071,13.620183901501456,12727.18502113146,1.210383340439684,1.9589564028342443,0.1015077947532132,9,13.57593314347136,22.05425325608491,6,640.3549295173887,30.08367604818497,304.0565558252655,216223,13,3,2,False,True,luminosity-vs-nemiga-m2-dust2,pro,de_dust2,216236,798c33b296,ak47,False,False,False,False,False,False,0.0,0.0,0.8581361770629883,rifle,0.40606028343765543,False,216031
412.0962093433492,41.94547309623377,76.42848208411833,7891.921503486629,2.8584805810278486,2.7679332211872234,0.0854849219627139,4,19.7339018335246,19.01922799269297,3,393.5724495110553,106.38740779755636,147.3918741434905,166538,6,2,1,False,True,luminosity-vs-nemiga-m1-cache,pro,de_cache,166544,798c33b296,ak47,True,False,False,False,False,False,0.0,0.0,1.0,rifle,0.4060277282771622,False,166346
69.00758881922958,30.454635509273373,1.376953125,2992.140465827488,1.4294685934626956,1.7764489127037582,0.6283578994107116,19,16.9948086967704,21.29364835004068,3,680.9221376556544,62.277170852147655,243.2923622913044,22187,32,6,2,False,True,match730_003846224175849013887_1403891103_383,own,de_anubis,22219,8a33bc3a37,ak47,True,False,False,False,False,False,164.0,0.0,0.0,rifle,0.40601637165842636,False,21995
15.254739275079302,3.264691720557913,4.289920908801592,752.3604846843886,0.34646893020526,0.3969415575607974,0.34646893020526,42,8.38916051594999,9.612013786751843,17,1386.946304193593,128.0660756099099,170.1711051771563,104551,0,1,1,True,True,match730_003829380948349157814_1390656678_161,own,de_dust2,104551,8a33bc3a37,awp,False,False,False,False,False,False,6.0,0.0,0.0,sniper,0.40596343815608,False,104359
91.54791058125365,24.61754053039692,47.96274647920853,2254.5455691413326,1.6925924084992972,2.5778200309185677,1.45641899062282,4,9.940848830763874,15.38009786376649,18,336.1652024908652,224.35815690276317,1056.1184186519288,112272,0,1,1,True,True,furia-vs-betboom-m2-cache,pro,de_cache,112272,4acdd8fa23,glock,True,False,False,False,False,False,0.0,0.0,0.0,pistol,0.405925790935542,False,112080
426.809941137645,59.58283726278829,18.03447623779048,9572.530567064345,1.6419678648346323,2.01304842235531,0.6298143611349835,8,10.468077248031056,12.98132236970368,9,364.7108782693136,130.42800207491916,423.9387848493357,183066,45,8,4,True,True,luminosity-vs-nemiga-m2-dust2,pro,de_dust2,183111,524f4d4415,m4a1_silencer,False,False,False,False,False,False,0.0,0.0,0.0,rifle,0.4059237594884147,False,182874
111.45086247489934,56.548565316730354,63.4806877663448,2221.766707258901,5.099563275150211,9.0675250828427,5.099563275150211,0,18.520447646598463,32.22047849042926,1,207.23297885098063,109.00993978002356,112.88992877342923,59008,19,4,2,False,True,furia-vs-betboom-m1-mirage,pro,de_mirage,59027,c32a6f9c5c,ak47,True,False,False,False,False,False,0.0,0.4929419457912445,0.0,rifle,0.4058640761262649,False,58816
363.4503194724377,84.81556478382497,19.89217012703172,14402.661298406185,4.242652412221732,6.031916986603806,4.242652412221732,0,21.0164641344684,28.254383502573766,0,282.3351390642557,218.4046310095128,483.166065906831,58645,66,7,6,True,True,match730_003829380948349157814_1390656678_161,own,de_dust2,58711,8a33bc3a37,usp_silencer,False,False,False,False,False,False,7.0,1.0,0.0,pistol,0.4057880980432059,False,58453
184.0780975727747,41.850486272201415,50.58316337666525,11780.99824465758,0.7328327654039225,7.20099201874225,0.7328327654039225,3,7.111104235131262,71.80211427431176,2,544.4906791498668,144.30542664359413,1018.8882052493412,99293,31,7,4,True,True,match730_003845848209444307084_2046226831_274,own,de_dust2,99324,8a33bc3a37,mp7,False,False,False,False,False,False,19.0,0.0,0.0,smg,0.40574005115139733,False,99101
91.6137883351184,36.66806816646344,12.609919112371289,2072.484278385927,0.8858700935478381,1.9236019420337525,0.8858700935478381,8,19.4530088348446,42.34381234866566,2,1226.6577521547497,25.37576840398437,155.36689693132,70683,0,1,1,True,True,match730_003846055312767320440_2034169741_274,own,de_nuke,70683,1c9bd3c08e,ak47,False,False,False,False,False,False,33.0,0.0,0.0,rifle,0.4057365866251893,False,70491
39.77691363053689,10.670941833403656,31.950310829277708,1352.753997812808,1.319293968653085,2.8919672738418267,1.319293968653085,5,23.408594385876544,51.803379213026766,0,1011.0799563870798,97.20218446268036,69.75162587195746,85428,71,8,4,False,True,match730_003845735833772490759_0956054515_272,own,de_inferno,85499,c0d4e00ddc,m4a1_silencer,False,False,False,False,False,False,4.0,0.0,0.0,rifle,0.4057314753914028,False,85236
169.94828064069276,43.1766365540738,34.658203125,4348.998604535918,2.598036561579183,1.7242848549889136,0.6228844378104784,25,20.84955408414899,13.80550566761293,0,459.4825350281691,48.32969758015047,31.176491635231088,32437,23,6,2,False,True,astralis-vs-fnatic-m2-ancient,pro,de_ancient,32460,3f5c0f1ef2,mp9,False,False,False,False,False,False,0.0,0.0,0.8569320440292358,smg,0.4057190723168867,False,32245
46.71764972118344,16.174786365274763,17.973617968186065,844.8738288538389,1.5230272325212135,3.692726096214895,1.5230272325212135,3,8.300243541445022,20.78465486823029,4,310.83710177416947,136.87669422643006,649.3976039569976,66549,7,2,2,True,True,furia-vs-betboom-m1-mirage,pro,de_mirage,66556,52f704f8ce,m4a1_silencer,True,False,False,False,False,False,0.0,0.0,0.0,rifle,0.4056752414095005,False,66357
206.2018126127788,51.295029654172886,100.772779286866,8319.145732189696,1.812054608516096,5.917445016506522,1.6309924465088457,4,9.722668388084784,30.6596339524773,4,303.32714192528084,218.5838506414621,397.5957760055773,162015,20,4,2,True,True,astralis-vs-fnatic-m1-dust2,pro,de_dust2,162035,dd32420517,ak47,True,False,False,False,False,False,0.0,1.0,0.0,rifle,0.4056266806146099,False,161823
314.4072265625,47.4576539027092,17.34375,8465.309345813212,13.645939405632031,10.200189525752467,1.224496362797275,0,59.596012365941085,45.93170667769281,0,245.1702535181859,210.62022084601224,538.2689719571241,54574,36,9,4,False,True,match730_003831793800846508273_1359762374_161,own,de_mirage,54610,6df4b3d0cf,mp9,False,False,False,False,False,False,73.0,0.0,0.0,smg,0.40562165851520254,False,54382
130.49428034631293,27.515771906190867,2.2486979166666665,3813.7144030996583,0.8878561207107541,0.9759672983409928,0.8878561207107541,14,17.470560492505694,19.379829812085813,4,1124.5316596105642,77.93781434748652,481.4872469038346,61427,39,7,4,False,True,match730_003845848209444307084_2046226831_274,own,de_dust2,61466,d9f31878b9,ak47,False,False,False,False,False,False,57.0,0.5624589920043945,0.0,rifle,0.40558133211400255,False,61235
142.77457117635151,36.75366423332558,16.88941841623545,3059.065746905737,0.0361951869210149,0.7734651359063346,0.0361951869210149,11,0.4798628352586578,10.016679160261187,10,759.4668585357454,126.57813906023372,194.1089996089605,102349,23,5,5,True,True,aurora-vs-9z-m1-dust2,pro,de_dust2,102372,6c2b13b080,galilar,False,False,False,False,False,False,0.0,0.0588625445961952,0.0,rifle,0.40557968499493524,False,102157
347.6251051544941,66.39476841255588,14.284608034098031,15552.641250225592,1.3771134863060557,2.755778160304684,0.8469586432651343,7,10.528769144283528,20.01857910827099,7,435.836769446848,169.52245747953347,304.7395078853911,37623,6,2,2,True,True,match730_003846224175849013887_1403891103_383,own,de_anubis,37629,2f550dd2cf,ak47,True,False,False,False,False,False,73.0,0.0,0.0,rifle,0.4055667276605402,False,37431
276.2581358751533,47.65121404545405,6.08184404928333,6643.859970175314,2.3386196118855223,3.127791571756845,1.0403255770729547,6,17.17346237621972,22.979417060024016,6,420.31834880361424,55.77093330987544,162.522109023096,44240,26,5,2,False,True,match730_003831793800846508273_1359762374_161,own,de_mirage,44266,ca729defe3,m4a1_silencer,True,False,False,False,False,False,71.0,0.0,0.0,rifle,0.40555501691296203,False,44048
94.93852545741288,14.882439311945928,5.760928849207296,3087.079557819496,1.6798166715311005,1.9101952264118112,0.6687213345571004,28,16.246042620952366,18.80304453886685,6,553.8190751338215,56.64373752227049,711.9933508637424,240262,0,1,1,True,True,furia-vs-betboom-m2-cache,pro,de_cache,240262,867e1a2fd2,awp,False,False,False,False,False,False,0.0,0.5676987171173096,0.0,sniper,0.40553096673977096,False,240070
60.883414288159024,11.67622676454734,35.049687870401456,2166.50510226042,0.7214100775301846,2.2265940973111364,0.7214100775301846,6,6.381806967647132,20.31724964536837,5,503.8195516126924,202.98147190646725,400.81709447672495,63146,0,1,1,True,True,match730_003845848209444307084_2046226831_274,own,de_dust2,63146,cc23b0e440,awp,False,False,False,False,False,False,28.0,0.0,0.0,sniper,0.40542385990886015,False,62954
68.60889345858843,11.250355141728948,1.3638114646980917,2812.6076818372503,1.5956523045042186,1.3449063216492232,1.0389684977983222,18,23.24070369376713,19.580519276660723,0,834.2772295855382,216.77156582757544,744.9221404810609,134234,29,6,2,False,True,astralis-vs-fnatic-m1-dust2,pro,de_dust2,134263,38f757d48e,m4a1,True,False,False,False,False,False,0.0,0.0,0.0,rifle,0.4053618222047482,False,134042
106.71519680112108,35.858164661159606,15.681994098204896,2714.10477801156,1.2955590803950374,2.8828831267987383,1.2955590803950374,6,22.501563658426505,50.057934406922,0,994.7126863660384,151.49160366982537,785.203013799988,3701,12,2,1,False,True,match730_003833682433258029322_1216037504_161,own,de_dust2,3713,916fd9f867,usp_silencer,True,False,False,False,False,False,19.0,0.0,0.0,pistol,0.40533208599535336,False,3509
135.46302961527738,16.948047270628205,102.61765197118832,3182.472928855744,3.9020212360524673,7.361928950165972,1.3703693347011514,0,16.275533875551968,30.508089176131858,3,237.5319205769671,164.93922359264764,381.8891779838548,90231,6,2,1,False,True,furia-vs-betboom-m2-cache,pro,de_cache,90237,c1aa9f613a,m4a1,True,False,False,False,False,False,0.0,0.0,0.0,rifle,0.40528959521049196,False,90039
34.236731472073515,9.405767865264444,16.423823649592943,1535.3062511896796,2.211387857910949,2.138467795043688,0.3256804069711471,12,18.578444736236857,18.501174593867557,10,480.81087357629787,219.68123939818852,633.437322815853,81929,64,6,4,True,True,match730_003846095210866016783_0292086677_161,own,de_ancient,81993,b639457643,usp_silencer,False,False,False,False,False,False,42.0,0.0,0.0,pistol,0.40527347482485815,False,81737
228.86252100585693,30.221366514530427,4.203442401312938,4731.516739449562,1.1353437474286374,1.129088527334379,0.7056907443342505,28,19.756734934430405,19.653457665271823,1,996.818724903473,52.4653906003316,283.7542247602645,18969,13,3,3,True,True,furia-vs-betboom-m2-cache,pro,de_cache,18982,0f3b1e9da0,ak47,True,False,False,False,False,False,0.0,1.0,0.0,rifle,0.4052044297206049,False,18777
82.3974609375,12.90496457586017,4.785916307615096,3973.490632574684,0.4991025444018612,0.7501991232278519,0.4532683505162118,38,9.507903049709803,14.385198342421663,8,1091.3858504585512,1.1252361492120393,149.6858506863425,56903,26,5,4,False,True,aurora-vs-9z-m1-dust2,pro,de_dust2,56929,b793b85286,ak47,False,False,False,False,False,False,0.0,0.0,0.0,rifle,0.40516424353366065,False,56711
101.92820930359346,26.38052944626921,11.149311466628054,4214.626412011155,0.5873222964720402,0.4693209662839854,0.2514577334314594,14,5.649067581726217,4.515954574354103,12,550.8372244183267,126.54358671839044,147.6553580237624,43508,0,1,1,True,True,aurora-vs-9z-m1-dust2,pro,de_dust2,43508,7a9df6b20d,m4a1_silencer,True,False,False,False,False,False,0.0,0.0,0.0,rifle,0.4050067281599374,False,43316
138.1380631159985,24.07041815893032,14.59516867659456,3224.155766340963,0.7118171378191519,0.9519289987663552,0.367154011069426,18,6.590561714890776,8.890216575862524,17,495.726229355146,97.29517635426204,521.9064731485645,185377,18,4,4,True,True,furia-vs-betboom-m2-cache,pro,de_cache,185395,6c3df85cda,m4a1,False,False,False,False,False,False,0.0,0.8507409691810608,0.0,rifle,0.4049972922894038,False,185185
283.08470415425967,54.85013176945047,11.299725922682873,6831.588796357668,1.0400247057201528,0.9929315458366388,0.8004494150634263,13,14.511024395962291,14.079140691451444,12,792.3657543554407,114.07392346963198,445.9493557758316,150525,6,2,1,False,True,match730_003846114907586035842_2006638891_196,own,de_mirage,150531,6f05066c08,ak47,False,False,False,False,False,False,21.0,0.8226843476295471,0.0,rifle,0.40499203585851695,False,150333
222.83267710362512,48.62353484528583,115.745781233591,5871.800475079106,2.2838580871993166,4.601954937298866,1.3220973153962907,2,12.89386488294489,26.30451647896363,2,323.0046377353531,94.39801988921596,444.7416160712405,34533,29,6,4,True,True,astralis-vs-fnatic-m2-ancient,pro,de_ancient,34562,c023f685ab,m4a1,True,False,False,False,False,False,0.0,0.0,0.0,rifle,0.40486590355690755,False,34341
30.841853805275896,10.07364419346909,10.925563068567255,780.0575029775155,0.6770373808024196,1.062682081885512,0.6770373808024196,24,14.60861729198743,23.039701219869343,2,1228.1024605323148,99.32325505653492,361.210469174445,103467,0,1,1,True,True,match730_003845848209444307084_2046226831_274,own,de_dust2,103467,3a84a7ef32,awp,False,False,False,False,False,False,59.0,0.01850426197052,0.0,sniper,0.4048355794444141,False,103275
118.33326862539394,15.867876891176394,110.5104014007743,4137.07032815989,3.044493816975895,5.726745128249791,3.044493816975895,0,13.478797423655898,26.987711101928664,2,243.27069674533556,157.56167583805353,506.6288500054443,130526,0,1,1,True,True,aurora-vs-9z-m1-dust2,pro,de_dust2,130526,ac7afcf085,m4a1_silencer,False,False,False,False,False,False,0.0,0.0,0.0,rifle,0.40482979394697455,False,130334
288.4016272641144,33.37939524001138,21.36738448496267,11175.448761256284,0.553172642160733,1.0788993876942627,0.5444439339644799,15,8.860948928946318,17.3803413269586,6,909.8461426213628,65.42832490698967,349.25899740766783,76655,102,13,4,False,True,match730_003845848209444307084_2046226831_274,own,de_dust2,76757,1d8a841068,ak47,False,False,False,False,False,False,23.0,0.0,0.0,rifle,0.40480873632418246,False,76463
96.6576465810427,32.43629148404314,4.066176985269563,4417.62044481656,1.5915651315052846,1.758562606798486,1.3931125218595048,34,20.64709866529711,22.54291762731412,0,741.6842706263647,78.76005323270147,78.53739141496267,52169,13,3,2,False,True,match730_003845721267390906757_0873910189_273,own,de_anubis,52182,8a33bc3a37,ak47,False,False,False,False,False,False,19.0,0.0,0.0,rifle,0.40479750857311453,False,51977
45.18890154974676,10.61117368212206,12.0026976863453,2333.512202042617,1.0519617508057688,2.1965820785242505,0.8911213513114031,7,20.49228835576232,43.295234445396325,0,1115.967865508018,194.97584693499948,248.6503185093856,97066,86,12,4,False,True,match730_003833678395988770820_2132169428_161,own,de_dust2,97152,8a33bc3a37,ak47,False,False,False,False,False,False,9.0,0.0,0.0,rifle,0.40477484207823766,False,96874
172.9092707836334,63.88972296237368,42.73101943895589,11066.193330152537,5.491088198537158,6.269101950186377,5.491088198537158,0,22.157036209416628,25.89093266077628,0,230.12968114772596,116.99872130232438,336.95663625171056,30579,13,3,2,False,True,match730_003846055312767320440_2034169741_274,own,de_nuke,30592,1c9bd3c08e,ak47,False,False,False,False,False,False,33.0,0.0,0.0,rifle,0.40476208980275713,False,30387
300.42455311466034,73.47356114430272,69.11234164468344,7048.86112537553,2.7486390699932977,6.770416548137694,2.7486390699932977,2,15.32592221650828,37.26890061783446,3,316.036716246736,199.6030218787361,688.5716152210393,82336,19,4,4,True,True,match730_003846114907586035842_2006638891_196,own,de_mirage,82355,9f5f4034b1,ak47,True,False,False,False,False,False,13.0,0.0,0.4903393387794494,rifle,0.40472814835684,False,82144
243.6905616495524,84.11161377488544,64.94441488021923,4641.706885681886,1.3010879297541895,4.634623553265258,1.3010879297541895,3,14.142189026243498,50.835492219110975,1,622.6670615364071,6.472605158970936,215.26249104881023,94336,6,2,1,False,True,match730_003845848209444307084_2046226831_274,own,de_dust2,94342,6c9253641d,ak47,True,False,False,False,False,False,53.0,0.0,0.0,rifle,0.40456668668252654,False,94144
94.878428370838,13.3216702061242,4.610610672478775,3796.084337463617,1.8141487721159508,1.2793632972889015,0.3034003870258741,27,20.72318382055165,14.864847718544484,0,640.6375569106051,116.63164925256832,199.11538163936456,32231,0,1,1,True,True,match730_003846224175849013887_1403891103_383,own,de_anubis,32231,cd1c592f75,deagle,True,False,False,False,False,False,16.0,0.0,0.0,pistol,0.4045323924043853,False,32039
260.6343440990248,27.048500287012395,17.327630744168236,4965.932821589207,2.167159557919184,1.701954999508277,0.1704011786093567,32,23.551184968326258,18.46698145751558,0,622.2595702982646,28.777954163031165,197.8069334132131,60535,44,7,1,False,True,furia-vs-betboom-m1-mirage,pro,de_mirage,60579,0f3b1e9da0,famas,True,False,False,False,False,False,0.0,0.0,0.4929822981357574,rifle,0.4045194777024672,False,60343
39.19642788123277,12.752401265815312,7.32421875,1079.9375,0.968697508531992,0.9630830691688088,0.9143055022281464,40,17.012428886718908,16.937756680240916,11,1006.0999036800844,52.56248150807805,128.5295969884371,41546,0,1,1,True,True,match730_003845848209444307084_2046226831_274,own,de_dust2,41546,3a84a7ef32,awp,False,False,False,False,False,False,59.0,1.0,0.0,sniper,0.40437546854721396,False,41354
104.46384052559029,18.014633308204697,12.083571823421249,1710.8805706760754,0.6620251440439789,0.7090163956066846,0.4244065775579223,24,15.5399892952215,16.57759642311126,8,1344.7986273880438,125.6748019514044,367.43596338362175,10911,6,2,2,True,True,furia-vs-betboom-m2-cache,pro,de_cache,10917,52f704f8ce,galilar,False,False,False,False,False,False,0.0,1.0,0.0,rifle,0.40431313571553973,False,10719
250.79644077009849,43.68258341541664,112.901697585287,16050.972209286305,7.198938559272284,12.417656610412877,2.917274810431231,0,35.47211565280868,66.25538227712465,0,280.4422938315772,194.06362026143836,430.7914755198819,16259,61,13,4,False,True,match730_003846095210866016783_0292086677_161,own,de_ancient,16320,cd1c592f75,mp7,True,False,False,False,False,False,46.0,0.0,0.0,smg,0.4042940481521079,False,16067
70.62412351891484,12.484110472762548,12.516903744118652,4114.94390521055,0.5155223942646796,1.0454541354399514,0.3472474057927722,35,10.03228086364691,20.36837554491213,5,1114.6327445824122,43.77658594837549,276.9943163778675,81771,13,3,2,True,True,astralis-vs-fnatic-m1-dust2,pro,de_dust2,81784,f100e9403c,ak47,False,False,False,False,False,False,0.0,0.0,1.0,rifle,0.40423064800038166,False,81579
313.6154465465129,81.39929913545377,38.54425665403876,8426.432713359978,3.3003422560165303,5.616266262001469,3.3003422560165303,0,30.97130751861927,52.79501108926794,0,526.0838221508153,44.38587307806637,150.79512788605172,17909,26,5,3,True,True,match730_003845848209444307084_2046226831_274,own,de_dust2,17935,94ae0b8591,m4a1_silencer,False,False,False,False,False,False,53.0,0.0,1.0,rifle,0.4042144255345486,False,17717
38.09902589609027,7.891135981769454,7.0976807061125,653.8376573497771,1.6610783163903795,1.3022375335408878,0.525273920665959,20,21.35153814863237,16.83992788781786,0,736.0684623315025,27.24771145924303,34.099251638083246,64675,7,2,1,False,True,aurora-vs-9z-m2-mirage-p1,pro,de_mirage,64682,7a9df6b20d,ak47,True,False,False,False,False,False,0.0,1.0,0.0,rifle,0.40420916918843286,False,64483
93.78883629596446,20.26896132764741,64.35866109531194,5062.170615583557,2.23346800936149,2.4716986208456486,0.7305911307584183,7,34.61248638534748,38.59114331734606,0,886.4219437064157,112.86787669757187,441.5371604682611,52304,38,7,3,False,True,match730_003845721267390906757_0873910189_273,own,de_anubis,52342,b0848df2ab,aug,True,False,False,False,False,False,38.0,0.0,0.0,rifle,0.40417707738436104,False,52112
16.625154107318888,3.7212395248300743,7.331561322532885,690.6739552098439,0.5846080768776877,0.7786810128765933,0.5846080768776877,37,14.08684809423873,18.75670412644218,6,1380.545375936111,132.68306917061147,572.2511312691042,123326,0,1,1,True,True,match730_003829380948349157814_1390656678_161,own,de_dust2,123326,8a33bc3a37,awp,True,False,False,False,False,False,6.0,0.0,0.454894095659256,sniper,0.40411566360628676,False,123134
86.84988229712864,14.779960099575185,8.24686030803946,2288.616505399946,0.9702580758337516,1.2835911165633636,0.0645721101534102,23,18.440543627609014,24.465791075845512,4,1082.4806650922226,71.10201528112768,131.02712767485136,6232,15,2,1,False,True,luminosity-vs-nemiga-m2-dust2,pro,de_dust2,6247,456b773fab,glock,True,False,False,False,False,False,0.0,0.0,0.0,pistol,0.40410051148105086,False,6040
200.6390279078473,57.2392196044523,10.251176178316388,3961.71871519058,2.5189797697579936,7.630458508153659,2.5189797697579936,1,11.99422942313321,34.6865062644757,2,254.84774905190352,148.2148525296007,102.857018248807,82159,32,6,4,False,True,match730_003846114907586035842_2006638891_196,own,de_mirage,82191,b372556378,ak47,True,False,False,False,False,False,10.0,0.1408289968967437,0.0,rifle,0.40391953515984336,False,81967
57.12057772658134,18.10263728286041,2.415882202510348,1381.541166828737,0.9308065400138232,1.106037121040111,0.8507495766727503,12,13.986087914319375,16.71819137684849,8,855.0006228197668,94.81898936420112,366.1204149077603,46676,14,2,1,False,True,luminosity-vs-nemiga-m2-dust2,pro,de_dust2,46690,798c33b296,tec9,True,False,False,False,False,False,0.0,0.0,0.0,pistol,0.4038730996120265,False,46484
218.31539542939825,35.35959127424037,90.9970160596112,10725.207837848136,3.804615336195991,8.62231817763544,3.804615336195991,0,24.268725387401982,55.26502713188527,0,364.42237000437297,225.15328344148577,405.1441067406943,24759,0,1,1,True,True,match730_003846087479924883540_0606572273_161,own,de_mirage,24759,26d15ffc47,ak47,True,False,False,False,False,False,67.0,0.0,0.0,rifle,0.4038499238741373,False,24567
140.7865463869411,63.613931595212,76.13064816921067,3278.867145508378,0.4710433853471806,4.4526660079721,0.3888442552894727,3,4.2505242891087125,40.70743073147363,3,515.0147887660286,94.57926917862042,314.3352178442828,167457,0,1,1,True,True,luminosity-vs-nemiga-m2-dust2,pro,de_dust2,167457,590a913841,ak47,True,False,False,False,False,False,0.0,0.0754400268197059,0.0,rifle,0.4038086030388535,False,167265
156.32646688471286,49.21687573277418,76.08882892168593,5141.750953406992,5.706939278322203,9.929632148170665,5.045455574616854,0,30.95481667148684,56.69944938648442,0,309.4706492748965,111.68389901115322,545.7566470985954,34385,44,8,3,False,True,match730_003845721267390906757_0873910189_273,own,de_anubis,34429,2a309cc914,m4a1_silencer,False,False,False,False,False,False,47.0,0.0,0.0,rifle,0.40380422221098616,False,34193
121.75975171461118,22.40963931604968,5.866857687315957,3583.2483025554066,4.890225218844668,5.416787825740999,4.890225218844668,0,43.12962608845263,47.71662053319064,0,503.8290093536296,49.30829308467865,796.0469504650035,27854,40,8,4,False,True,match730_003829380948349157814_1390656678_161,own,de_dust2,27894,9a711e878c,galilar,False,False,False,False,False,False,40.0,1.0,0.0,rifle,0.4037786225121933,False,27662
66.56734817113362,4.774807203932944,33.80532699454454,2160.653293666861,2.857500513645588,3.737423584717992,1.0930403948357423,2,29.948601453672477,39.92290098334781,0,599.7710625950685,191.607049730545,282.8785478669401,62890,7,2,1,False,True,match730_003831793800846508273_1359762374_161,own,de_mirage,62897,ca729defe3,ak47,True,False,False,False,False,False,71.0,0.0,0.0,rifle,0.4037782400969197,False,62698
91.52691696527904,17.46386283501365,35.08113947145508,4686.316435777858,5.564706658818263,5.347975792190491,4.545250767556249,0,48.97345196310308,47.65759231098012,0,500.21551552670405,214.03179284081716,1077.775097295748,82577,71,12,3,False,True,astralis-vs-fnatic-m2-ancient,pro,de_ancient,82648,c023f685ab,ak47,True,False,False,False,False,False,0.0,0.9706315994262696,0.0,rifle,0.40376093495313203,False,82385
77.30744914499488,19.931309179523,63.77711666796501,2583.862936483334,0.3252013171597354,3.451445010323595,0.1076615313636407,4,4.828810043748779,51.250420921584734,2,850.6905397034851,87.70332445132506,230.0835787842753,70313,13,3,2,False,True,match730_003833682433258029322_1216037504_161,own,de_dust2,70326,c782b3ec74,ak47,False,False,False,False,False,False,69.0,0.0,0.0,rifle,0.4037511887251939,False,70121
38.765495032538894,10.205959707465034,30.02358787802517,1200.3658752867452,1.692253467380599,2.345440764638708,1.5142712585934095,8,10.307295414619947,14.238987702142788,8,348.64475849175363,104.31982692964112,276.09447133440807,105410,7,2,2,True,True,luminosity-vs-nemiga-m1-cache,pro,de_cache,105417,74c7d1f104,ak47,True,False,False,False,False,False,0.0,0.0,0.0,rifle,0.4035306610453797,False,105218
66.84304210150675,16.295443299124717,42.41117335366612,1728.274015768886,7.264752642520006,6.9428936653611,2.008300784524557,0,40.99015758123572,40.3284872418816,0,320.1156486433512,218.7200393447643,966.1042178887384,53212,26,5,3,False,True,match730_003845735833772490759_0956054515_272,own,de_inferno,53238,db46f148b7,ak47,False,False,False,False,False,False,43.0,0.0,0.0,rifle,0.40352690902396954,False,53020
183.0416437616934,43.31137145809282,36.80292779737954,6209.328438252627,7.70307940990652,8.433746836078063,7.368757009669881,0,43.20200641552109,46.65512848552844,0,318.74087868292304,62.033553669824656,282.5904731537895,104608,26,5,2,False,True,match730_003845735833772490759_0956054515_272,own,de_inferno,104634,132f8af47c,m4a1_silencer,False,False,False,False,False,False,11.0,0.0,0.0,rifle,0.4034943758276095,False,104416
53.089526955441976,16.676080537159436,9.100130496900254,1180.4388190452205,1.711733207098156,1.4185753793148894,0.1032485925741883,29,22.734200879591423,18.99164791876227,0,759.2189707726968,73.15714986830417,483.7452773480336,140080,14,2,2,True,True,luminosity-vs-nemiga-m2-dust2,pro,de_dust2,140094,590a913841,p250,False,False,False,False,False,False,0.0,0.9976086616516112,0.0,pistol,0.4034798855538719,False,139888
49.637403826114856,10.809374066516362,38.99115491397229,773.6371938732441,2.0361734695228613,3.4084642227655366,2.0361734695228613,2,18.980535733155342,32.1262701622159,1,533.7924186526229,196.14488107167028,841.457602274214,86778,39,7,3,False,True,aurora-vs-9z-m2-mirage-p1,pro,de_mirage,86817,fe43c71f39,m4a1_silencer,False,False,False,False,False,False,0.0,0.8835132718086243,0.0,rifle,0.4034634440387107,False,86586
127.9075937543044,26.531575936739888,28.46108683090303,2481.727625547671,0.4393268383240731,0.8845234423323518,0.1423490776090854,21,9.49538806692322,19.32991737150943,5,1218.3834444328136,34.63098266900937,75.3328509025301,210622,13,3,3,True,True,luminosity-vs-nemiga-m2-dust2,pro,de_dust2,210635,590a913841,m4a1_silencer,True,False,False,False,False,False,0.0,1.0,0.0,rifle,0.403436381445374,False,210430
102.08532936532204,17.3726211649809,37.3182587344659,2384.538413376331,1.1267576346702992,1.3103916453304565,0.9772813475570314,19,13.4832059043463,15.665191792773223,18,685.1073776142442,102.96930320216076,175.75216463482914,36665,19,4,3,False,True,match730_003831793800846508273_1359762374_161,own,de_mirage,36684,f86f118666,ak47,False,False,False,False,False,False,14.0,0.0,0.6305891275405884,rifle,0.4033835779304916,False,36473
71.39592611861362,21.421056799130422,6.4555434281449,2450.4978981928284,0.697949741218843,0.6412390137039385,0.4436774329042292,12,16.07265697893074,14.796462622378366,9,1318.6237751470735,112.62170045451882,444.56207571756215,59018,77,13,4,False,True,match730_003845721267390906757_0873910189_273,own,de_anubis,59095,ba2f9f431e,ak47,False,False,False,False,False,False,23.0,0.0,0.0,rifle,0.40336957736693474,False,58826
60.33237292933013,14.234122673105286,48.11136626210281,1216.190963344251,5.144473149204529,9.098364988729635,5.144473149204529,0,22.64918091340083,40.82799146951048,0,251.24151815892571,103.09376988716252,265.4293458138811,36256,18,4,2,False,True,match730_003833682433258029322_1216037504_161,own,de_dust2,36274,aa97ccafe5,m4a1,False,False,False,False,False,False,9.0,0.0,0.0,rifle,0.4033384747650023,False,36064
201.40429384452065,49.75883232666517,18.175690620356832,5658.295442684958,0.4050234909105821,1.1720944149282404,0.4050234909105821,15,7.227055149920521,21.158576620796904,4,1014.590262394938,207.2073883702361,405.561568600168,87959,0,1,1,True,True,match730_003846095210866016783_0292086677_161,own,de_ancient,87959,9c0b0079af,ak47,False,False,False,False,False,False,8.0,0.0,0.0,rifle,0.40333819434227147,False,87767
111.5107421875,40.23960931945203,31.72371659572268,2407.766804141757,0.6767528754273722,2.4495781193439483,0.2914043211117177,6,8.898811499301692,31.855913933647496,4,753.1498999226548,136.97281022243124,145.51305845008002,117001,4,2,1,False,True,furia-vs-betboom-m1-mirage,pro,de_mirage,117005,867e1a2fd2,mp9,True,False,False,False,False,False,0.0,0.0,0.0,smg,0.4032641018894367,False,116809
267.3243326882132,52.53507296897892,44.131384754725296,17108.757292045644,4.62123729921348,3.3994129402407625,2.166796308788845,0,31.30917933059616,22.237357074927896,0,387.12891162206967,103.87245443064668,201.8148144827433,8212,0,1,1,True,True,match730_003846055312767320440_2034169741_274,own,de_nuke,8212,6a8c9faae0,fiveseven,True,False,False,False,False,False,43.0,0.0,0.0,pistol,0.4032068094754866,False,8020
67.00947852485842,24.7942285395484,8.443340094356826,1523.4959720255738,0.6338173821596901,1.1656888836850912,0.6338173821596901,15,14.724001808842964,27.07892688587645,2,1326.0289710559878,65.07285345668343,383.7621272222344,24277,19,4,4,True,True,match730_003846087479924883540_0606572273_161,own,de_mirage,24296,bea1536d33,m4a1_silencer,False,False,False,False,False,False,37.0,0.0,1.0,rifle,0.40316855920050215,False,24085
26.91242954299853,6.85492009149372,7.458585266088747,935.3630780069386,2.796781323641847,2.553626832168052,2.1725593656052387,9,26.357994958731304,24.59585445695615,0,538.4432811618349,238.4167930489608,1121.2785756413066,82545,26,5,4,True,True,astralis-vs-fnatic-m2-ancient,pro,de_ancient,82571,c023f685ab,ak47,False,False,False,False,False,False,0.0,1.0,0.0,rifle,0.40314375319047663,False,82353
113.96402377346,40.72762151627691,4.064815598158462,3535.579337121899,4.509928200710153,4.3769354516655925,1.5310580049523643,0,37.4004904927927,37.19826319806887,0,473.2137164464982,230.0001453662607,1026.1498235392348,2482,13,2,1,False,True,match730_003845721267390906757_0873910189_273,own,de_anubis,2495,b0848df2ab,hkp2000,True,False,False,False,False,False,38.0,0.0,0.0,pistol,0.40311695667129255,False,2290
24.37096518843221,10.331591463725148,6.442841195427289,964.1857177754982,0.80821308894762,0.928421567026793,0.7331911502462326,21,13.932764300235304,16.124176453895252,8,976.3814952008088,83.76061155049413,289.9278039754401,79028,41,8,2,False,True,luminosity-vs-nemiga-m1-cache,pro,de_cache,79069,74c7d1f104,m4a1,True,False,False,False,False,False,0.0,0.0,0.0,rifle,0.40309992848902576,False,78836
54.38842917165668,12.77209592158718,11.028250883121052,1705.9194470121008,0.6686537831148192,0.6162904754662315,0.2700959827644966,28,10.909371040691097,10.071440869827937,16,923.3632806127304,46.01923628289405,122.2505082347834,109121,19,4,2,False,True,luminosity-vs-nemiga-m1-cache,pro,de_cache,109140,f730a5e684,m4a1_silencer,True,False,False,False,False,False,0.0,0.1683055460453033,0.671565055847168,rifle,0.4029868064297311,False,108929
171.49310662843234,57.53372866818568,63.51454181454682,3810.566032590249,2.851114456142344,8.002824037849958,2.851114456142344,1,22.48327380518036,64.26771268421973,0,425.1624966152178,72.91123827176895,310.8400118943391,166754,7,2,2,True,True,luminosity-vs-nemiga-m1-cache,pro,de_cache,166761,f730a5e684,m4a1_silencer,False,False,False,False,False,False,0.0,0.7986752986907959,0.0524474382400512,rifle,0.4029808636730877,False,166562
190.54242062025003,54.19263626733117,42.744140625,4713.015871470782,1.9945607136616057,5.583309766214225,1.9945607136616057,3,24.571552099302995,68.82165951317708,0,705.5557454913712,87.94425020269051,163.44610767004465,28412,68,7,2,False,True,match730_003845735833772490759_0956054515_272,own,de_inferno,28480,6f17506be7,fiveseven,False,False,False,False,False,False,40.0,0.0,0.0,pistol,0.40284134559467455,False,28220
53.96296842935968,17.778098311397216,12.261615054928107,2102.1924794790198,2.922163844833163,3.096871930958257,2.880040759788617,1,14.715555559556334,15.206831225348225,11,287.99797489540254,83.77619218766195,222.18041256397095,37719,0,1,1,True,True,match730_003845735833772490759_0956054515_272,own,de_inferno,37719,68a903afd4,ak47,True,False,False,False,False,False,32.0,0.0,0.0,rifle,0.40282393394332405,False,37527
140.80078125,27.18572090282513,33.578142053217576,2678.524488637612,6.171191131898262,5.104500342127169,4.16332669886402,0,51.84074501699519,43.96360602918354,0,479.308186091772,218.58563838536764,1056.7548460677806,25583,25,5,1,False,True,match730_003846114907586035842_2006638891_196,own,de_mirage,25608,a0aa94d8fe,m4a1_silencer,True,False,False,False,False,False,36.0,0.0,0.0755859389901161,rifle,0.4028227735930206,False,25391
176.60215334254477,45.38177881913138,12.290042125020898,5776.182791036135,1.3992354268188143,3.159470241919033,1.3992354268188143,5,23.212955484534035,52.62817830263752,0,944.2599712807554,180.15017425932768,739.3204467732461,9407,5,2,2,True,True,match730_003829380948349157814_1390656678_161,own,de_dust2,9412,0ecd5d7027,mac10,True,False,False,False,False,False,72.0,0.0,0.0,smg,0.40277026903720625,False,9215
288.9421922491261,43.8017882279384,10.901355503294951,8973.432998970937,3.2026935422990315,2.572767189266268,0.6758832108712532,0,35.723841773547896,28.668367552072738,0,580.511366028082,122.60372000020216,572.9951085169299,54926,6,2,1,False,True,match730_003846114907586035842_2006638891_196,own,de_mirage,54932,9f5f4034b1,galilar,False,False,False,False,False,False,13.0,0.0,0.0,rifle,0.4027629257495086,False,54734
353.67536810819854,49.96837432681375,10.353423339870403,6160.451168705913,4.129296607770996,4.6044243678014105,2.332091830396904,0,33.51272491932925,37.51816086859704,0,463.2282990451796,48.21950192160759,285.93772126982844,50946,19,4,3,False,True,match730_003829380948349157814_1390656678_161,own,de_dust2,50965,0ecd5d7027,ak47,True,False,False,False,False,False,72.0,0.0,0.7154020667076111,rifle,0.4027393791067405,False,50754
164.78025081178936,25.084269360072746,74.86932340591368,5757.9610705190935,1.1521191152492565,6.395740988769701,1.1521191152492565,3,10.014909272784603,56.46799888153339,3,481.5681972005749,103.51912394605358,171.30838024278106,110550,32,6,4,False,True,match730_003846114907586035842_2006638891_196,own,de_mirage,110582,9f5f4034b1,m4a1_silencer,False,False,False,False,False,False,13.0,0.0,0.0,rifle,0.4027296760170124,False,110358
62.38741526000823,17.02861642541985,6.066084066377655,1609.0063293366682,0.3467274693853088,1.53498909046254,0.2887970951433183,8,7.0014875387496565,31.210215376076423,4,1156.0771670238937,133.92724468141256,383.2078970266294,105855,23,3,2,True,True,astralis-vs-fnatic-m2-ancient,pro,de_ancient,105878,ca06492643,m4a1_silencer,False,False,False,False,False,False,0.0,0.0,0.0,rifle,0.4026769288395638,False,105663
142.76122058121092,10.907448727274446,73.3132921530058,4741.1104480293325,1.4682014259932787,5.9091866556890285,1.4682014259932787,3,10.496934908513555,44.602401068253535,3,409.3407572362008,158.8226093383476,186.930308240797,120530,6,2,1,False,True,luminosity-vs-nemiga-m2-dust2,pro,de_dust2,120536,3b306c71b2,ak47,False,False,False,False,False,False,0.0,0.0,0.0,rifle,0.4026364387710607,False,120338
160.9375812685863,45.670393785438414,106.96478157222867,3421.915362726989,5.041029546687989,9.123142168959856,4.867733687373855,0,17.169013175839623,31.47304357332383,3,193.25275174966308,66.51224570269318,537.4743468534251,105031,51,11,6,False,True,match730_003846114907586035842_2006638891_196,own,de_mirage,105082,401def1742,mp7,False,False,False,False,False,False,21.0,0.0,0.0,smg,0.4025804757557954,False,104839
282.5134282051766,57.1671572631688,17.23603551564996,7132.912786872241,2.828318444595681,3.5496311242737333,0.5627800071423391,1,15.519799380906456,19.51327895733457,6,302.5661361758189,137.5043248720127,173.005805872548,56398,0,1,1,True,True,match730_003833682433258029322_1216037504_161,own,de_dust2,56398,aa97ccafe5,ak47,True,False,False,False,False,False,9.0,0.0,0.0,rifle,0.4025625408172962,False,56206
80.710231666776,17.598212786589535,19.856244740187137,2858.7366958314383,4.038128960163542,2.6991928113745067,1.4169221558889764,0,51.80487112909028,34.6900213976135,0,733.4116398786437,163.6215652937188,757.4073414896562,13659,0,1,1,True,True,match730_003846224175849013887_1403891103_383,own,de_anubis,13659,9c0b0079af,m4a1,False,False,False,False,False,False,54.0,1.0,1.0,rifle,0.40251495801117815,False,13467
149.23828125,21.450273913788266,5.452075787763834,4325.987885521664,0.166907670478051,1.0752719721103468,0.0758384667627429,9,2.9504359533449045,19.01658781638549,6,1012.1318262489384,20.12624571973757,307.51184086489314,88792,25,5,4,True,True,aurora-vs-9z-m1-dust2,pro,de_dust2,88817,c1c75a4da6,ak47,False,False,False,False,False,False,0.0,0.0,0.0,rifle,0.40248252671293777,False,88600
87.26197851856074,19.448476894649296,41.77517837254644,2652.795940925405,4.365921231026417,4.822588273452338,3.393562595336451,0,16.444602597100154,17.21153365294972,7,215.37014179301508,99.72708072207016,112.11817052414663,66342,54,13,5,False,True,aurora-vs-9z-m2-mirage-p1,pro,de_mirage,66396,b793b85286,mp9,False,False,False,False,False,False,0.0,0.0,0.0,smg,0.40245637130932416,False,66150
81.53047202613837,15.351402318128308,23.04515253320822,3536.721005140728,0.9683584829411264,1.235906465962912,0.324405419427712,15,16.220042659986543,20.783249623421604,2,959.6148456524038,172.59901178181585,491.8108800313171,122249,36,9,6,True,True,aurora-vs-9z-m2-mirage-p1,pro,de_mirage,122285,6e8537eb46,mp9,True,False,False,False,False,False,0.0,0.0,0.0,smg,0.4023736036496919,False,122057
264.8449272611216,34.579410879727206,14.820701942994376,10728.5566491756,1.9572024992082373,2.0003711234208184,1.6813257867247673,12,12.892917470185724,13.43505048239956,12,377.0674292962688,85.83001704304175,200.07984693014149,27883,51,10,4,False,True,match730_003846055312767320440_2034169741_274,own,de_nuke,27934,657a17d37a,galilar,False,False,False,False,False,False,39.0,0.0,0.0,rifle,0.4023569422820843,False,27691
142.50911082539042,26.027650643798328,15.269523972133069,5999.63202584236,0.3760388132144554,0.912856514618452,0.3276997208706031,20,7.102892293904144,17.243053985390496,7,1082.0905320282643,62.05164200929616,262.65106147268386,87746,51,9,3,False,True,aurora-vs-9z-m2-mirage-p1,pro,de_mirage,87797,9885584175,ak47,False,False,False,False,False,False,0.0,0.0,0.5748553276062012,rifle,0.4023419166082139,False,87554
280.1837803723291,30.598235834321805,11.71450384878374,6292.583485748488,1.65536268504469,1.3479903484619309,0.4091665051896698,18,26.93297224612863,21.938194269506987,0,930.7084903592248,156.3375974158427,934.0231801426283,28956,19,4,2,False,True,luminosity-vs-nemiga-m2-dust2,pro,de_dust2,28975,590a913841,m4a1_silencer,False,False,False,False,False,False,0.0,0.5287842750549316,0.0,rifle,0.4023315114111101,False,28764
27.09570926679114,15.426090467239842,16.103672400910472,814.36863173399,0.6051397267992893,1.6589188202616747,0.6051397267992893,16,8.37030373787209,23.29308021651853,3,783.0063637697863,180.2081713555218,289.26054143649674,42978,46,9,5,False,True,luminosity-vs-nemiga-m1-cache,pro,de_cache,43024,95f0d4db09,m4a1,False,False,False,False,False,False,0.0,0.0,0.0,rifle,0.402310115586798,False,42786
99.66181440300583,51.96183378719297,63.19752131178378,1946.976110536094,4.191176813167741,8.554698579728527,3.120543296685756,0,27.568552397240623,56.71554326889141,0,364.88609078050206,88.53044200910918,126.00578259904252,79184,35,7,3,False,True,match730_003846087479924883540_0606572273_161,own,de_mirage,79219,7b600d11e9,famas,True,False,False,False,False,False,5.0,0.0,0.7226054668426514,rifle,0.40224758543243844,False,78992
29.0835043201685,5.471722084755097,2.5397744373311277,936.8073886213764,0.7677993997865935,0.6709647505771082,0.5950251721520583,19,13.02050480582649,11.465094825668498,12,971.4910966809224,209.13987207142503,833.0154718072635,43288,0,1,1,True,True,astralis-vs-fnatic-m2-ancient,pro,de_ancient,43288,ca06492643,awp,False,False,False,False,False,False,0.0,0.0,0.0,sniper,0.4022178743881441,False,43096
196.21629391254123,38.92527755930301,42.56430979399968,12557.84281040264,2.396113225795584,6.672249527064979,2.396113225795584,2,21.37813915305768,60.396251745243845,0,508.9936980842048,2.8715644343786897,251.81836702656952,25129,27,3,2,False,True,match730_003846095210866016783_0292086677_161,own,de_ancient,25156,8a33bc3a37,p250,False,False,False,False,False,False,141.0,0.0,1.0,pistol,0.402031904776611,False,24937
187.0849277091392,20.504325408216253,35.39871002890492,11973.435373384908,1.1023254131370104,2.773159427199907,1.0323163300152465,4,15.312272997730853,38.62633477679827,2,795.7683023090023,159.98694580875673,159.89358383046016,129699,13,3,3,True,True,match730_003829380948349157814_1390656678_161,own,de_dust2,129712,ba3ac6a90d,ak47,True,False,False,False,False,False,46.0,0.0,0.0,rifle,0.40198847620906697,False,129507
197.09644602112132,31.98688663368866,12.706500745262906,10370.822077789351,2.5283587798489577,2.136432026723162,1.592055448300905,12,33.42655940584495,28.050673597260207,0,746.9033310161661,151.0882766841759,267.33411487147663,99767,35,7,3,True,True,match730_003831793800846508273_1359762374_161,own,de_mirage,99802,34f759c543,galilar,False,False,False,False,False,False,69.0,0.0,0.0,rifle,0.4019056192545648,False,99575
259.816782648332,53.62050328352129,51.206969281372814,12152.254783444065,1.6604755526414807,2.1383094250092296,0.6118881996040421,8,16.09683280572578,20.74477220456695,7,553.3874598881362,0.0,368.2826035259691,51595,19,4,3,True,True,match730_003846224175849013887_1403891103_383,own,de_anubis,51614,0c250789aa,ak47,True,False,False,False,False,False,62.0,0.0,0.0,rifle,0.4019005278784449,False,51403
78.8928156590311,15.171324808868594,23.60765153122373,1633.0615536098353,2.441023919927296,1.6461299294139926,0.26890796427059,34,28.95309605359149,19.55206250813356,0,679.046396412199,131.52038836373754,797.9429426541087,55642,26,5,3,False,True,match730_003846055312767320440_2034169741_274,own,de_nuke,55668,9f3aebc0e3,m4a1_silencer,False,False,False,False,False,False,13.0,0.0,1.0,rifle,0.4018923875730119,False,55450
118.2574993612505,25.574725689429613,23.50894693720661,5868.458958143316,1.0419977393048487,1.6925936207594596,0.6334772212704244,10,6.337473114209614,10.203844770395731,15,348.2016821756942,122.12535133500336,428.91742502811394,118641,0,1,1,True,True,match730_003846055312767320440_2034169741_274,own,de_nuke,118641,8a33bc3a37,deagle,True,False,False,False,False,False,19.0,0.0,0.0,pistol,0.40188937863021834,False,118449
151.9447565986004,37.79125799383068,112.28940765706676,4583.495197612127,2.3586779542826197,6.530517023574447,2.3586779542826197,1,19.44719321604216,52.31791463043569,1,471.86889188604215,213.14474086852547,530.8716756056209,135389,35,7,4,False,True,match730_003829380948349157814_1390656678_161,own,de_dust2,135424,9a711e878c,m4a1,False,False,False,False,False,False,40.0,0.0,0.0,rifle,0.40181678850656155,False,135197
128.64180062381286,48.7445693449014,65.88663337230899,4123.034863947771,0.2110734079631958,3.357287601832452,0.2110734079631958,3,1.7302339038986092,27.8014774669528,3,469.56652622266455,65.90437255572559,105.82418977647986,46184,26,5,4,False,True,furia-vs-betboom-m1-mirage,pro,de_mirage,46210,c32a6f9c5c,ak47,False,False,False,False,False,False,0.0,0.0,0.0,rifle,0.40179892963110514,False,45992
52.93032352304674,6.983142468838119,43.170856804114486,1928.1577472987365,1.8790126366285076,1.714676037354008,1.1987824970063277,27,21.48943797212325,19.52515389549631,0,654.9703612531882,166.93594167305952,382.74243112117153,10464,41,8,5,False,True,astralis-vs-fnatic-m2-ancient,pro,de_ancient,10505,ca06492643,galilar,False,False,False,False,False,False,0.0,0.0,0.0,rifle,0.40179529692709876,False,10272
51.26446734897012,8.745938535624648,35.57587476406217,2164.8477215849352,4.83232471769608,2.785005397234735,2.050775096385095,0,29.68020952000178,17.510883259747306,0,326.73263173721773,219.7900120712237,442.4371527438979,156143,49,7,2,False,True,astralis-vs-fnatic-m1-dust2,pro,de_dust2,156192,d8f9528a3a,tec9,True,False,False,False,False,False,0.0,0.0,0.0,pistol,0.40178328705240796,False,155951
47.1043634940614,12.255116899234018,42.1956063008859,1510.2647662123684,0.7850256464476757,1.4371712458614438,0.7850256464476757,31,12.807608172136264,23.83247516719757,3,929.095385691932,139.1082419709034,427.5918103749224,162126,23,5,2,False,True,furia-vs-betboom-m2-cache,pro,de_cache,162149,6c3df85cda,m4a1,True,False,False,False,False,False,0.0,0.0,0.0,rifle,0.4016086716879726,False,161934
43.5327774294712,14.505746694808323,4.239883580566283,1077.3312181640017,1.5195350056420776,1.8822898269837127,0.5331703669513111,22,15.173979551200649,18.78289848949581,4,566.8560758937792,95.7870581814666,659.8528832467707,10960,20,3,1,False,True,match730_003833678395988770820_2132169428_161,own,de_dust2,10980,9517c1c552,tec9,True,False,False,False,False,False,80.0,0.0,0.0,pistol,0.40160057400662275,False,10768
118.6171051871308,44.680702765908975,17.004913914213226,3884.715986820067,6.253452311166106,5.28122206807683,0.9273314047999288,0,47.436705355509886,40.0199906455427,0,432.89449761138127,96.42474389861648,668.8702275373712,145599,0,1,1,True,True,luminosity-vs-nemiga-m2-dust2,pro,de_dust2,145599,74c7d1f104,m4a1,False,False,False,False,False,False,0.0,0.0711683630943298,0.3661204576492309,rifle,0.40156638990973276,False,145407
365.6247668351954,65.92353593803449,48.41903092846267,10054.348637697942,1.5269364299491386,3.375029936278337,1.4116198927580872,5,11.23757210899801,24.50610011943365,4,336.9364381456654,56.24861684216207,58.45210204864693,72775,0,1,1,True,True,luminosity-vs-nemiga-m2-dust2,pro,de_dust2,72775,3b306c71b2,m4a1_silencer,True,False,False,False,False,False,0.0,0.0,0.0,rifle,0.401557502319085,False,72583
68.35152147967466,16.629047600151484,17.098479996270115,1744.002991762609,0.967751933947432,1.2255160660437587,0.6618983075545077,16,22.227399284837208,27.772953101839885,0,1310.7961248366548,172.04780962264851,237.238011270627,75787,21,3,2,True,True,match730_003846095210866016783_0292086677_161,own,de_ancient,75808,abfcba6be4,galilar,False,False,False,False,False,False,18.0,0.0,0.0,rifle,0.40152053645258506,False,75595
357.7849860331556,47.16816961684698,65.51084307690105,10549.818208807736,1.971833374094416,7.405008798282291,1.6856342845850565,1,11.585297906569028,44.38481774784846,2,336.1259659081784,52.209186805915735,366.31040256964354,122754,7,2,1,False,True,match730_003846095210866016783_0292086677_161,own,de_ancient,122761,b639457643,ak47,False,False,False,False,False,False,42.0,0.0,1.0,rifle,0.4014688800736119,False,122562
30.26890384714529,6.527702617319042,14.469570658791929,987.9300270742752,1.3498324077571529,2.1466701868622247,1.3498324077571529,16,12.045069869996356,19.15833653534166,5,511.0418467611842,81.95360519943611,285.5116990453208,57303,7,2,1,False,True,aurora-vs-9z-m1-dust2,pro,de_dust2,57310,6c2b13b080,ak47,True,False,False,False,False,False,0.0,0.0,0.8744366765022278,rifle,0.4014474072753328,False,57111
111.94619519973678,45.51110906859233,36.3408100117804,2924.430768656433,7.710847000648673,7.804119553372173,2.7373118022732115,0,42.87016059284495,45.33943300117386,0,315.6939720305812,156.09857844263715,849.3743810763821,33129,51,9,4,False,True,match730_003829380948349157814_1390656678_161,own,de_dust2,33180,9a711e878c,ak47,False,False,False,False,False,False,40.0,0.8629501461982727,0.0,rifle,0.4014343732132762,False,32937
25.048828125,10.312193928960578,7.927894407934754,650.3202990542356,0.3523911696579624,0.4699368869013667,0.339711546397165,26,6.94770262468074,9.26481996653782,16,1129.5500482091295,156.18853907251253,333.16525245737563,143906,0,1,1,True,True,furia-vs-betboom-m2-cache,pro,de_cache,143906,e1ccb1699e,awp,False,False,False,False,False,False,0.0,0.0,0.0,sniper,0.4013465638609716,False,143714
352.3567170565622,79.89319350991408,22.960441076489303,8262.507114985678,0.9872013100007424,2.105502741109873,0.9872013100007424,11,8.902005717157243,19.45630693789808,6,501.70350935823177,122.5624587797312,333.13742234371665,79451,0,1,1,True,True,luminosity-vs-nemiga-m1-cache,pro,de_cache,79451,590a913841,ak47,True,False,False,False,False,False,0.0,0.011733055114746,0.0,rifle,0.4013130464583513,False,79259
469.6049977110127,62.579555965073226,66.7991666549528,11410.786103991271,2.633964416558108,3.4171696444408184,0.5950213912020886,2,22.66347352051427,29.679723574363077,0,492.3573624271327,189.3643377799385,425.0970401117716,229616,19,4,4,True,True,furia-vs-betboom-m2-cache,pro,de_cache,229635,a7745f74db,m4a1_silencer,False,False,False,False,False,False,0.0,1.0,0.0,rifle,0.4012255416760384,False,229424
111.68460405434529,19.810183636407697,52.35878180938829,7147.814659478098,2.534736059648936,5.775910964119385,2.534736059648936,1,25.25070109588695,59.40797099311728,0,537.1659523068007,97.09006474749386,259.418776602901,82248,5,2,1,False,True,match730_003846087479924883540_0606572273_161,own,de_mirage,82253,a6d0004234,famas,False,False,False,False,False,False,56.0,0.0,0.0,rifle,0.40122411477793674,False,82056
85.99248798408317,19.726211637744655,1.6882404618046134,2634.039398709888,1.4576459979799186,1.175087246086799,0.8186102569542131,11,18.79096990229084,14.999849594489628,9,726.1229244658589,220.67318096477896,775.9833854333566,13483,49,6,3,True,True,match730_003846114907586035842_2006638891_196,own,de_mirage,13532,401def1742,ak47,False,False,False,False,False,False,21.0,0.0,0.0,rifle,0.40118922827729514,False,13291
101.51994931964497,19.1205010567425,58.37673783491852,4012.2823486102,2.777648877495234,1.9064233240544275,0.2193366320793588,10,14.908031852246417,10.22147918137924,11,305.0275841648171,38.429412287925125,55.55838670936249,90802,0,1,1,True,True,match730_003846087479924883540_0606572273_161,own,de_mirage,90802,27f0cb0ba9,deagle,True,False,False,False,False,False,18.0,0.0,0.0,pistol,0.4010704365848401,False,90610
61.26350459481777,8.64826441502229,19.60258522877223,3920.864294068337,4.550566910341122,4.6306116072505095,1.6555974198006682,0,36.56215001552443,38.04950725953636,0,458.2286616914389,207.05967181147707,560.6463404282347,9875,38,7,3,False,True,match730_003846224175849013887_1403891103_383,own,de_anubis,9913,04d29c9bb8,ak47,False,False,False,False,False,False,139.0,0.0,0.0,rifle,0.4010521109333005,False,9683
149.7427479638982,38.22858250785211,98.9195853368711,5470.930636669596,5.029546684810896,9.844347840501236,1.7466428227101305,0,24.51909821994409,51.31241099621407,0,262.7272148861834,116.85715264893398,479.1739292445927,134068,45,8,4,False,True,match730_003829380948349157814_1390656678_161,own,de_dust2,134113,844038e231,ak47,False,False,False,False,False,False,46.0,0.0,0.0,rifle,0.40102969372896186,False,133876
205.79247353547427,25.293270116096394,7.771584264722754,9308.699060299406,9.539513883733504,8.403152571735182,6.026745620173359,0,40.14539521987535,37.88396550050542,0,231.6638540783772,223.83128910724827,1005.442323658814,49054,29,7,3,False,True,match730_003846055312767320440_2034169741_274,own,de_nuke,49083,30df2fc581,mac10,False,False,False,False,False,False,25.0,0.0,0.0,smg,0.4010058528505277,False,48862
105.32651292523322,34.555961217426244,3.046875,3124.568143995853,1.5258642820681696,1.3168237435153436,0.1732896594878745,12,26.2823484165146,22.66034121959554,0,981.2250213947644,33.99910670430393,221.3836453051232,28036,42,6,4,False,True,match730_003845848209444307084_2046226831_274,own,de_dust2,28078,3e06735caf,ak47,False,False,False,False,False,False,38.0,0.0,1.0,rifle,0.40098564943947745,False,27844
171.0533523873343,45.87498480897834,4.304925543801624,5094.493299456755,1.6478194227478726,3.031907811297356,1.3845752685112742,7,14.069395600577485,25.936022746682475,6,488.8717319603448,167.26027878369428,483.1005656737339,158760,13,3,3,True,True,luminosity-vs-nemiga-m2-dust2,pro,de_dust2,158773,798c33b296,m4a1_silencer,False,False,False,False,False,False,0.0,0.0,0.0,rifle,0.40098504619849723,False,158568
309.19921875,29.72439383780423,36.32640721428976,12777.972491691864,0.975702407289805,2.558277598940715,0.975702407289805,6,14.312032971631902,38.07676332391826,2,833.8386979687423,114.7676558318342,325.5499169447455,137730,0,1,1,True,True,furia-vs-betboom-m1-mirage,pro,de_mirage,137730,372a892754,ak47,True,False,False,False,False,False,0.0,0.0,0.0,rifle,0.4009513082384064,False,137538
205.8728998536841,55.88292007843779,32.57711701576135,9362.974762972324,5.5593745821958604,2.934126177977251,0.5293918440994494,0,35.681271749465,18.77154446269131,0,362.9797776618999,167.5239669504802,360.91201828257886,38330,40,3,2,False,True,match730_003829380948349157814_1390656678_161,own,de_dust2,38370,857d0f207c,deagle,True,False,False,False,False,False,37.0,0.0,0.0,pistol,0.40091072691297047,False,38138
40.64862291893872,16.28506063690071,21.31702235289381,824.5948358075759,0.4047039495420573,1.2986330068668352,0.0855404149042089,14,5.752054355539134,18.708128204350995,5,811.9790674392847,97.74157321334292,138.02316961550173,30641,11,3,2,True,True,match730_003833682433258029322_1216037504_161,own,de_dust2,30652,916fd9f867,famas,False,False,False,False,False,False,19.0,0.0,0.0,rifle,0.4009010412082873,False,30449
29.52831126935611,2.6694429090446468,8.819347336854378,755.110923855374,0.5917374803490256,0.4637837376595394,0.0787159155976387,21,9.514073595657186,7.440233703874931,11,917.5433265559934,142.94325892791858,267.00388518661083,23007,0,1,1,True,True,aurora-vs-9z-m1-dust2,pro,de_dust2,23007,4044fff327,awp,False,False,False,False,False,False,0.0,0.0,0.0,sniper,0.40085892320557576,False,22815
189.1563003466867,71.82040885693561,4.138671875,7593.861495323264,4.625455312434001,3.782826948323304,1.001787353849083,0,27.337167447516325,22.135141417731084,0,337.69535364198737,28.567918033773115,96.67776743453314,133528,4,2,1,False,True,match730_003846095210866016783_0292086677_161,own,de_ancient,133532,8a33bc3a37,mac10,True,False,False,False,False,False,135.0,0.0,0.0,smg,0.40077332387244324,False,133336
212.04892132292923,23.39084549603665,13.215746658996135,8106.648576453476,1.7678319647505112,2.4291461336720994,1.7678319647505112,23,26.35340865995093,35.394528737493204,0,853.163872183641,216.4985575933992,728.890066568391,132785,26,5,4,False,True,match730_003846114907586035842_2006638891_196,own,de_mirage,132811,476a8ccf25,ak47,False,False,False,False,False,False,18.0,0.0,0.0,rifle,0.4007539898487339,False,132593
109.24454105801608,21.686716626731982,9.816396765846532,4511.347962210289,0.1272682831371666,1.316438677476606,0.1272682831371666,18,1.0912530605679058,11.434440080601032,8,491.2230446767171,19.737433406608577,115.44318675945262,75017,32,6,3,False,True,match730_003831793800846508273_1359762374_161,own,de_mirage,75049,6ca81de9cd,m4a1_silencer,False,False,False,False,False,False,62.0,0.0,1.0,rifle,0.4007329226658626,False,74825
168.98910415388033,37.44182212326869,7.105099698587151,6444.232943586834,0.8555711091519287,2.5306514642237032,0.8449017703322018,6,5.3080076185942415,15.684675065699375,6,352.5859199173227,35.37355164365182,72.10328397360506,135787,38,7,2,False,True,astralis-vs-fnatic-m1-dust2,pro,de_dust2,135825,3f5c0f1ef2,ak47,False,False,False,False,False,False,0.0,0.0,0.0,rifle,0.4006254427500748,False,135595
87.57818556689058,13.12667977913183,22.45923190353416,2148.874521145017,0.7278051750746263,2.091573044276752,0.7278051750746263,10,14.22410883384416,40.72091125675432,1,1119.5889229166555,192.99028637125875,534.5148771979631,35911,26,5,4,True,True,match730_003833678395988770820_2132169428_161,own,de_dust2,35937,f86f118666,ak47,False,False,False,False,False,False,7.0,0.0,0.0,rifle,0.4005963510807021,False,35719
117.13462401252346,10.460650568186749,2.717122395833333,4189.696745573861,1.1035863339932863,0.9801673316452796,0.7122331223013617,15,13.688954255254137,12.139559131327626,10,710.6121094148592,126.03408801410662,96.58758710728242,130786,19,4,2,True,True,luminosity-vs-nemiga-m1-cache,pro,de_cache,130805,d61b8b9081,m4a1_silencer,False,False,False,False,False,False,0.0,0.0,0.0,rifle,0.40058672694782027,False,130594
161.13363354430973,19.318770028921524,86.72965123970852,5123.32455564761,0.7606571297312642,4.90000362685884,0.7606571297312642,3,6.978746290566885,45.53591385293252,3,518.9111939675176,71.9386717116127,374.3962954254442,35196,0,1,1,True,True,aurora-vs-9z-m2-mirage-p1,pro,de_mirage,35196,6c2b13b080,ak47,True,False,False,False,False,False,0.0,0.0,0.0,rifle,0.4005120350985178,False,35004
156.56801047611694,60.18578295386625,7.252081199730475,4344.937065921817,0.7717133529740219,5.261246856800772,0.7717133529740219,5,6.509895778803728,44.69023239274371,4,478.9642937865738,90.85306510025946,304.4921665496525,38054,6,2,2,True,True,match730_003831793800846508273_1359762374_161,own,de_mirage,38060,f86f118666,ak47,False,False,False,False,False,False,11.0,0.0,0.0,rifle,0.40050084570068933,False,37862
61.1235608046526,17.76941997497165,5.772896209725065,3165.8508663072507,1.2242113867408215,1.117771754421636,0.5818723877107367,23,25.36111544431753,23.14258707880728,0,1185.5996052835956,68.38243556618959,163.87395792754552,158828,11,3,2,False,True,luminosity-vs-nemiga-m2-dust2,pro,de_dust2,158839,95f0d4db09,m4a1,True,False,False,False,False,False,0.0,0.0,0.0,rifle,0.4004481450009774,False,158636
204.146484375,57.978608343670274,18.577756144603708,4279.125,2.4634630312115773,2.6130201612146764,2.4634630312115773,11,34.074684096711,36.57025624138353,0,765.3949465976285,204.48598546254303,622.9548628859482,2652,94,10,5,False,True,match730_003845721267390906757_0873910189_273,own,de_anubis,2746,6b4b6c808f,tec9,False,False,False,False,False,False,31.0,0.0,0.0,pistol,0.4004188776124171,False,2460
91.02402709424236,12.825910849971743,8.929518314843667,2715.7127207419776,0.806346333712921,1.2293711073493196,0.806346333712921,34,13.85004103656794,21.11622143865591,4,974.1492931669676,44.56181636770955,177.8519573344065,59962,0,1,1,True,True,luminosity-vs-nemiga-m1-cache,pro,de_cache,59962,c4ceacecd8,awp,False,False,False,False,False,False,0.0,1.0,0.7142877578735352,sniper,0.40040154325086635,False,59770
34.16459181153321,4.7097629331873225,22.792828008031638,1084.289901936697,0.5779625156621253,0.6414971518647116,0.1023761416012159,19,9.42869820754612,10.453813458157809,8,931.0386761713462,208.92934537812292,327.3936553683611,72273,0,1,1,True,True,astralis-vs-fnatic-m1-dust2,pro,de_dust2,72273,ca06492643,awp,False,False,False,False,False,False,0.0,0.0,0.0,sniper,0.40032002401747174,False,72081
357.7677908288427,49.42773784794858,33.53316762886877,7033.3277361669225,4.103602854993707,5.486147480602247,4.103602854993707,0,34.769342514125164,46.486605751145255,0,477.43482458150834,105.7510044132573,827.5230556796196,66641,13,3,2,False,True,furia-vs-betboom-m1-mirage,pro,de_mirage,66654,52f704f8ce,m4a1_silencer,False,False,False,False,False,False,0.0,0.0,0.0,rifle,0.40028593934493295,False,66449
151.0615234375,55.59543820899389,88.05890130092472,4097.307210445838,2.87312100630268,5.989090586355728,2.380845066244559,1,13.276162129969936,28.56758757800265,1,264.1511718007918,129.13054409372415,621.1858228584573,102373,7,2,2,True,True,match730_003845848209444307084_2046226831_274,own,de_dust2,102380,71f78fbbc6,ak47,False,False,False,False,False,False,28.0,0.0,0.0,rifle,0.40024438574023424,False,102181
183.07890088765956,40.6863142109312,27.263518762458883,7329.671911440593,0.8171868649383464,1.077854761572962,0.779605520824184,15,7.868267676536026,10.375703901486382,11,551.5292661060499,103.77961946851975,209.85787529665487,49141,23,5,4,False,True,match730_003833678395988770820_2132169428_161,own,de_dust2,49164,4ccc3c6dfc,m4a1,False,False,False,False,False,False,46.0,0.0,0.0,rifle,0.4002442911834079,False,48949
65.31549276403608,6.798046838026777,53.116713110427554,1602.4198785359454,1.0614172601370002,2.987879285131177,1.0614172601370002,4,8.08039616218835,23.25813547949968,3,436.0107405524038,150.75557985221047,215.62366794385508,126653,0,1,1,True,True,luminosity-vs-nemiga-m2-dust2,pro,de_dust2,126653,3b306c71b2,ak47,False,False,False,False,False,False,0.0,0.0,0.0,rifle,0.4002151844780964,False,126461
236.11768082542972,40.31919917945951,12.797172159332009,6430.37228604443,1.603661140881747,1.9985917777400524,1.540705898204893,25,23.760291695657948,29.73277020287167,0,841.8910290569924,147.41956627016535,452.1089907331928,25463,29,5,2,True,True,match730_003846114907586035842_2006638891_196,own,de_mirage,25492,1c49a0cc75,m4a1,True,False,False,False,False,False,20.0,1.0,0.0,rifle,0.4002148081977287,False,25271
120.4814127796734,41.3280197940429,69.92992009900989,7323.980396454939,1.186455429531908,6.378543099108702,1.186455429531908,3,9.732652680429172,54.80475078778362,3,468.07506219116806,34.6343996747715,215.23235888706049,102443,28,7,5,True,True,match730_003829380948349157814_1390656678_161,own,de_dust2,102471,844038e231,mac10,True,False,False,False,False,False,40.0,0.0,0.0,smg,0.400212450838344,False,102251
249.1597151027912,44.27072086441322,72.9857478433143,8112.267484646282,1.4138087978871434,5.444360171302595,1.4138087978871434,3,7.137115574132594,27.63410930816081,4,289.07026864070144,57.36324577619522,776.2047254137135,6057,6,2,2,True,True,aurora-vs-9z-m2-mirage-p2,pro,de_mirage,6063,fe43c71f39,ak47,True,False,False,False,False,False,0.0,0.0,0.0,rifle,0.4001973355162425,False,5865
51.22634904871376,9.024178908032235,40.476805871598906,1520.7906080824964,3.933229316765024,4.656519488809122,2.0850559209086525,0,23.283501084068547,27.873360016218804,0,338.41688742564776,72.75063299985261,381.99271459436926,28611,6,2,1,False,True,match730_003846055312767320440_2034169741_274,own,de_nuke,28617,f9d25d950a,m4a1_silencer,False,False,False,False,False,False,20.0,0.0,0.0,rifle,0.4001913244177774,False,28419
121.86572095711315,18.746402235647,101.52391594814992,3686.550839701744,1.623576518336623,7.816603837779927,1.623576518336623,2,8.09641404091052,38.85203975544575,2,285.619596706718,120.27907631334882,464.3076830788896,50857,25,5,1,False,True,match730_003833678395988770820_2132169428_161,own,de_dust2,50882,a8942b953a,m4a1_silencer,True,False,False,False,False,False,47.0,0.0,0.0,rifle,0.4001625483648987,False,50665
150.13242618383845,30.22851523000768,93.43662590196766,5858.9752127364245,2.7956991296656084,7.593184740748201,2.7956991296656084,1,20.56136684393195,58.08475628913834,0,401.3824585136721,180.3846655233967,253.43897244082876,71521,32,6,3,False,True,match730_003831793800846508273_1359762374_161,own,de_mirage,71553,60b48394d1,ak47,False,False,False,False,False,False,17.0,0.0,0.1016201078891754,rifle,0.40014533979843714,False,71329
121.3230218200979,16.320661098792804,3.71076809030338,3094.4045812783843,0.9661409796923448,1.0999565843761092,0.8877631951054469,23,19.27215497722525,21.939896078002043,4,1142.5409447118366,16.754893262093375,347.04097752521386,94805,0,1,1,True,True,match730_003846055312767320440_2034169741_274,own,de_nuke,94805,b9026ee78e,ak47,False,False,False,False,False,False,18.0,0.0,0.0,rifle,0.40013493060317623,False,94613
59.106846649685565,28.766785498532897,17.251620677831447,1648.1015098221592,1.2076400067925894,1.316553939098548,1.1738641359537092,24,11.440493362751116,12.542769676898631,12,542.5700786808612,89.45145525204383,422.5725445091908,29065,9,2,2,True,True,aurora-vs-9z-m1-dust2,pro,de_dust2,29074,b793b85286,glock,False,False,False,False,False,False,0.0,0.0,0.0,pistol,0.40011269840398794,False,28873
64.83642021943638,22.937678446007183,6.569661458333333,1446.9580892469403,2.067153819829224,1.521729442238103,0.1021507971476863,10,30.884718551624825,22.74911117431328,0,847.3089839924613,69.42808852228737,140.837617917261,60899,43,8,4,False,True,match730_003846114907586035842_2006638891_196,own,de_mirage,60942,a0aa94d8fe,mp7,False,False,False,False,False,False,36.0,0.0,0.334683895111084,smg,0.40008007877821633,False,60707
104.5509116710902,11.31511375867656,24.53645833333333,6691.258346949772,1.947063163689292,2.337828496506126,0.6643246802216748,7,30.56273055419303,36.8825770009531,0,898.0995591005809,125.15950698640134,153.126662404904,135534,77,11,4,False,True,match730_003829380948349157814_1390656678_161,own,de_dust2,135611,0ecd5d7027,m4a1_silencer,True,False,False,False,False,False,73.0,0.0,1.0,rifle,0.4000727435220376,False,135342
46.26681795292469,8.98927001168461,7.610767581368631,1493.6353925085857,0.8536921485653983,1.230908879869132,0.5910714650838504,20,18.68023989018325,27.11553006778932,2,1253.5240022398336,224.95481085188013,572.8161964081484,66305,0,1,1,True,True,luminosity-vs-nemiga-m1-cache,pro,de_cache,66305,d61b8b9081,ak47,True,False,False,False,False,False,0.0,0.0,0.0,rifle,0.40006797272059635,False,66113
42.32613370653475,11.340926408009391,28.598985346963605,1103.5983603741847,2.9595674552746942,3.796503744290338,2.534615036686436,1,16.271541612970317,21.32171714023176,3,312.7662593181265,96.97453581222388,241.0872884663562,66569,0,1,1,True,True,match730_003833678395988770820_2132169428_161,own,de_dust2,66569,8a33bc3a37,deagle,True,False,False,False,False,False,10.0,0.0,0.0,pistol,0.4000127574861053,False,66377
56.43935985183229,25.68172404593216,14.38298398143976,2234.369307383821,3.138880175196291,3.1408905736725705,1.5153369411516933,0,39.40445748839215,40.07834945198283,0,714.6289091986674,144.6036247724748,272.4980656138565,22518,23,5,1,False,True,match730_003831793800846508273_1359762374_161,own,de_mirage,22541,60b48394d1,galilar,True,False,False,False,False,False,17.0,0.0,0.0,rifle,0.3999626939513117,False,22326
86.44419994853577,15.338002737077645,8.529195780598466,3192.8137534179173,1.3852361421935748,1.359998627777989,0.7444547194967431,22,16.03397514086634,15.820821013693466,17,662.3612122262083,132.09161391929428,657.1551779745504,78142,40,8,4,True,True,match730_003846095210866016783_0292086677_161,own,de_ancient,78182,26eeb217ae,m4a1,False,False,False,False,False,False,41.0,1.0,0.0,rifle,0.39988354815883953,False,77950
48.07356236094106,20.30780216339661,32.21727670819607,1682.6505025976912,1.1266364833927516,3.3412409259890445,1.1266364833927516,5,18.993008059658106,56.077758855472304,1,957.974365226987,30.168165592171714,431.93217133827767,133562,39,7,1,False,True,luminosity-vs-nemiga-m1-cache,pro,de_cache,133601,524f4d4415,ak47,True,False,False,False,False,False,0.0,0.0,0.0,rifle,0.39988229092358,False,133370
208.31409048119357,43.548438751026296,36.72059855286506,12056.587164263236,0.4679300685632096,2.788082306921626,0.2776988303117832,5,6.784173846946858,40.495017381222524,3,815.2726707058497,54.232024228894105,171.9861493802806,192930,12,2,2,True,True,furia-vs-betboom-m2-cache,pro,de_cache,192942,c1aa9f613a,tec9,True,False,False,False,False,False,0.0,0.0,0.0,pistol,0.39987775961144634,False,192738
152.30664426373812,35.76892543886096,10.551083043955687,4344.0309257204735,1.6378156752943285,1.9031973450976796,0.8237444930140639,15,10.756306611696624,12.544332669159084,15,375.85392199709867,136.94223024528418,275.9104087260224,23293,38,5,2,False,True,furia-vs-betboom-m2-cache,pro,de_cache,23331,c1aa9f613a,fiveseven,True,False,False,False,False,False,0.0,0.0,0.0,pistol,0.3998558149902334,False,23101
37.500908653058914,9.768882174137392,21.59660326888952,1313.364673831017,1.280275047508073,1.813190820359966,0.9783922353789064,9,23.386283948117683,33.13326814751213,0,1046.3369689598392,49.33527173311758,218.57861702881343,77755,26,5,3,True,True,match730_003845848209444307084_2046226831_274,own,de_dust2,77781,d9f31878b9,m4a1_silencer,True,False,False,False,False,False,57.0,1.0,0.0,rifle,0.3998237615577566,False,77563
53.35332555479023,7.69251318776273,20.07962558410828,1917.4861468020408,0.7454005169268653,1.3999047478763786,0.7454005169268653,40,10.334079375320176,19.39145040051717,4,791.4914904463886,48.22248134300849,277.79190910551364,42484,0,1,1,True,True,luminosity-vs-nemiga-m2-dust2,pro,de_dust2,42484,3b306c71b2,m4a1_silencer,True,False,False,False,False,False,0.0,0.0,0.0,rifle,0.3997231602315161,False,42292
576.7588069658397,45.96904670379466,23.864912826449395,19181.4503370118,1.04757878533247,2.4569645608279336,0.4612514184917988,5,12.17228440388651,28.17286795609837,3,665.6705799497372,62.38961089076485,427.71668270349306,54060,58,7,2,True,True,luminosity-vs-nemiga-m1-cache,pro,de_cache,54118,524f4d4415,fiveseven,False,False,False,False,False,False,0.0,0.0,0.0,pistol,0.39969498704790296,False,53868
175.23760865247098,18.922972159816208,12.75818647436295,3544.204408667022,0.8702919658910344,1.0063892272024837,0.3745265330043926,25,12.774645230688426,14.84405509226321,7,814.5515889707453,203.01027245811687,659.9324079830118,4889,0,1,1,True,True,luminosity-vs-nemiga-m1-cache,pro,de_cache,4889,524f4d4415,usp_silencer,True,False,False,False,False,False,0.0,0.0,0.0,pistol,0.39968723713496307,False,4697
388.65702086192255,76.57657847843016,37.4033369962109,7389.803492165495,1.7742959400248848,2.6993099552077275,1.7742959400248848,4,13.269099603825891,19.313965512073956,3,403.1339978789497,235.26656450866764,568.0039209982997,86649,12,3,3,True,True,match730_003846055312767320440_2034169741_274,own,de_nuke,86661,b9026ee78e,galilar,False,False,False,False,False,False,18.0,0.0,0.0,rifle,0.39965692714442047,False,86457
98.29281828559948,17.759777199549255,6.325104158230533,3173.8125,0.8941240487960516,1.11122448070785,0.2583122559014145,10,19.98843172969308,24.89235759791041,6,1280.345214342604,193.92896304164327,501.9202851586152,65091,0,1,1,True,True,match730_003829380948349157814_1390656678_161,own,de_dust2,65091,0ecd5d7027,ak47,True,False,False,False,False,False,72.0,0.0,0.0,rifle,0.39964926530949363,False,64899
36.714329554917015,9.860223559966975,16.79235507807086,1808.279591514689,1.8828766230871148,1.6266640922826106,1.0708000952279002,34,26.33134708337601,22.890324962578998,0,800.869968303315,99.31871426209476,254.9736335950019,59765,7,2,2,True,True,furia-vs-betboom-m2-cache,pro,de_cache,59772,c1aa9f613a,ak47,True,False,False,False,False,False,0.0,0.8992750644683838,0.0,rifle,0.3995836614183462,False,59573
421.30797912431154,47.20640162556161,79.77472005857034,6932.944475220455,1.372177277297199,2.153798398237712,1.372177277297199,4,9.618267530081756,15.48802398289735,4,400.7710133184698,173.773283094512,351.5763651353077,93194,0,1,1,True,True,luminosity-vs-nemiga-m1-cache,pro,de_cache,93194,456b773fab,glock,True,False,False,False,False,False,0.0,0.0,0.0,pistol,0.3995673955669023,False,93002
50.69140625,6.861532310318714,15.217491992400868,1077.2907104654687,1.439657556640746,1.608656653548724,1.439657556640746,19,15.714214395332338,17.619860316920377,12,625.0797453127099,108.9491424839587,235.84347854620185,45602,0,1,1,True,True,furia-vs-betboom-m1-mirage,pro,de_mirage,45602,c32a6f9c5c,ak47,True,False,False,False,False,False,0.0,0.0,0.0,rifle,0.3994696422399344,False,45410
267.1350441304152,58.84215025199548,33.95188236069091,7608.124241631396,3.301295512905253,7.116991350905413,2.0885062812571467,0,16.154316947942647,39.24995558728334,4,264.29419523690973,235.79263979715373,1020.3434231733378,69716,45,8,4,True,True,match730_003833678395988770820_2132169428_161,own,de_dust2,69761,4ccc3c6dfc,m4a1_silencer,False,False,False,False,False,False,46.0,0.0,0.0,rifle,0.3994602715713906,False,69524
47.869242946996806,23.199327831043902,37.03640978941007,1479.7741713776834,0.7402862893762728,2.033437672827296,0.3618115259412592,26,7.4819920253670995,20.444009712595435,3,578.9084213003116,93.93681263382994,587.4556825760692,118626,19,4,3,False,True,match730_003846055312767320440_2034169741_274,own,de_nuke,118645,f9d25d950a,ak47,True,False,False,False,False,False,20.0,0.0,0.0,rifle,0.3994397428556038,False,118434
142.69586812435134,14.067630274794697,23.266952784940955,3249.3641837867654,1.3858310130983067,4.576216625686092,1.2656175674537369,5,21.014537651808997,69.87433500690081,0,868.4928651580059,184.7670006787997,382.2276937811313,137559,25,5,2,False,True,furia-vs-betboom-m1-mirage,pro,de_mirage,137584,52f704f8ce,ak47,True,False,False,False,False,False,0.0,0.0,0.0,rifle,0.39939726008325643,False,137367
121.4724356776912,37.870139222581344,3.594705460190975,4741.862551869093,2.6213344389323114,2.835663079550539,0.5952060966572885,3,19.76987383847081,21.64210794190732,1,431.1351695993952,117.72480225316822,194.1512224631344,33835,6,2,1,False,True,furia-vs-betboom-m2-cache,pro,de_cache,33841,a7745f74db,ak47,True,False,False,False,False,False,0.0,0.0,0.0,rifle,0.39938732608305894,False,33643
78.26244935431774,5.724492893308407,15.017301878339266,2733.511980509628,0.8699337868106952,2.464840336501347,0.7089291214304234,6,6.732222971042591,19.13880018444177,6,441.8314441228024,80.85323867049122,109.14765938569276,42358,6,2,2,True,True,match730_003846087479924883540_0606572273_161,own,de_mirage,42364,27f0cb0ba9,ak47,True,False,False,False,False,False,18.0,0.0,0.0,rifle,0.3993171170911368,False,42166
90.03544455452351,29.08057641452818,38.155309120823325,3201.0768134573154,1.5674014479883092,0.934702755938452,0.1071137921183615,16,14.392558962918525,8.714945929178251,13,525.8175817423427,236.9087802599704,1069.52786952244,106879,51,9,4,True,True,match730_003829380948349157814_1390656678_161,own,de_dust2,106930,f41ec87e6d,ak47,False,False,False,False,False,False,72.0,0.0,0.0,rifle,0.3992554508041187,False,106687
130.29176635095882,12.08374783641174,89.11190365459764,2646.781608237051,2.623176453010486,4.530946406753545,0.3132946082654063,2,24.615721483418408,43.26501096411052,0,537.2121769333418,208.89264925630536,401.8855755523128,22683,26,5,4,True,True,furia-vs-betboom-m1-mirage,pro,de_mirage,22709,4acdd8fa23,ak47,False,False,False,False,False,False,0.0,0.0,0.5542196035385132,rifle,0.399211503606399,False,22491
221.35379255219803,36.95776382975767,90.12324315750897,4065.325015943225,1.5911103213057751,5.033311085905625,0.9239488511579962,3,10.999405449653034,35.940920079836914,3,340.72035552759894,166.6798405665375,387.4034155370266,138495,0,1,1,True,True,aurora-vs-9z-m1-dust2,pro,de_dust2,138495,9885584175,ak47,True,False,False,False,False,False,0.0,0.0,0.0,rifle,0.3991341814409946,False,138303
40.09366080199122,10.7561227674313,12.521093019730683,1305.5316220567452,0.9168424491851448,0.7902924041882691,0.1579589629093586,37,17.135139002901074,14.767593965554402,3,1070.6529855492583,109.74366811988732,81.32927565003432,39458,0,1,1,True,True,match730_003829380948349157814_1390656678_161,own,de_dust2,39458,857d0f207c,awp,True,False,False,False,False,False,37.0,0.0,0.0,sniper,0.3991077101385349,False,39266
275.2618335601997,40.66940774246398,41.81061245990164,7500.700388577799,0.5597284143892226,2.2346747939905285,0.5597284143892226,5,9.66258936091874,38.61488277807916,2,988.4559999016806,182.54205524536167,311.5868313322785,43866,17,4,3,False,True,aurora-vs-9z-m1-dust2,pro,de_dust2,43883,b793b85286,galilar,False,False,False,False,False,False,0.0,0.0,0.3434602320194244,rifle,0.39909329045500724,False,43674
87.55560001630617,50.03891230216495,29.265439560292624,2861.324169960298,7.46577574970827,8.78250252162922,7.46577574970827,0,28.325297086589156,34.08148769394541,0,210.9863324197788,106.58142019190964,408.5634621835131,22193,70,8,4,True,True,match730_003833678395988770820_2132169428_161,own,de_dust2,22263,39c6a8b9b8,fiveseven,True,False,False,False,False,False,143.0,0.0,0.0,pistol,0.3990847310638457,False,22001
39.25481835026026,11.50624842958145,7.462504747748038,1476.330575426736,0.9319299801184068,1.1211186005228515,0.9319299801184068,23,11.197616275527553,13.464186397626554,15,688.3769752851065,0.8620016487841171,104.48530301925112,139840,20,4,1,False,True,match730_003846114907586035842_2006638891_196,own,de_mirage,139860,476a8ccf25,ak47,False,False,False,False,False,False,19.0,1.0,1.0,rifle,0.3988642169112299,False,139648
50.83376859989277,25.46549333283906,32.907843279097655,1099.062507037884,1.5804846970688842,3.312749099810122,1.5804846970688842,4,19.514921381286342,40.96272390831682,1,701.3239897222389,223.81193653457584,799.5816917077717,12469,57,9,3,False,True,astralis-vs-fnatic-m1-dust2,pro,de_dust2,12526,d8f9528a3a,famas,False,False,False,False,False,False,0.0,0.0,0.0,rifle,0.39884263730266895,False,12277
151.4395001161671,44.79282358262239,50.56832577132718,3138.3277936604754,0.1265705936377455,2.950485869444721,0.1265705936377455,4,1.0055967058682491,23.040983495171456,4,426.6019354104436,128.48477529315144,272.3781902286205,78984,19,4,4,True,True,luminosity-vs-nemiga-m2-dust2,pro,de_dust2,79003,798c33b296,ak47,False,False,False,False,False,False,0.0,0.0,0.0,rifle,0.39876037072841153,False,78792
81.07017089031461,24.48780876590719,38.38193387641994,1872.4924978836837,1.3313441687036407,3.8919126956516905,1.3313441687036407,5,8.05904175526108,23.6887877204414,6,342.10379485943224,244.99208177982356,1144.27030236105,114156,16,4,4,True,True,match730_003833678395988770820_2132169428_161,own,de_dust2,114172,343338d9f7,mp7,False,False,False,False,False,False,38.0,0.0,0.0,smg,0.39867060948491,False,113964
84.55821040650744,11.397704462643432,4.5962414635421664,5411.725466016476,2.273795889746679,2.8293989554383705,2.273795889746679,6,29.371964533237744,36.5519069586218,0,739.6900849128992,0.0,610.296655863398,24704,0,1,1,True,True,match730_003846095210866016783_0292086677_161,own,de_ancient,24704,7bbb0d4a11,ak47,False,False,False,False,False,False,19.0,0.0,1.0,rifle,0.39858596582978434,False,24512
49.443110134424046,4.156542337492306,34.292745570507925,2029.515298603139,0.9546415397030368,2.6139743718427173,0.9546415397030368,6,13.644174145266456,37.383806651065264,1,818.7510864921816,126.58924162750544,180.62015959700597,114733,45,8,3,False,True,match730_003845735833772490759_0956054515_272,own,de_inferno,114778,baaaf134bc,m4a1_silencer,True,False,False,False,False,False,15.0,0.0,0.0,rifle,0.39856845725092427,False,114541
420.6455143025536,60.6973835808222,18.729510564091324,12085.007120113538,0.8992278691521056,2.543770723823614,0.8992278691521056,6,11.107003931694036,31.370819201960124,4,704.6972408748641,154.38190644434502,209.2009884935192,42337,6,2,2,True,True,match730_003846055312767320440_2034169741_274,own,de_nuke,42343,6a8c9faae0,m4a1_silencer,False,False,False,False,False,False,43.0,0.0,0.0,rifle,0.3985126672089685,False,42145
66.51133709546717,13.276077725581509,5.587665613836581,4256.725574109899,0.3257238566484642,1.1000974956875842,0.3257238566484642,23,3.951995476679814,13.347002961505748,10,693.6510523650308,83.33599450151098,522.1973922669699,117025,40,8,3,False,True,match730_003846095210866016783_0292086677_161,own,de_ancient,117065,7bbb0d4a11,m4a1,False,False,False,False,False,False,19.0,0.0,0.0,rifle,0.39850546105726475,False,116833
37.90593299827517,10.654524304269856,18.023299634450996,1535.3062511896796,0.8290947619864626,1.0145470766859728,0.4414477861916172,20,13.052415062542506,16.212290897384413,4,899.8624772436956,243.9292228536528,539.939651376084,81882,0,1,1,True,True,match730_003846095210866016783_0292086677_161,own,de_ancient,81882,b639457643,usp_silencer,True,False,False,False,False,False,42.0,0.0,0.0,pistol,0.3984355515432083,False,81690
82.74655010488506,12.52368350746777,2.4709587034179523,2085.849511444744,1.8620832405476917,1.949739639041428,0.1206893401062425,16,26.25743327759904,27.523729030271017,0,807.5479525859395,99.43993763264064,198.71109032363756,79146,0,1,1,True,True,luminosity-vs-nemiga-m1-cache,pro,de_cache,79146,524f4d4415,ak47,True,False,False,False,False,False,0.0,1.0,0.0,rifle,0.3984291957724381,False,78954
234.0137570995527,58.89645093939672,45.82678029951748,8154.683088820354,0.6417888997406963,3.6656789685735114,0.6417888997406963,4,8.643737805405308,50.400432343206525,2,771.5322642043756,102.29993221976738,147.79876345049928,85434,26,4,1,False,True,match730_003846055312767320440_2034169741_274,own,de_nuke,85460,6a8c9faae0,ak47,True,False,False,False,False,False,50.0,0.0,0.0,rifle,0.3984279490580231,False,85242
331.63410099509565,38.55218907170049,22.42691095933825,8319.048675125716,0.5125795694110433,1.9992222951879817,0.2951079453527668,7,7.196610097857507,27.460501024676653,5,798.1258466218553,31.080548951999106,26.211638936976996,64910,7,2,1,False,True,match730_003831793800846508273_1359762374_161,own,de_mirage,64917,9f98d2dad8,ak47,False,False,False,False,False,False,47.0,0.1709693968296051,0.0,rifle,0.3984196697333218,False,64718
129.0820611312723,17.05722478493248,13.601236979166666,4416.656438295568,4.636984078864661,2.657665676034716,0.830505005467681,0,41.541528296428815,23.783955383909795,0,511.90118009906905,101.59625275961965,472.1108127482463,122992,51,7,1,False,True,match730_003845735833772490759_0956054515_272,own,de_inferno,123043,6f17506be7,ak47,True,False,False,False,False,False,35.0,0.6723840832710266,0.0,rifle,0.39839902265230076,False,122800
67.69313948677103,8.300943879114811,27.104819574891867,2024.6296994733807,2.7413217089522024,2.574529320664527,1.877002196664083,1,18.005691631099932,16.90699124077046,1,375.732808879622,163.95827448746144,559.4156238790375,96573,22,6,4,False,True,astralis-vs-fnatic-m2-ancient,pro,de_ancient,96595,ca06492643,mp9,True,False,False,False,False,False,0.0,0.0,0.0,smg,0.3983649847322152,False,96381
221.27476721734016,44.06217897056552,27.83581931432917,8582.102287870204,6.801931345754479,5.342459395704923,3.9862236460464047,0,41.824753439669934,32.815739126324765,0,350.4954729878333,221.4920991264009,1129.1392425624867,140012,0,1,1,True,True,luminosity-vs-nemiga-m2-dust2,pro,de_dust2,140012,798c33b296,m4a1_silencer,False,False,False,False,False,False,0.0,0.0,0.0,rifle,0.3981660435764677,False,139820
83.36814897976771,18.39082708314486,64.52922753394722,2823.4101714941417,7.219826147856499,7.345345010320162,6.723883878535183,0,29.857107091475687,30.598865196764848,0,235.10727907845703,172.38363481604557,480.048019189524,14602,57,11,2,False,True,astralis-vs-fnatic-m2-ancient,pro,de_ancient,14659,f100e9403c,galilar,False,False,False,False,False,False,0.0,0.0,0.0,rifle,0.3981581602476612,False,14410
159.96800455619072,24.195277085360036,12.786894017864029,6250.260462354634,0.862750394445227,3.748413716732343,0.4279210925750457,5,11.21796805526815,49.07930700253912,5,744.6941945384308,35.529043763903,352.0381955159498,89951,32,6,4,False,True,match730_003831793800846508273_1359762374_161,own,de_mirage,89983,60b48394d1,ak47,True,False,False,False,False,False,18.0,0.0,0.0,rifle,0.39810846063103644,False,89759
63.5891903754001,17.45187045454186,7.687611056036146,1695.8902602672888,0.6861079411812671,1.3252207241237344,0.6861079411812671,32,13.648710999037387,26.419221829115383,3,1139.688830506976,49.66648232523345,164.70010901637983,56064,0,1,1,True,True,match730_003833682433258029322_1216037504_161,own,de_dust2,56064,e2df927a56,galilar,True,False,False,False,False,False,24.0,0.0,0.0,rifle,0.3980373846818635,False,55872
66.73607558841489,17.408071771951263,23.29697371484741,1808.0327579537332,1.4184916326836787,2.296143927671145,1.4184916326836787,14,10.022166786126224,16.300239047769885,13,391.3600054457611,147.88946068021528,407.9914094133976,109645,0,1,1,True,True,astralis-vs-fnatic-m1-dust2,pro,de_dust2,109645,38f757d48e,elite,True,False,False,False,False,False,0.0,0.0,0.0,pistol,0.3980271841286261,False,109453
267.2328121717508,44.732817802498175,27.872286518393807,5925.995824595693,0.5270468478806851,1.9115490431600637,0.5270468478806851,11,8.852971650176258,32.49497413448314,3,961.8702429831644,224.9017997892342,1078.0285914934957,111759,39,7,4,True,True,luminosity-vs-nemiga-m2-dust2,pro,de_dust2,111798,590a913841,ak47,False,False,False,False,False,False,0.0,0.3112742900848388,0.0,rifle,0.3979359567844601,False,111567
62.84702187418983,11.506078363374382,43.491215791082425,2570.2945812948647,6.464475829289859,6.229551535434449,2.3516252050024744,0,33.84895010446997,33.1608410281799,0,298.2574875204551,210.3014252688189,653.7984883025239,97402,58,8,2,False,True,match730_003829380948349157814_1390656678_161,own,de_dust2,97460,0ecd5d7027,m4a1_silencer,False,False,False,False,False,False,73.0,0.0,0.0,rifle,0.39780156335764716,False,97210
133.02761795716904,17.86291775863882,10.016163548146109,2903.081342828161,0.7230025281598774,1.6581285989569974,0.7230025281598774,10,13.721648879937838,31.641631077268435,2,1085.858976179491,45.06675042995424,267.6545583328851,92282,44,4,2,False,True,luminosity-vs-nemiga-m2-dust2,pro,de_dust2,92326,524f4d4415,usp_silencer,True,False,False,False,False,False,0.0,0.0,0.6948359608650208,pistol,0.3976928868093639,False,92090
117.183717716469,48.23662992184266,11.816164031762874,3882.9233155971465,0.6891299107629679,0.8010486566526968,0.2511858441276937,12,7.645923489399535,9.037865331661523,10,635.6677715991526,63.178335688394085,44.34113116294533,135173,7,2,1,False,True,furia-vs-betboom-m2-cache,pro,de_cache,135180,372a892754,m4a1_silencer,True,False,False,False,False,False,0.0,0.0,0.0,rifle,0.3976664827317667,False,134981
70.37841796875,6.09387822065457,49.23727369387513,1763.624375274651,3.0610707119474263,3.782662697457867,2.1817221024307454,0,22.91998990377493,28.40361441724135,0,428.09305899546393,188.04944362075724,554.3324218634385,76840,32,6,2,False,True,match730_003831793800846508273_1359762374_161,own,de_mirage,76872,8a33bc3a37,ak47,True,False,False,False,False,False,6.0,1.0,0.0,rifle,0.3975552424580917,False,76648
53.861002269716,22.95619625618966,15.518643343360978,1489.6828244165445,0.4723438687494111,1.3739954404373953,0.4723438687494111,15,7.180616566269894,21.047644870720468,4,868.8529528915553,96.53429171068126,280.5122551359443,57921,0,1,1,True,True,match730_003845848209444307084_2046226831_274,own,de_dust2,57921,71f78fbbc6,awp,False,False,False,False,False,False,28.0,0.0,0.0,sniper,0.397547980510144,False,57729
40.27734375,9.21933095111868,9.033287909027422,1062.1304856904508,1.314365870287224,1.012159382410871,0.7269472898938473,26,15.381003032656524,11.857061263871175,10,657.2116705063588,174.85948087321208,646.6773523359843,50365,0,1,1,True,True,match730_003829380948349157814_1390656678_161,own,de_dust2,50365,9a711e878c,awp,False,False,False,False,False,False,40.0,0.0,0.0,sniper,0.39751261117513825,False,50173
100.99272758438036,34.39943171836102,10.389764219718272,2731.453868506853,3.093720064476077,2.7338818564090173,0.7781793784535797,0,40.27809014612641,35.04702804089252,0,744.0476710315627,222.10796327589367,338.77066653486713,5595,12,2,1,False,True,match730_003829380948349157814_1390656678_161,own,de_dust2,5607,301b246229,glock,False,False,False,False,False,False,36.0,0.0,0.0,pistol,0.3974950348653088,False,5403
135.43885425828827,48.43864384000434,49.93636579886814,4233.318711729571,4.100435834451684,5.044995297041782,2.6930352212898057,0,17.19182265645999,21.649742289083257,6,239.4708705248817,204.0873503586366,888.2872630023084,99357,82,17,4,False,True,match730_003846055312767320440_2034169741_274,own,de_nuke,99439,657a17d37a,mp7,False,False,False,False,False,False,39.0,0.0,0.0,smg,0.3974507207285851,False,99165
110.6672380448915,62.77743406455828,5.995572925031786,6539.88440742648,2.402561781280063,2.0567010287660947,0.6701180510348711,3,24.13525822651905,20.598715990095307,0,575.1325381068882,68.94778481365121,551.0812327099519,75081,34,4,2,False,True,match730_003829380948349157814_1390656678_161,own,de_dust2,75115,844038e231,glock,True,False,False,False,False,False,40.0,0.0,0.0,pistol,0.39744950300795456,False,74889
113.99050363506528,25.514698656005663,15.232597834659018,3331.6801849657213,1.8363637712152852,1.4991236198245257,0.9209192953471136,20,17.271235765707246,14.139521357009064,14,537.0239970759108,51.82903939643938,175.2831046828722,9229,9,2,2,True,True,match730_003845848209444307084_2046226831_274,own,de_dust2,9238,d9f31878b9,glock,True,False,False,False,False,False,57.0,0.0,0.0,pistol,0.397280003122392,False,9037
72.2236328125,20.26818106192201,8.664452005500323,3894.14302536317,0.6406755132439795,0.4041803019386153,0.0421475480810132,12,7.518066882757147,4.754689563962461,11,671.1983461287557,164.9680850482943,184.378139078323,17795,11,3,3,True,True,astralis-vs-fnatic-m2-ancient,pro,de_ancient,17806,fe19e6103c,m4a1,False,False,False,False,False,False,0.0,0.9068768620491028,0.0,rifle,0.3972525704252136,False,17603
185.89299842490928,36.06355026638873,96.2692458019314,5470.532870591296,1.602222781555877,3.9343339565240862,0.2409233648525238,4,15.996583106451512,40.00740894053464,3,571.8888988681123,116.99891238743834,619.1779639724201,42216,13,3,1,False,True,match730_003831793800846508273_1359762374_161,own,de_mirage,42229,f86f118666,ak47,True,False,False,False,False,False,7.0,0.0,0.0,rifle,0.3972193057035617,False,42024
565.188862599109,67.18588161329788,24.349072945816957,11207.648315826507,2.1188576483543327,2.918048657198572,2.1188576483543327,3,22.023075784726164,30.724688027656534,0,594.717914214621,145.59424434132018,167.5480636419265,45945,0,1,1,True,True,luminosity-vs-nemiga-m2-dust2,pro,de_dust2,45945,456b773fab,tec9,True,False,False,False,False,False,0.0,0.0,0.0,pistol,0.39721088716193614,False,45753
237.3421497082581,61.76264597842352,59.26167421930027,6520.414995997151,1.7509757583693752,2.3921852909745853,1.3391075238628511,7,9.964379693699753,14.10662571374353,8,325.7034971889578,75.3636801804205,410.560293520777,122621,29,4,2,False,True,aurora-vs-9z-m2-mirage-p1,pro,de_mirage,122650,7a9df6b20d,fiveseven,False,False,False,False,False,False,0.0,0.0,1.0,pistol,0.3971862272731195,False,122429
91.12465074260328,30.615102389178656,4.148816745583572,3082.5,1.2199468894602503,1.315534086078756,0.763329127582514,30,14.670766340096382,15.766882909293628,9,687.2898345309458,56.45341053974104,361.5771904022584,34512,12,3,2,True,True,furia-vs-betboom-m2-cache,pro,de_cache,34524,52f704f8ce,galilar,False,False,False,False,False,False,0.0,0.0,0.0,rifle,0.39716870231106144,False,34320
91.86359490429734,48.62962435791712,55.9820199857189,3556.375,2.681873812761835,5.260637169020095,2.681873812761835,2,11.360740712417234,23.572444038517347,4,242.2833634060936,171.18625686115274,182.61676197474944,45053,58,10,4,True,True,match730_003845721267390906757_0873910189_273,own,de_anubis,45111,dd54131796,ak47,True,False,False,False,False,False,24.0,0.0,0.0,rifle,0.39716838491314466,False,44861
145.41455060007658,24.302198989321813,128.18891392730347,4090.685523447509,2.9026578262287708,7.070553987834183,1.2964873429652166,1,20.429806663074995,50.66717718403917,0,402.5310501927845,81.80250875091392,327.68705035145973,8362,0,1,1,True,True,astralis-vs-fnatic-m1-dust2,pro,de_dust2,8362,d8f9528a3a,usp_silencer,False,False,False,False,False,False,0.0,0.0,0.0,pistol,0.39715463694518977,False,8170
199.80377172951947,34.74423037937333,74.64584066890596,5212.555066253413,4.803382215447561,3.20177837881313,1.181792238611601,0,35.50704031365747,24.266856745317437,0,421.3615404769226,223.68632984759216,506.9750373399077,43142,19,4,3,False,True,furia-vs-betboom-m2-cache,pro,de_cache,43161,867e1a2fd2,ak47,False,False,False,False,False,False,0.0,0.0,1.0,rifle,0.3970993007594891,False,42950
32.3814144776067,8.283091445344727,6.116921439962087,950.3021316245216,0.31128010607305,0.5328322530869715,0.1718884945666002,35,5.582216414186479,9.744824051454938,9,1027.1849906224948,184.64518344429,443.37009796014354,26465,0,1,1,True,True,match730_003845848209444307084_2046226831_274,own,de_dust2,26465,3a84a7ef32,awp,False,False,False,False,False,False,59.0,0.0,0.0,sniper,0.3969799684145451,False,26273
84.55308780321813,24.11609034989435,21.009390703407828,2468.2952449104305,1.1823913372857056,2.7871831903919206,1.1823913372857056,6,21.63647982863924,51.06204010290213,0,1048.2238960276995,167.0976204544738,538.320914372808,109818,39,7,5,False,True,match730_003846114907586035842_2006638891_196,own,de_mirage,109857,9f5f4034b1,m4a1_silencer,False,False,False,False,False,False,13.0,0.0,1.0,rifle,0.3969252744924552,False,109626
253.5922358873709,34.73649826529163,11.130379550953856,12557.891030767269,3.252694303685311,3.085828578682791,1.0579704498087712,0,29.43637046360257,28.011488363444958,0,517.9464063838885,93.38591013496848,549.9666321757904,96900,23,5,3,False,True,astralis-vs-fnatic-m2-ancient,pro,de_ancient,96923,c023f685ab,galilar,True,False,False,False,False,False,0.0,0.0,0.0,rifle,0.3968467781556806,False,96708
164.72424109534936,59.30602991887292,93.24013466845156,5027.677191632703,2.356146601800837,4.6346614429140285,2.03210037093678,1,19.861157566276564,40.042304724636736,1,482.2546256384666,235.77946274839536,864.6340459989116,89687,7,2,1,False,True,match730_003846087479924883540_0606572273_161,own,de_mirage,89694,901972cd23,m4a1_silencer,True,False,False,False,False,False,38.0,0.0,0.0,rifle,0.39678811278044296,False,89495
162.05713313963028,45.35485810539405,43.28853479181441,4449.074236244524,0.9978359876167204,1.9386394084033551,0.2640829434785257,26,11.156259770607988,21.99956407921571,2,640.3135545562737,114.3794407419026,381.50155869639866,10857,52,10,3,False,True,match730_003846095210866016783_0292086677_161,own,de_ancient,10909,c8d7238405,galilar,True,False,False,False,False,False,25.0,0.0,0.0,rifle,0.39674048160217235,False,10665
194.58211473849863,21.451420344740967,6.203691915476021,6768.4524905514445,1.8224966802877745,1.7763702744826515,1.5097981340389228,22,25.673809672965785,25.09010867412363,0,803.373918189353,80.50545815047086,417.1698709972573,53267,20,4,1,False,True,match730_003845721267390906757_0873910189_273,own,de_anubis,53287,b0848df2ab,aug,True,False,False,False,False,False,38.0,0.0,0.4561284482479095,rifle,0.3967089929149512,False,53075
119.95711678147214,16.607297966620248,96.72568505502292,2528.0704945126063,4.267735735643369,7.270746703552234,4.267735735643369,0,18.42587615295469,32.547945071960946,1,244.8697192442492,214.997418153986,886.0453745435761,71552,34,4,1,False,True,match730_003846087479924883540_0606572273_161,own,de_mirage,71586,7b600d11e9,usp_silencer,True,False,False,False,False,False,5.0,0.0,0.0,pistol,0.39669027900809345,False,71360
132.46080750639288,26.13419505591694,104.89937194171712,5140.052857538117,2.8142346783946937,4.596412861042355,0.720570785212618,4,27.507480386154587,46.44964777742531,0,559.0855208564064,141.59444122296918,751.6942373564606,7926,34,4,2,False,True,match730_003845848209444307084_2046226831_274,own,de_dust2,7960,d9f31878b9,glock,True,False,False,False,False,False,57.0,0.0,0.0,pistol,0.3966136736451743,False,7734
125.07111566502414,52.53781664444146,46.82935115171485,2920.160512170861,4.420051803869949,3.760914564666659,3.429907071116176,0,21.2069176632392,18.006771659937076,0,272.08563102389235,0.0,267.30724745927586,149248,6,2,2,True,True,furia-vs-betboom-m2-cache,pro,de_cache,149254,0f3b1e9da0,m4a1,True,False,False,False,False,False,0.0,0.0,1.0,rifle,0.3965910952900806,False,149056
133.29062307119574,31.798435915538256,39.90743510757775,2308.0843730478173,7.423017432496952,4.9304064341195,0.665098547651648,0,30.17936259719321,20.39384875124319,0,231.28567738955823,94.7592014374276,371.5113188754184,31188,32,6,4,True,True,match730_003846087479924883540_0606572273_161,own,de_mirage,31220,26d15ffc47,ak47,False,False,False,False,False,False,67.0,1.0,0.0,rifle,0.3965857403863078,False,30996
39.99112856953954,9.155918754413118,31.59402301780917,1634.7341189087747,2.7799896030550686,3.1487223170263694,2.572975830260219,5,18.59792091759676,20.819478763473708,5,368.8495836155413,150.16625624478337,459.7932718627723,91042,0,1,1,True,True,luminosity-vs-nemiga-m2-dust2,pro,de_dust2,91042,524f4d4415,usp_silencer,True,False,False,False,False,False,0.0,0.0,0.0,pistol,0.3965854613605261,False,90850
92.64302606763668,8.820699837387757,17.886642900435557,5435.864005548096,1.1726540510595918,1.6973847376117983,1.1415238915819712,25,15.68663891627063,22.62302307478714,5,764.4695386458191,214.830277065744,706.7244375145957,96843,6,2,2,True,True,astralis-vs-fnatic-m2-ancient,pro,de_ancient,96849,f100e9403c,m4a1_silencer,False,False,False,False,False,False,0.0,0.0,0.0,rifle,0.3965608890187012,False,96651
202.093970857107,45.97944887628441,14.774156879612306,7531.820566729135,2.0115710282664763,1.4152539435132532,0.5500268936471826,16,26.04919753134721,18.04431113775232,0,737.6943817878292,164.77566451641047,686.5915428965413,89921,81,19,4,True,True,match730_003845721267390906757_0873910189_273,own,de_anubis,90002,b0848df2ab,p90,True,False,False,False,False,False,38.0,0.0,0.0,smg,0.3965123843368242,False,89729
37.53564899973489,12.899945442221805,16.42297945382296,1374.4065359830329,1.1792552063653818,1.7895383815534631,0.1758854771157646,38,16.76184907961409,25.57531793999948,1,814.2399945500322,85.42109398600834,162.96575176456312,95194,6,2,2,True,True,match730_003846055312767320440_2034169741_274,own,de_nuke,95200,30df2fc581,ak47,False,False,False,False,False,False,24.0,1.0,0.0,rifle,0.39649118729766625,False,95002
133.15485485378255,28.20579203129049,28.374294943300388,3154.470111430268,1.2467211459001335,1.9023065246735336,1.1604585792840352,8,19.026605358826,29.65132938785429,4,873.9352853244657,91.52747109639782,878.4472301601422,15755,45,11,3,False,True,match730_003845848209444307084_2046226831_274,own,de_dust2,15800,94ae0b8591,p90,False,False,False,False,False,False,53.0,0.0,1.0,smg,0.3964659240857792,False,15563
100.06033855155265,13.895408411644617,54.22587048318647,4817.592024739741,2.1208333553750123,3.034674196726201,0.5754479435322672,2,27.06361276463382,39.14550629560144,0,726.9701972427716,190.56407155535817,293.9829325548073,34043,0,1,1,True,True,match730_003846224175849013887_1403891103_383,own,de_anubis,34043,2b34888ce8,deagle,True,False,False,False,False,False,68.0,0.0,0.0,pistol,0.396464976340181,False,33851
73.01426903518455,8.047675378034919,48.23912681316906,2059.711720029277,2.801216322363989,4.393413347685379,2.801216322363989,1,26.589031815610763,42.32254120035695,0,531.7682205539151,111.56608335023552,543.0335402924234,144295,39,7,4,False,True,match730_003846114907586035842_2006638891_196,own,de_mirage,144334,476a8ccf25,ak47,False,False,False,False,False,False,19.0,1.0,0.0,rifle,0.39644637157243995,False,144103
128.5456604376823,26.66941013615466,90.51936441030396,3203.8288333668697,0.782704157715844,3.726957245653123,0.782704157715844,4,4.965499522589329,24.606881905578717,4,363.3344172830795,155.9387614442936,320.9652244164881,55932,5,2,1,False,True,match730_003833678395988770820_2132169428_161,own,de_dust2,55937,4ccc3c6dfc,m4a1,True,False,False,False,False,False,45.0,0.0,0.2937154769897461,rifle,0.3964352108647619,False,55740
325.760218785717,67.60547362842465,62.86848956612408,6389.799388537589,2.144315893705733,2.567174114148058,0.0707059780903965,8,19.92771948869712,23.44593714950228,1,532.162117039774,186.40962526819845,340.38368890425426,96752,0,1,1,True,True,astralis-vs-fnatic-m2-ancient,pro,de_ancient,96752,38f757d48e,deagle,True,False,False,False,False,False,0.0,0.0,0.0,pistol,0.3963764220978886,False,96560
81.89867207570803,13.43546920530078,9.547016230652664,3091.585855440942,0.2258548555034095,0.587598845870922,0.1430336206986057,19,3.998023066201089,10.499188477088518,9,996.5019209891065,111.9731932106445,422.29760710938285,119155,6,2,2,True,True,match730_003846055312767320440_2034169741_274,own,de_nuke,119161,b9026ee78e,ak47,True,False,False,False,False,False,18.0,0.0,0.0,rifle,0.39630760807592974,False,118963
82.10655620756253,23.055267395344835,39.699929160257454,2253.7877604813984,0.6566999901528876,1.9139530888240537,0.4596198746143333,23,11.559091272906004,33.43672088160155,3,1008.3825278718322,124.9285468914481,353.64716741172674,52814,60,8,4,True,True,luminosity-vs-nemiga-m1-cache,pro,de_cache,52874,f730a5e684,ak47,False,False,False,False,False,False,0.0,0.0,0.0,rifle,0.39628582263985174,False,52622
65.74931118245348,21.24916842680747,3.1449250751352054,2006.4721461993004,1.5858512063192234,1.6456562393311256,1.519242143430315,14,13.52769560173487,14.136779961496014,12,487.7432928052114,25.07383374346831,80.13845799267347,65115,0,1,1,True,True,match730_003845735833772490759_0956054515_272,own,de_inferno,65115,6f17506be7,ak47,True,False,False,False,False,False,40.0,0.0,0.0,rifle,0.3962722290196991,False,64923
54.914169584944055,10.214093354307192,6.788555923068524,2698.1245272319247,4.004343239163317,3.144295582601908,1.7508749117326567,0,21.779309032949,17.38854053985215,0,310.8562497534393,115.5044466131372,513.2321803267627,43893,0,1,1,True,True,match730_003846114907586035842_2006638891_196,own,de_mirage,43893,476a8ccf25,m4a1,True,False,False,False,False,False,19.0,0.0,0.0,rifle,0.39622949178525113,False,43701
103.53470315422103,21.77071428746628,2.326885966765156,2713.4235845603453,1.3883010551806445,1.1569204812431209,0.6356287538976423,11,15.892234261152115,13.239911641780946,10,655.6260177529125,94.34544898209002,444.16974458443815,56007,32,6,4,False,True,match730_003846055312767320440_2034169741_274,own,de_nuke,56039,9f3aebc0e3,m4a1_silencer,True,False,False,False,False,False,13.0,0.0,0.4179954528808594,rifle,0.3962236211656222,False,55815
144.31697697755706,19.29137552160717,60.37042958125416,9236.286526563652,1.4657078504927794,3.617216982986104,0.5849818005519685,4,16.79965503012691,41.11256424318985,2,656.4156212017957,192.5504909069331,863.7273593861458,60401,13,3,2,False,True,match730_003846114907586035842_2006638891_196,own,de_mirage,60414,ccfd5f1e85,ak47,False,False,False,False,False,False,39.0,0.0,0.0,rifle,0.39617222138898434,False,60209
52.40567317456395,14.69385487412156,28.916552770539635,2669.0730344005765,3.4077797777958443,3.902347014903605,3.3022200954070957,0,13.7054721248074,16.73438361556928,5,229.96042668235444,210.0675019059409,216.9942350336144,68692,0,1,1,True,True,match730_003845848209444307084_2046226831_274,own,de_dust2,68692,d9f31878b9,usp_silencer,True,False,False,False,False,False,57.0,0.0,0.0,pistol,0.3961509626168905,False,68500
243.633579314473,29.18728928921432,46.2958147329034,5235.512957067034,1.132585117728745,1.8835796524770396,1.132585117728745,23,13.257998198440298,22.33070781484664,2,663.8804468763925,98.8066131057653,426.8115775440967,25870,0,1,1,True,True,furia-vs-betboom-m1-mirage,pro,de_mirage,25870,a7745f74db,ak47,True,False,False,False,False,False,0.0,0.0,0.0,rifle,0.39595223097529475,False,25678
127.78073906277412,43.49969353406513,75.06314823863397,4963.476677069279,2.8236308494667086,4.10559120639371,2.796802665126472,3,13.537525057220412,19.5218701570686,4,274.2171323439508,53.409950673897775,323.71695425034466,8867,0,1,1,True,True,match730_003846224175849013887_1403891103_383,own,de_anubis,8867,0c250789aa,ak47,True,False,False,False,False,False,62.0,0.0,0.0,rifle,0.3959154403499465,False,8675
328.0798597635594,52.188715219226765,31.383961167968614,11534.125,2.075724745426343,6.6445340289520844,2.075724745426343,3,14.224624256646145,44.81327315906403,2,366.3414223777944,111.63362971770545,323.6604073832242,9750,0,1,1,True,True,aurora-vs-9z-m2-mirage-p2,pro,de_mirage,9750,4044fff327,m4a1_silencer,True,False,False,False,False,False,0.0,0.0,0.0,rifle,0.3959145044472627,False,9558
168.0446136847405,24.779685317392563,3.9986979166666665,4100.480275823393,1.30448159218231,2.8500599224297773,1.1729572452015589,7,17.399129678146018,37.93652215225977,5,756.2726726812854,165.5033429606554,676.0250222061851,42162,12,3,1,False,True,astralis-vs-fnatic-m1-dust2,pro,de_dust2,42174,3f5c0f1ef2,ak47,True,False,False,False,False,False,0.0,0.0,0.0,rifle,0.39590726284745525,False,41970
234.26514519389363,45.611866689156045,88.44027465334987,5033.722438040635,4.920191813907512,9.334523061958448,0.7383148157865407,0,22.92206478687369,44.795976010999496,0,264.8554254722298,169.72459818160854,162.9702971005999,58431,91,9,1,False,True,aurora-vs-9z-m1-dust2,pro,de_dust2,58522,7a9df6b20d,usp_silencer,True,False,False,False,False,False,0.0,0.0,0.0,pistol,0.39588635908600234,False,58239
98.32731232609626,18.594107378857352,31.224773259368472,3401.828638382753,0.7923551590436047,1.050943250572958,0.3599312292183311,18,14.687512564977997,19.48280276231688,5,1058.1485940112952,129.84582770020825,333.3620927660618,93508,0,1,1,True,True,match730_003846087479924883540_0606572273_161,own,de_mirage,93508,901972cd23,awp,False,False,False,False,False,False,38.0,0.0,0.0,sniper,0.39587487764652407,False,93316
129.52880859375,39.34571577850151,50.566409307307,2344.21875,4.681478187296103,6.9359498519722695,4.681478187296103,0,33.291451235331564,49.46165509794564,0,406.3296762851036,121.3340634640408,665.9945362648094,144173,37,4,1,False,True,furia-vs-betboom-m2-cache,pro,de_cache,144210,e1ccb1699e,fiveseven,True,False,False,False,False,False,0.0,0.0,0.0,pistol,0.39586769421054097,False,143981
108.92704717219576,25.654844526883583,93.8940893821855,2306.652372427973,4.752521534868022,7.45287538718357,2.561655219873249,0,20.89059881308936,32.86577269331838,0,248.9437648134967,169.59489413111243,176.4415327053237,14969,0,1,1,True,True,match730_003833682433258029322_1216037504_161,own,de_dust2,14969,c2d6ff7eff,ak47,False,False,False,False,False,False,47.0,0.0,0.0,rifle,0.3958430903470501,False,14777
95.74093903778528,20.97894925560655,2.301591516042886,2305.9976328753214,2.667226575591052,1.9719148056118,1.4106767725586826,12,28.266978577218325,20.92427892983457,0,606.4181713287422,197.45982536407345,173.19854083436476,90867,26,5,1,False,True,match730_003833678395988770820_2132169428_161,own,de_dust2,90893,b2feea7c7d,ak47,False,False,False,False,False,False,24.0,1.0,0.0,rifle,0.395768263507529,False,90675
170.75330991874085,30.054517888643293,67.94085704832644,5773.15248676762,7.679966421636547,11.042144479164886,3.191803196327245,0,34.58599282845954,49.604831252914096,0,255.9769109157824,248.8126068109313,632.0808452190579,108462,45,5,2,True,True,match730_003833678395988770820_2132169428_161,own,de_dust2,108507,a8942b953a,tec9,True,False,False,False,False,False,47.0,0.0,0.0,pistol,0.39573884019853345,False,108270
179.2555660516857,28.379143165285093,15.009983733125694,5282.313052339078,0.6940704299398203,4.207553934130581,0.5476279036803272,6,4.526215049491311,27.662101516745544,6,373.4545994143963,58.77970065013651,227.4960097488625,78922,6,2,1,False,True,match730_003846224175849013887_1403891103_383,own,de_anubis,78928,29b1cdb2be,m4a1,False,False,False,False,False,False,61.0,0.0,0.0,rifle,0.39565736126922313,False,78730
56.202865120629205,9.987285102533042,50.834402662733,1793.5207448821432,3.1297237133314613,3.3973420247202606,1.9767117708379405,0,16.663887966955627,18.254451441891728,3,304.5204139448945,88.65259284493303,392.8781846127662,8235,12,2,2,True,True,match730_003833682433258029322_1216037504_161,own,de_dust2,8247,1823ad92a3,p250,True,False,False,False,False,False,20.0,0.0,0.0,pistol,0.3956199024527981,False,8043
192.98106118409268,33.26461004962557,17.700603992053527,6601.7401753497,1.5041156054612053,1.3419368583601543,1.1873247086641026,25,20.0124415552424,17.845835169250158,0,762.107670091712,192.47160164242055,489.57819381898577,22013,45,8,4,False,True,astralis-vs-fnatic-m2-ancient,pro,de_ancient,22058,dd32420517,ak47,False,False,False,False,False,False,0.0,0.0180456172674894,0.0,rifle,0.39560205035132895,False,21821
214.0352007378327,70.96845097881067,13.498470384351227,4557.915819371191,2.125875283434254,3.8693283527899047,1.062741619202791,4,22.394158294643294,39.51784478147552,0,592.4464128500722,234.55717173244875,430.3723238639503,28069,29,6,3,False,True,match730_003845735833772490759_0956054515_272,own,de_inferno,28098,6f17506be7,m4a1,False,False,False,False,False,False,40.0,0.798506498336792,0.0,rifle,0.3955874218450182,False,27877
56.59565571567977,12.846841505586331,15.858722874579472,1466.1663984455142,0.5050798562872685,1.4980376661993389,0.2991404212461672,9,9.880892598278184,29.31186289327915,4,1120.7624706588704,94.61856264439744,53.56579411723249,126358,17,4,1,False,True,furia-vs-betboom-m1-mirage,pro,de_mirage,126375,4acdd8fa23,m4a1,True,False,False,False,False,False,0.0,0.0,0.0,rifle,0.3955764884943241,False,126166
61.29278157160453,7.238298474276362,42.17391636265142,1799.928178651482,1.599461236075406,2.4980791992396747,1.599461236075406,22,15.993013334859755,25.4587508483766,1,572.7507242592727,133.140583599233,157.86382388949383,65466,6,2,1,False,True,astralis-vs-fnatic-m2-ancient,pro,de_ancient,65472,d8f9528a3a,ak47,True,False,False,False,False,False,0.0,0.0,0.0,rifle,0.3955677941747362,False,65274
94.25584877140732,18.282372213081217,3.5762352169036014,3037.0912545245938,0.6357398796512658,1.0693262871586424,0.6357398796512658,31,10.203636608542496,17.165122715933194,7,919.482736164587,70.14628758484425,782.3775985999049,41769,54,6,4,False,True,match730_003833682433258029322_1216037504_161,own,de_dust2,41823,aa97ccafe5,ak47,False,False,False,False,False,False,9.0,0.0,0.0,rifle,0.39553928056287946,False,41577
74.92781011882218,22.19662515956793,11.203651772893716,3014.069071229186,6.701419572934299,7.386382917421296,2.700465858564081,0,19.838360003786693,25.07840736481658,4,167.86409894740393,189.91005661058423,184.20279493026484,82984,0,1,1,True,True,match730_003845721267390906757_0873910189_273,own,de_anubis,82984,b0848df2ab,glock,True,False,False,False,False,False,38.0,0.0,0.0,pistol,0.39527526327832974,False,82792
48.134047353860616,6.8665270413960044,19.54013104760428,1770.1198300588849,1.1440119985728954,1.6079639320299504,0.1837349265013331,8,14.874589461883964,20.92606163488263,6,740.4103660247932,79.10344803286766,468.1481681499953,73947,0,1,1,True,True,match730_003846087479924883540_0606572273_161,own,de_mirage,73947,27f0cb0ba9,usp_silencer,False,False,False,False,False,False,18.0,0.0,0.0,pistol,0.3952721317801589,False,73755
35.65131561344949,13.204315308820354,8.856890247570632,883.4496348449557,2.015239061426939,1.9921546932583143,0.4618996386472299,26,23.737748626632907,23.46639702449328,0,674.1597023826797,87.60556590286845,104.24788734988245,98396,6,2,1,False,True,luminosity-vs-nemiga-m1-cache,pro,de_cache,98402,456b773fab,galilar,True,False,False,False,False,False,0.0,0.0,0.0,rifle,0.39526619561596316,False,98204
70.400390625,30.923249084007004,53.97233072916666,1351.4375,0.5925854148788325,2.6539801277627104,0.5925854148788325,5,4.513503982833244,21.01718380697735,4,436.1974411330703,149.78726524362693,213.4439174077346,111713,17,4,4,True,True,luminosity-vs-nemiga-m1-cache,pro,de_cache,111730,798c33b296,galilar,False,False,False,False,False,False,0.0,0.0,0.0,rifle,0.39520091124166723,False,111521
191.512042294442,16.975872521904787,20.398344832380836,7176.058630074808,0.5996278558470117,2.375775497048521,0.5996278558470117,6,9.687747282746384,38.63134492038533,3,919.7046948716396,121.11442085921269,572.5687220943444,129170,6,2,2,True,True,aurora-vs-9z-m2-mirage-p1,pro,de_mirage,129176,6e8537eb46,m4a1_silencer,False,False,False,False,False,False,0.0,0.0,0.0,rifle,0.3951227088456327,False,128978
211.04516455590613,30.45554513239178,11.203698587561172,7176.335659772709,4.0404429196833656,5.764611533317115,0.9938955254639688,0,33.44363425265228,48.62106094372697,0,473.1652111360732,236.15064531408547,558.5240342302063,154488,38,7,3,False,True,luminosity-vs-nemiga-m1-cache,pro,de_cache,154526,d61b8b9081,ak47,False,False,False,False,False,False,0.0,0.0,0.0,rifle,0.3950359337877133,False,154296
115.09375,18.18561127395131,18.816874519745216,7037.0,0.6967658664154038,1.139576102522331,0.223197759738599,30,10.13863477084019,16.583926477014007,6,831.9956391619035,8.149930399391758,24.80424911381965,54013,0,1,1,True,True,match730_003846224175849013887_1403891103_383,own,de_anubis,54013,2b34888ce8,m4a1_silencer,True,False,False,False,False,False,68.0,0.0,1.0,rifle,0.3950052608318961,False,53821
43.82310143170292,12.73406573031629,31.638156459520683,1301.175701267426,0.7802778788457942,1.958173553564696,0.7802778788457942,8,8.317380152039355,20.92697566580585,5,610.1188532876456,93.55612233890204,130.84288786105725,98997,0,1,1,True,True,match730_003845735833772490759_0956054515_272,own,de_inferno,98997,6f17506be7,deagle,True,False,False,False,False,False,35.0,0.0,0.0,pistol,0.39498037216464427,False,98805
198.677734375,44.94943788067556,14.863303556854191,5667.25,2.1268076868996726,1.2492801139335303,0.8478008308682012,19,25.435075296887923,14.993330127072667,0,684.7551180499464,158.35599352796794,365.1068786974219,17293,19,4,2,True,True,match730_003845721267390906757_0873910189_273,own,de_anubis,17312,88df3b8433,ak47,False,False,False,False,False,False,49.0,0.0,0.0,rifle,0.39494047954196854,False,17101
183.25491074543376,62.88706779661912,15.58871768861736,3586.227173364464,1.4059812144503452,1.2791481364279105,0.7899341497506148,13,19.420579443282776,17.65023328127241,1,777.1407619079744,107.76579630017022,641.4582083182554,7174,39,4,2,False,True,match730_003846087479924883540_0606572273_161,own,de_mirage,7213,bea1536d33,fiveseven,True,False,False,False,False,False,37.0,0.0,0.0,pistol,0.39490985528682204,False,6982
216.7447328378516,32.120742844609346,37.075520833333336,6307.0625,9.823978814412202,8.306876997590981,1.472298222647693,0,36.5287631077824,33.31191532103257,0,210.94701347549687,148.04125805330136,808.9012634734959,2873,92,10,3,True,True,match730_003845735833772490759_0956054515_272,own,de_inferno,2965,68a903afd4,glock,True,False,False,False,False,False,32.0,0.0,0.0,pistol,0.3949041456599293,False,2681
50.25811288590562,12.341492344141916,25.00848820538405,3216.5192246979595,4.902930337574715,4.413394088834072,0.373987758407392,0,32.56545849946055,29.924672743916933,0,379.617936063298,234.5151310118945,1104.2816565804642,82487,123,12,4,False,True,match730_003846095210866016783_0292086677_161,own,de_ancient,82610,bea1536d33,glock,False,False,False,False,False,False,38.0,0.0,0.0,pistol,0.394810913419816,False,82295
98.25292350942752,30.207207362896863,17.59720229293679,5113.517654755341,5.845154031931878,5.839343606129243,3.187721252270049,0,37.595976712784505,37.50078195797828,0,332.6433130303324,92.25002388357736,87.16481203078955,18157,35,7,2,False,True,astralis-vs-fnatic-m1-dust2,pro,de_dust2,18192,dd32420517,m4a1,False,False,False,False,False,False,0.0,1.0,0.0,rifle,0.3947247763575038,False,17965
43.57598305981417,15.786625842820808,8.997940081907819,1120.1044957263014,0.6489665296478323,1.453202417768852,0.6389258981512488,27,6.649315370338818,15.31012576628127,6,586.9771065795458,30.96770896023019,297.9875706666884,92066,38,7,3,False,True,match730_003845735833772490759_0956054515_272,own,de_inferno,92104,11a0f5ab5d,ak47,True,False,False,False,False,False,54.0,0.0,0.0,rifle,0.3947133850223182,False,91874
171.93603515625,21.47564871251249,25.01497734788032,4168.5782039277865,0.7024785130208386,2.2074329569912594,0.7024785130208386,29,6.039501630813082,19.25302163995708,4,492.5151724235273,89.1305919755119,279.5403581445633,18529,6,2,2,True,True,astralis-vs-fnatic-m2-ancient,pro,de_ancient,18535,3f5c0f1ef2,m4a1_silencer,False,False,False,False,False,False,0.0,0.0,0.1252189576625824,rifle,0.3947085784731625,False,18337
120.234375,13.478938329587358,50.76264464596579,3908.63417920214,0.5485577814888978,1.5694119991465814,0.2688787923022428,23,8.918841456025948,25.754057444504788,2,931.5266111569885,143.04497681699465,325.57797924082905,132975,46,9,4,False,True,aurora-vs-9z-m2-mirage-p1,pro,de_mirage,133021,ac7afcf085,famas,False,False,False,False,False,False,0.0,0.0,0.0,rifle,0.3946656497560263,False,132783
58.74341959523017,19.33945709937348,7.347444735120395,1497.904246771265,0.6285456164593458,1.0449848020927894,0.3092014086420819,32,8.698522668774928,14.47004423999454,6,792.7815455048285,173.82955186899102,530.8333492066832,41081,23,5,2,False,True,match730_003833682433258029322_1216037504_161,own,de_dust2,41104,8a33bc3a37,m4a1,True,False,False,False,False,False,10.0,0.0,0.1288756430149078,rifle,0.3946612048095371,False,40889
53.25464939361965,16.41246851021906,32.653333130242935,1772.0110784568874,0.461564477173034,1.3215535225051174,0.461564477173034,13,4.342251753602649,12.36622537201277,9,520.2940049210035,202.70117417562693,434.06140270671193,55554,45,8,5,True,True,aurora-vs-9z-m2-mirage-p2,pro,de_mirage,55599,ac7afcf085,m4a1_silencer,True,False,False,False,False,False,0.0,0.0,0.0,rifle,0.3946306532682304,False,55362
49.16002836942048,12.133130952002295,16.229961926710367,2012.5031936917355,1.704133639808778,1.8374906130968305,0.6790584348425458,13,19.51035159684193,20.799300184884185,1,646.997543446029,37.14443577629709,262.1601686319572,8646,57,13,5,True,True,match730_003846095210866016783_0292086677_161,own,de_ancient,8703,26eeb217ae,mac10,False,False,False,False,False,False,40.0,0.0,0.0,smg,0.3946241469238,False,8454
349.1967840112703,39.45681098800703,39.63570987132,6920.594176721301,0.601960398453034,2.1872571692518887,0.601960398453034,7,7.754814270153608,28.78718112904466,3,728.576631954413,152.37885447887203,675.0780558528032,147937,26,5,3,True,True,match730_003846114907586035842_2006638891_196,own,de_mirage,147963,1c49a0cc75,ak47,True,False,False,False,False,False,20.0,0.6150180697441101,0.0,rifle,0.39461605915819753,False,147745
35.90139507940835,6.129839204918596,28.69500297109612,1131.0495537090137,0.7503991468900458,1.3595700522022969,0.7503991468900458,24,11.354823579975069,20.81863030641364,3,864.4329503663794,119.55888711409206,312.74466032510617,147222,6,2,2,True,True,luminosity-vs-nemiga-m1-cache,pro,de_cache,147228,f730a5e684,m4a1_silencer,False,False,False,False,False,False,0.0,0.0,0.0,rifle,0.3946114613356803,False,147030
140.76294980093712,23.940854889166488,24.217496938851724,4859.656531922241,0.5527788305174499,0.701484648699255,0.429615801898436,19,10.419921078216456,13.219208743953596,4,1079.8779337952335,199.2490686873352,272.88669430607695,45916,32,3,2,True,True,luminosity-vs-nemiga-m2-dust2,pro,de_dust2,45948,3b306c71b2,ak47,True,False,False,False,False,False,0.0,0.0,0.0,rifle,0.3945851061034709,False,45724
112.05328824871064,13.940222299741048,82.06201795168008,3726.4981554018927,2.0809670393585358,4.892191760448129,1.7366598904217023,1,22.939070330213426,53.97873336986813,0,617.2730436062136,204.0840905546909,571.4931563738814,132500,0,1,1,True,True,match730_003846114907586035842_2006638891_196,own,de_mirage,132500,476a8ccf25,ak47,True,False,False,False,False,False,18.0,0.0,0.0,rifle,0.3944870638025235,False,132308
60.222220771671445,15.14544822328801,36.09912545441846,2020.3379552738688,4.788697100864868,4.98930311728377,1.0178677974648611,0,39.446586579962144,42.044069118928505,0,470.7992874550481,180.73945140117848,281.63013318780145,50881,6,2,1,False,True,match730_003829380948349157814_1390656678_161,own,de_dust2,50887,f3383df9e7,m4a1_silencer,True,False,False,False,False,False,38.0,0.1253042221069336,0.0,rifle,0.39440618508475633,False,50689
169.40458155114578,24.502384411037152,12.883602202125266,4800.638683725168,0.5373938205099823,2.168847973699237,0.5373938205099823,7,8.472834527424084,34.91664642996732,3,903.2648632899194,226.5640543997014,699.654946945912,9521,79,8,5,True,True,match730_003845848209444307084_2046226831_274,own,de_dust2,9600,d9f31878b9,glock,False,False,False,False,False,False,57.0,0.0,0.0,pistol,0.39438751881328626,False,9329
260.1981269376104,59.60316702558875,18.60221737600443,6440.005713011678,2.087648590955684,2.100989989491814,1.3937402039990494,16,18.566200979432764,18.784791114960008,1,508.94738165398,188.2029610135218,1026.2192776105494,27552,43,10,4,False,True,match730_003831793800846508273_1359762374_161,own,de_mirage,27595,f86f118666,mac10,True,False,False,False,False,False,8.0,0.0,0.0,smg,0.3943790339779196,False,27360
88.9228515625,46.94377246368624,19.189738953174547,2300.625,1.2857799976113418,1.7271076748380711,1.1885386536233749,12,11.729262799298922,15.84958957679196,10,522.27559859216,48.73347910256665,215.561248527153,53245,0,1,1,True,True,match730_003845735833772490759_0956054515_272,own,de_inferno,53245,c0d4e00ddc,ak47,False,False,False,False,False,False,4.0,1.0,0.0,rifle,0.39435155900891783,False,53053
287.24623585891555,37.16302484435285,14.373097248284234,8649.254883494263,4.180480136910207,3.090443155187848,2.6798516247272346,0,22.47570696196559,16.611234621058934,0,307.22858247764054,142.69301449042408,156.47135202711996,197874,17,4,2,False,True,furia-vs-betboom-m2-cache,pro,de_cache,197891,372a892754,m4a1,True,False,False,False,False,False,0.0,0.0,0.0,rifle,0.39432342236893725,False,197682
76.06810464639321,16.23724200214115,6.506519712141162,2197.8185245568843,1.201380499686524,1.7571412266208568,1.183572556688634,23,23.032392710704208,33.87843271747967,0,1090.3789993887085,155.3689919482546,385.3770296913816,73109,32,6,4,False,True,astralis-vs-fnatic-m1-dust2,pro,de_dust2,73141,7097f9c9f2,ak47,False,False,False,False,False,False,0.0,0.0,0.0,rifle,0.39428841833638306,False,72917
249.5877079985218,79.477296617561,47.17141067477761,5911.205827392082,1.3932845093219997,3.2954294004529574,0.9389489407336028,3,18.49263686249861,43.72594201728908,1,698.2871105343586,122.4540343454258,346.3883204386816,76597,0,1,1,True,True,match730_003846055312767320440_2034169741_274,own,de_nuke,76597,8a33bc3a37,usp_silencer,False,False,False,False,False,False,18.0,0.0,0.0,pistol,0.39427480215837546,False,76405
33.1469100467169,11.206946474471874,14.479659265792456,916.1305811942588,2.784961844160184,3.198196282796532,2.7798469936791577,3,27.330064523287252,31.60532390102889,0,561.6801742778447,31.242574913239125,393.2970276963575,21193,0,1,1,True,True,luminosity-vs-nemiga-m1-cache,pro,de_cache,21193,f730a5e684,ak47,True,False,False,False,False,False,0.0,1.0,0.0,rifle,0.3942576903304853,False,21001
48.59347822597836,10.178879002585562,14.811138814619635,1288.4886524069702,2.012822506646156,1.8313987706898955,0.9021655158769664,33,21.22965915518401,19.504315580390628,0,604.0356048944175,211.94266798784997,530.640343297152,75666,7,2,1,False,True,aurora-vs-9z-m1-dust2,pro,de_dust2,75673,6c2b13b080,ak47,True,False,False,False,False,False,0.0,0.0,0.0,rifle,0.3941507818367901,False,75474
96.59480521650968,28.926254523297025,15.546342029058314,3499.27837699836,7.254907890628909,8.772923917135,7.254907890628909,0,36.31382408384496,45.71037953410737,0,283.72662777233376,229.30114293922367,673.3800581556791,79196,32,6,4,False,True,match730_003845848209444307084_2046226831_274,own,de_dust2,79228,94ae0b8591,m4a1_silencer,False,False,False,False,False,False,54.0,0.0,0.0,rifle,0.39407435546472847,False,79004
74.64554476719906,18.329892904002104,14.330998144488,2227.4578390610523,0.997200840392642,1.691058322441,0.6518101089230203,16,8.408722908810269,14.235528188639664,7,482.61629686047246,78.60016131406402,735.9279159532438,47992,0,1,1,True,True,astralis-vs-fnatic-m1-dust2,pro,de_dust2,47992,ca06492643,awp,False,False,False,False,False,False,0.0,0.2662927508354187,0.0,sniper,0.3940612146967451,False,47800
53.57777655202565,12.774134138649668,37.44986836405887,1580.3202640500378,1.4001970239810708,1.3451693469418573,0.3413298843684308,28,19.37501879511645,18.609748019858504,5,792.6289456657637,98.25787702276897,210.82754404201685,10995,26,5,4,True,True,astralis-vs-fnatic-m2-ancient,pro,de_ancient,11021,95b933ed7c,ak47,False,False,False,False,False,False,0.0,0.0,0.0,rifle,0.39401181939759,False,10803
185.39012898388015,64.76342871390693,27.67527444352052,2527.205248841111,4.346256308203909,4.843900143041947,2.3648473991538204,0,32.85996694288414,36.578386029884975,0,432.2992753299424,117.43319881446084,122.25313988174238,4276,58,6,3,False,True,match730_003846095210866016783_0292086677_161,own,de_ancient,4334,bea1536d33,usp_silencer,True,False,False,False,False,False,37.0,0.0,0.0,pistol,0.39398342448237494,False,4084
74.89685177877686,16.50523312731483,41.72378670810579,2398.7243050178445,0.3220371069302064,1.347078274899124,0.3220371069302064,17,5.518508163481714,23.171801073536976,2,981.6286157874948,91.0919966852039,691.0504923858819,57497,19,4,3,False,True,aurora-vs-9z-m1-dust2,pro,de_dust2,57516,7a9df6b20d,m4a1_silencer,False,False,False,False,False,False,0.0,0.0,0.0,rifle,0.3938994917768012,False,57305
285.2641462534381,35.90020863219908,11.595788023243026,8446.101254441164,1.0968545653038793,2.2044558904216807,0.9070050465255176,7,16.331598156840737,32.920440552410724,4,839.2030548561515,172.57962539360582,830.1720971852309,122701,32,6,4,False,True,aurora-vs-9z-m2-mirage-p1,pro,de_mirage,122733,6c2b13b080,m4a1_silencer,False,False,False,False,False,False,0.0,0.0,0.9339027404785156,rifle,0.393883015995467,False,122509
216.5042063302252,25.719116327035017,29.61561088487456,9882.067474917914,0.4681433042353563,2.903192038694099,0.4681433042353563,5,4.460106694359821,27.82570466469418,4,536.7680430751651,94.86189691646167,247.4001076046288,89012,23,5,4,True,True,match730_003831793800846508273_1359762374_161,own,de_mirage,89035,03d8a6e44d,m4a1,True,False,False,False,False,False,43.0,0.0,0.0,rifle,0.3938491331969283,False,88820
40.626033182944425,16.700512714549884,33.97817313477298,1589.6355241351498,1.4534138631625704,2.374665915693292,1.018221053883291,26,17.656990874452624,29.097363747547128,1,695.7983358380046,212.62345922613312,432.4326914424788,112517,5,2,1,False,True,luminosity-vs-nemiga-m1-cache,pro,de_cache,112522,798c33b296,galilar,True,False,False,False,False,False,0.0,0.0,0.0,rifle,0.3938063003633348,False,112325
43.11263737046944,8.526896123694446,8.06826686998596,1362.8260316832668,2.3685862667538315,2.8045890641055937,1.114479683818085,5,23.43416700804907,27.90159181894291,0,566.4017407924125,123.30166968552116,140.56610761803353,7286,22,3,1,False,True,match730_003846055312767320440_2034169741_274,own,de_nuke,7308,9f3aebc0e3,usp_silencer,True,False,False,False,False,False,12.0,0.0,0.0,pistol,0.3937411784493174,False,7094
64.51507742740172,8.088834771271184,4.80046949698735,3360.1694239664344,1.2848508865206736,1.7757984238053772,0.6956731035930197,8,21.258075780225774,29.126753117704368,0,945.8592271592744,195.12322586089775,448.4440986244181,82602,11,3,1,False,True,match730_003846114907586035842_2006638891_196,own,de_mirage,82613,e767760b4c,m4a1,False,False,False,False,False,False,30.0,0.0,0.0,rifle,0.3937192609871722,False,82410
47.306640625,23.080713805008617,42.27827690218376,1145.6469387536567,2.145541593560212,2.937493710401072,2.097498377448877,5,14.477916747021276,19.166144465285505,5,386.2338659710936,154.15309182740475,414.9513413784362,89189,19,4,4,True,True,match730_003845735833772490759_0956054515_272,own,de_inferno,89208,c0d4e00ddc,m4a1_silencer,False,False,False,False,False,False,4.0,1.0,0.0,rifle,0.3936953578652022,False,88997
146.513671875,17.56835421357411,11.506845331457235,6759.9375,0.4496648888727609,1.2574213704948405,0.4496648888727609,11,6.914547906303406,19.52494083813412,7,879.6730458508202,191.4419048747412,423.9765037851308,78980,0,1,1,True,True,match730_003846224175849013887_1403891103_383,own,de_anubis,78980,0c250789aa,m4a1,False,False,False,False,False,False,61.0,0.0,0.0660736113786697,rifle,0.3936842111415511,False,78788
352.8890487237081,49.95233006573439,44.60814991529685,6947.050788549217,2.010413879527248,2.9531817559790463,2.010413879527248,5,16.035277046833162,23.397023154382147,4,437.56335043261447,91.62004804152808,75.6702260736524,105430,39,7,4,True,True,match730_003846055312767320440_2034169741_274,own,de_nuke,105469,f9d25d950a,ak47,False,False,False,False,False,False,20.0,0.0,0.0,rifle,0.39364830818834873,False,105238
234.70867267703525,22.65503250222168,37.78913956396996,10768.84449505294,3.771628419850063,5.952838677320122,3.4112380288793545,0,24.910895143601213,40.35062667871557,0,377.40974182299146,211.7442106252812,351.58317035674673,76001,87,8,1,False,True,match730_003829380948349157814_1390656678_161,own,de_dust2,76088,ba3ac6a90d,p250,True,False,False,False,False,False,44.0,1.0,0.0,pistol,0.3936425488919137,False,75809
233.2791556635447,59.6099778374936,68.80617433200153,5056.294019207058,1.3594177955267417,5.413099343699075,1.1548133281916202,3,7.6941460770338015,30.846772221669653,3,320.25267548813446,112.37179429458924,289.25420677583014,140927,54,13,3,False,True,luminosity-vs-nemiga-m2-dust2,pro,de_dust2,140981,74c7d1f104,mp9,False,False,False,False,False,False,0.0,0.0,0.0,smg,0.39353593325858244,False,140735
80.244140625,18.502724058021517,14.24397596091229,2974.9233451560085,0.5487954858316971,1.9039321724835736,0.5487954858316971,8,11.091963696849216,38.848825769804606,2,1157.3035387341035,66.91600489911337,335.3081673100681,53677,19,4,2,False,True,luminosity-vs-nemiga-m2-dust2,pro,de_dust2,53696,f730a5e684,m4a1_silencer,True,False,False,False,False,False,0.0,0.0,0.0,rifle,0.3934890470199989,False,53485
125.27631971173793,43.24688770713526,44.867615547723545,4253.947441046567,1.5251751459720189,1.644704154250134,1.2265816098311255,15,15.868923651090332,17.020675481505315,9,595.8646321729367,0.1599347080098039,207.9136992202195,51739,12,3,1,False,True,match730_003846055312767320440_2034169741_274,own,de_nuke,51751,6a8c9faae0,m4a1_silencer,True,False,False,False,False,False,44.0,0.0,0.0,rifle,0.39341340618796733,False,51547
281.7141155435089,59.996482062659695,55.740445526155945,6965.863016051175,2.225676291653044,7.400260385259126,0.5709866499159986,2,11.437924755368869,38.409174274223446,3,294.2982926700645,92.09078640023918,145.49960580517194,92517,10,2,1,False,True,furia-vs-betboom-m2-cache,pro,de_cache,92527,867e1a2fd2,fiveseven,True,False,False,False,False,False,0.0,0.0,1.0,pistol,0.3933600168244356,False,92325
189.7062691114652,18.4909964706402,26.25849657449656,5841.138141243544,3.583377786412916,7.044658515947272,3.583377786412916,0,15.464265599252064,30.01083564178664,1,246.5110663082548,237.02494080618035,778.2731190040296,105801,12,3,2,False,True,astralis-vs-fnatic-m2-ancient,pro,de_ancient,105813,95b933ed7c,m4a1_silencer,True,False,False,False,False,False,0.0,0.0,0.0,rifle,0.3933375122532093,False,105609
128.013671875,40.062698638804335,5.660520671110963,2867.228346890701,3.3305667165688506,5.090270037730458,2.0987211219346755,0,16.273289384706423,25.384163214326684,3,279.34109111716015,46.39589550457241,17.820729939807304,72263,48,6,2,False,True,furia-vs-betboom-m2-cache,pro,de_cache,72311,6c3df85cda,p250,True,False,False,False,False,False,0.0,0.0,0.0,pistol,0.39329396832840635,False,72071
101.380859375,21.60946183371277,6.419019540265828,1731.1875,0.3563990697993541,1.0549975441534207,0.3364474304200233,29,6.089814981813827,18.12804684788342,6,978.4626542981508,50.804060071097226,872.3750916117706,118472,18,4,4,True,True,match730_003846114907586035842_2006638891_196,own,de_mirage,118490,1c49a0cc75,galilar,False,False,False,False,False,False,20.0,0.2104203701019287,0.0,rifle,0.3931224511388174,False,118280
145.13558544485974,50.36650154853695,53.48108651944518,9073.429927024565,2.923558447902116,3.609961967683848,1.577240682030638,6,33.05830130388328,41.87432615268579,0,647.1863054381682,154.8258083179897,154.2872250324658,111438,107,22,7,False,True,match730_003846055312767320440_2034169741_274,own,de_nuke,111545,9f3aebc0e3,mp7,False,False,False,False,False,False,13.0,0.0,0.0,smg,0.3931153903338533,False,111246
60.76445052879777,14.611055566478711,24.75568662873611,1912.5,0.3740657862514744,0.8814467168630522,0.119071383560573,26,6.382675677611157,15.04675713155803,4,977.5405534283328,192.99751930805684,639.912445672655,158766,19,4,3,True,True,luminosity-vs-nemiga-m1-cache,pro,de_cache,158785,d61b8b9081,ak47,False,False,False,False,False,False,0.0,0.0,0.0,rifle,0.3930883923425099,False,158574
101.71222296779374,14.626600597557816,5.598231944562741,2879.824118456402,1.290759012288807,1.2511622255160968,1.1506352688003283,27,15.443123744298203,14.9559917834528,14,685.2726378949432,120.27526966024826,573.7111672897196,161057,0,1,1,True,True,furia-vs-betboom-m2-cache,pro,de_cache,161057,372a892754,ak47,True,False,False,False,False,False,0.0,0.0,0.0,rifle,0.393033019788294,False,160865
136.28791769328097,21.194914800878784,5.1137366887997935,5858.9935529171735,0.8192537035507041,1.033673077439786,0.746302497402385,17,14.780472789217947,18.879363318130547,4,1033.5099381102946,134.5935362917387,352.98907386016634,194984,0,1,1,True,True,luminosity-vs-nemiga-m2-dust2,pro,de_dust2,194984,3b306c71b2,ak47,True,False,False,False,False,False,0.0,0.0,0.0,rifle,0.3930008177435546,False,194792
100.96484375,25.114830060766973,44.24368986768766,3280.8895087948817,0.4733293148967488,1.8813674250443384,0.44472683435013,16,8.245301858821815,32.88297044537534,3,998.039315591944,175.22168126892024,555.7015891226096,216170,13,3,2,True,True,luminosity-vs-nemiga-m2-dust2,pro,de_dust2,216183,590a913841,ak47,False,False,False,False,False,False,0.0,0.0,0.0,rifle,0.39299636540799704,False,215978
225.79276145232728,51.63431192815345,35.971338530742806,4126.41372688027,4.311733050690838,5.185047633635136,4.311733050690838,0,37.64058770997757,45.28536884552963,0,477.0420886063218,25.71905534162132,52.30150315022779,76265,10,2,1,False,True,match730_003846055312767320440_2034169741_274,own,de_nuke,76275,f9d25d950a,glock,True,False,False,False,False,False,20.0,0.0,1.0,pistol,0.3929934123274172,False,76073
172.9456674668922,25.66909879588565,8.633649462180294,4655.127506839657,0.3669349426610492,2.0971532394947268,0.3669349426610492,6,5.589298575810454,32.04357487724808,5,872.455313286812,47.81929139291853,424.44650390487857,98514,12,3,2,True,True,astralis-vs-fnatic-m1-dust2,pro,de_dust2,98526,d8f9528a3a,ak47,False,False,False,False,False,False,0.0,0.0,1.0,rifle,0.39291628126468564,False,98322
41.73823679741798,12.11159595775485,34.97559655886845,2051.7073565447663,3.81094976375234,3.7350908289318063,1.9984173351606485,0,32.05693310675676,31.45874806399644,0,478.9795569267912,134.99703459571768,631.1358944050719,31568,7,2,1,False,True,match730_003845848209444307084_2046226831_274,own,de_dust2,31575,d9f31878b9,ak47,True,False,False,False,False,False,57.0,0.0,0.0,rifle,0.39289717937432683,False,31376
176.31036452467694,44.91038417596445,80.50002321209972,8344.321292012079,1.3829604996637983,3.8923350616734944,0.4448284354626298,3,7.609973398270154,21.64656553686584,4,310.7436389968618,68.57572370434337,493.54586352052416,118656,0,1,1,True,True,match730_003833678395988770820_2132169428_161,own,de_dust2,118656,f86f118666,usp_silencer,True,False,False,False,False,False,7.0,0.0,0.0,pistol,0.39284324023991035,False,118464
65.57983588167615,8.520545054879733,6.438151041666667,2290.3861535560536,2.516663656907037,2.969166989358284,2.516663656907037,6,16.210438615935498,19.270032048454684,7,368.5964030809996,193.42504582200215,705.9350426882958,72835,0,1,1,True,True,match730_003846055312767320440_2034169741_274,own,de_nuke,72835,8a33bc3a37,ak47,True,False,False,False,False,False,18.0,0.0,0.0,rifle,0.39278800437498873,False,72643
180.73905142393892,40.70358646878387,84.9363481595495,6816.49853859642,3.212043550129983,4.36944231138724,2.711658515731427,0,30.654223322999528,41.67012848624305,0,546.2302618643381,65.26318941087986,204.6296206643247,103389,32,6,3,False,True,match730_003846114907586035842_2006638891_196,own,de_mirage,103421,6f05066c08,ak47,False,False,False,False,False,False,21.0,0.0,0.0,rifle,0.39275032335528237,False,103197
147.73772493353857,21.550248400234818,6.060252119482136,2991.9366215580817,0.9174306448747396,3.7680145394669298,0.8655686548197474,6,11.451920210517628,48.76380059394019,5,715.0060392356932,183.2365937920163,825.2918060492755,12925,19,4,3,True,True,match730_003846114907586035842_2006638891_196,own,de_mirage,12944,8a33bc3a37,ak47,True,False,False,False,False,False,33.0,0.0,0.0,rifle,0.3926503402009028,False,12733
90.9969734327868,30.16113554008832,77.1661110696843,3139.642930689076,1.169612643502513,5.4244283216743145,1.169612643502513,2,12.133041538903482,56.37145044084707,1,594.140516438334,12.31496135874205,473.7751858451689,92290,11,3,2,False,True,match730_003846055312767320440_2034169741_274,own,de_nuke,92301,1c9bd3c08e,famas,False,False,False,False,False,False,33.0,0.0,0.0,rifle,0.3925794222854531,False,92098
431.923131546728,54.87081990700721,39.40896333360456,12497.565258185505,1.8559581596381327,3.1384579807495734,1.8244493119823373,5,19.804749306029063,34.758983673521655,2,602.7472515479758,107.81687753024632,213.78126548857264,107148,29,4,3,True,True,furia-vs-betboom-m1-mirage,pro,de_mirage,107177,4acdd8fa23,fiveseven,True,False,False,False,False,False,0.0,0.0,0.0,pistol,0.3925592823955105,False,106956
196.76513671875,57.9909074323579,16.760529758442235,5901.291591003141,2.287174507729684,3.861780390713216,2.239291650391117,4,29.25876477104968,51.51693699775269,0,732.4790205212589,206.8893703238522,650.858914631705,80370,69,8,2,False,True,match730_003829380948349157814_1390656678_161,own,de_dust2,80439,9a711e878c,fiveseven,True,False,False,False,False,False,40.0,0.0,0.0,pistol,0.39252214227066284,False,80178
152.0554782768666,30.665230707399324,13.441738692145778,9731.550609719465,3.7993226726706233,4.030944689334463,3.7993226726706233,0,22.14988193283369,24.30169770464231,0,330.912520265367,95.8296327311179,880.5322417690671,53839,26,5,3,False,True,match730_003846095210866016783_0292086677_161,own,de_ancient,53865,cd1c592f75,ak47,False,False,False,False,False,False,46.0,0.0,0.0,rifle,0.39251484500647044,False,53647
286.0137476334569,29.499261299331884,49.76831350934385,7802.1848206442755,2.4823086711891045,2.2178783560655857,0.2423468237181774,2,27.848171903830565,24.873410999813945,0,638.6556739459479,70.0772081204496,336.1066948727326,86791,32,6,1,False,True,match730_003846087479924883540_0606572273_161,own,de_mirage,86823,901972cd23,m4a1_silencer,True,False,False,False,False,False,38.0,0.0,0.0,rifle,0.3925059544512797,False,86599
233.28019936919688,35.71290933119715,23.992835191835702,6245.918571819917,0.8146194360892092,1.1163927432019167,0.561267380277695,13,9.091327554842056,12.487552521903542,9,633.9655193960973,62.7897696712862,350.42806656474085,127517,5,2,2,True,True,astralis-vs-fnatic-m1-dust2,pro,de_dust2,127522,7097f9c9f2,m4a1,True,False,False,False,False,False,0.0,0.0,1.0,rifle,0.39234843005973286,False,127325
119.45742694800052,16.320721441964004,65.94277420280406,3922.937394813636,8.026771439894954,8.795200102909979,3.239495477727803,0,43.81027996337233,48.4448262425541,0,301.9801531155254,219.2603054987624,371.129654689424,70299,31,7,2,False,True,match730_003833682433258029322_1216037504_161,own,de_dust2,70330,c2d6ff7eff,mp7,False,False,False,False,False,False,48.0,0.0,0.0,smg,0.3923431870864148,False,70107
170.76470849287475,40.67791095190876,58.92979197328856,3377.916933108267,2.058514668499194,7.342651172244795,1.6742503889611324,3,9.313062088981232,34.18861139334265,4,258.78771612676167,118.5069979668838,328.1390857465081,123400,6,2,2,True,True,match730_003846055312767320440_2034169741_274,own,de_nuke,123406,b3b8926d79,ak47,True,False,False,False,False,False,26.0,0.0,0.1911897212266922,rifle,0.39226824570553626,False,123208
109.54791920569204,13.348391235111071,86.36588934524264,2639.996534709256,2.347250184089809,4.096147803013028,2.050481197427006,2,19.04386888392236,33.664389045997446,1,464.07644274875406,217.96800595966167,488.7856091407136,167308,6,2,1,False,True,luminosity-vs-nemiga-m2-dust2,pro,de_dust2,167314,590a913841,ak47,True,False,False,False,False,False,0.0,0.0991034060716629,0.0,rifle,0.39220390572688946,False,167116
61.7646484375,22.914747215583063,32.10388236569898,3311.0722896112143,0.627294798199978,2.946847014819121,0.3747921416639267,5,8.562843120282063,40.69207555861952,3,781.9760422993045,125.3423829132262,702.9123535737955,4819,11,2,2,True,True,match730_003829380948349157814_1390656678_161,own,de_dust2,4830,301b246229,glock,True,False,False,False,False,False,36.0,0.0,0.2682496607303619,pistol,0.3921490040541932,False,4627
50.21118909488772,17.811122645525806,8.815212744058753,1245.914857171132,1.915223431492351,2.653309146780063,1.915223431492351,6,12.444873155675008,17.3123221572151,7,369.51476534593377,139.33003023666646,246.2250509671769,79449,13,3,2,False,True,luminosity-vs-nemiga-m1-cache,pro,de_cache,79462,524f4d4415,ak47,True,False,False,False,False,False,0.0,0.0,0.0,rifle,0.3920937074018462,False,79257
128.77294367824155,28.00693692293808,32.05194722672455,2841.645416812192,3.252194562796045,3.088412975058528,1.1046142374042478,0,41.51278660496775,39.51786582353374,0,729.10483088413,110.79457799957936,289.35904962948393,76769,26,5,4,True,True,luminosity-vs-nemiga-m2-dust2,pro,de_dust2,76795,798c33b296,ak47,False,False,False,False,False,False,0.0,0.0,0.0,rifle,0.3920749491802947,False,76577
132.57331737462647,46.474297007934425,33.120204267840585,2460.5376727055677,0.9302715303977316,4.901545202375095,0.9302715303977316,4,9.536654563927542,51.51163182547164,3,586.9486490120477,170.52303908572352,384.6818513108832,44983,152,23,2,False,True,match730_003833678395988770820_2132169428_161,own,de_dust2,45135,7090249fd0,ak47,False,False,False,False,False,False,36.0,0.0,0.0,rifle,0.39206698066319623,False,44791
53.57777655202565,5.98903434539657,43.282415127586376,1617.201523816714,1.3112136902485416,2.526387034302179,0.9499493600621124,4,16.182103121906064,31.197466537568197,2,706.8411133118509,146.13519152522144,333.8579142317954,201656,6,2,1,False,True,furia-vs-betboom-m2-cache,pro,de_cache,201662,c1aa9f613a,ak47,True,False,False,False,False,False,0.0,0.0,0.0,rifle,0.3920592888912332,False,201464
69.22294237516739,22.723143881579475,14.632898755268746,1291.0259920545502,1.4703829852987382,1.2454481759901437,0.2233275433421022,16,25.771912596143288,21.814721591588707,0,1000.4790107898596,83.41726467368944,812.8128765715127,101985,19,4,2,False,True,astralis-vs-fnatic-m1-dust2,pro,de_dust2,102004,dd32420517,ak47,True,False,False,False,False,False,0.0,0.0,0.0,rifle,0.3920556961532967,False,101793
99.2958451092342,32.98181839097763,44.940667104480326,2564.3585669639247,0.5154219826614049,5.332985202863001,0.5154219826614049,3,3.480006305643892,35.54389512803159,3,386.6251729583572,193.5934688918794,572.1124754774291,91139,0,1,1,True,True,furia-vs-betboom-m2-cache,pro,de_cache,91139,c32a6f9c5c,m4a1,False,False,False,False,False,False,0.0,0.0,0.0,rifle,0.3920466811997587,False,90947
89.68644638771816,15.874139928148509,17.26999662237733,3313.2422237688907,0.9297984422036424,1.1543661835517265,0.9023257037244092,26,13.840008707194428,17.301431268194115,9,852.4480422351742,139.95732662803402,248.56731783253545,34526,0,1,1,True,True,match730_003846224175849013887_1403891103_383,own,de_anubis,34526,29b1cdb2be,awp,True,False,False,False,False,False,61.0,0.0,0.0,sniper,0.39194189522710376,False,34334
170.00408288666858,31.438515382413385,16.740283124587354,4798.327761456465,1.003099960437304,1.274725740971078,0.9245312528088722,22,11.804794368707553,15.000094085943,11,665.0995447349221,47.4413932479716,147.25532645812078,102289,0,1,1,True,True,luminosity-vs-nemiga-m2-dust2,pro,de_dust2,102289,524f4d4415,ak47,False,False,False,False,False,False,0.0,0.0,1.0,rifle,0.3918419118424295,False,102097
107.3583984375,38.74053142684016,5.022399511999843,4520.589705790399,1.5497816487280225,1.495260770715286,1.308721866257284,17,20.466436440865568,20.041133979613782,0,756.3559623659386,104.87809414212823,301.1419059026522,94750,63,5,4,True,True,match730_003831793800846508273_1359762374_161,own,de_mirage,94813,6ca81de9cd,usp_silencer,True,False,False,False,False,False,74.0,0.0,0.0,pistol,0.39177688030605123,False,94558
112.4377469435944,37.97487217689312,11.27782727905918,6680.304228254223,2.0695072063766453,2.504304414734261,1.847444766384652,7,16.272764106891525,19.867547424169693,6,445.671174613737,116.45887622585109,710.1064997133192,123096,25,5,4,False,True,match730_003846095210866016783_0292086677_161,own,de_ancient,123121,bea1536d33,ak47,False,False,False,False,False,False,37.0,0.0,0.0,rifle,0.391752022741316,False,122904
76.87765317230681,29.575318370250592,9.359800155294115,2091.2741235044405,5.458950629873218,5.066517824183758,0.3293433468843001,0,29.86189080104272,28.46790092930946,0,312.19080109505444,108.69915505273188,173.97195524674504,23256,26,5,4,False,True,match730_003846055312767320440_2034169741_274,own,de_nuke,23282,1c9bd3c08e,ak47,False,False,False,False,False,False,33.0,1.0,0.0,rifle,0.3917180418931755,False,23064
39.41218378222664,18.451953811636717,6.935878051835167,1094.2847581663875,0.6138004485545735,1.6828933757210311,0.4707983447019287,9,9.40326260228083,25.783389493394413,4,877.3004881754734,54.9112763689252,665.4940521382566,149318,0,1,1,True,True,match730_003846114907586035842_2006638891_196,own,de_mirage,149318,1c49a0cc75,ak47,False,False,False,False,False,False,20.0,0.2122114598751068,0.0,rifle,0.39164869453789863,False,149126
36.2874508995699,9.408114837730617,11.70294515326639,1256.6830461128036,1.2272415496732487,1.8181315222764665,1.2272415496732487,9,20.44585153990708,29.962412409622026,0,951.3452356507854,215.3997661690811,563.9169717547751,102762,35,7,5,False,True,luminosity-vs-nemiga-m1-cache,pro,de_cache,102797,798c33b296,galilar,False,False,False,False,False,False,0.0,0.8889195919036865,0.0,rifle,0.3916403978676895,False,102570
264.2572446698885,51.92767172682031,23.44116618349861,4274.314649782311,1.0208982416547716,2.580648952611938,1.0208982416547716,6,14.468765923207416,36.23168175410628,3,801.2468164075447,214.05831008266253,239.90031980935225,18395,32,6,4,True,True,aurora-vs-9z-m2-mirage-p2,pro,de_mirage,18427,6c2b13b080,ak47,False,False,False,False,False,False,0.0,0.0,0.0,rifle,0.3915500501748407,False,18203
300.4464772587192,37.71040964810842,43.64075869697149,9089.204667647424,3.6738823260327336,7.775968336566967,3.363348612091784,0,23.05596469029886,50.129350422717536,0,358.7716132008948,147.5610636944675,476.85697865889455,38092,23,3,1,False,True,match730_003846224175849013887_1403891103_383,own,de_anubis,38115,0c250789aa,ak47,True,False,False,False,False,False,75.0,0.0,0.0,rifle,0.3914673522363026,False,37900
189.1527869164192,31.55891740101629,14.71700613786229,5881.419580414703,1.3274871181774006,1.7968256778449905,1.1744738881746912,21,13.502158899325892,18.278128946850348,6,582.2921188453901,63.74968828644528,259.88934193849764,49003,0,1,1,True,True,match730_003846087479924883540_0606572273_161,own,de_mirage,49003,9c0b0079af,deagle,True,False,False,False,False,False,7.0,1.0,0.9601192474365234,pistol,0.39143901032288964,False,48811
208.3662109375,23.218730707190467,9.394830779577156,7480.199859939788,0.4934657940344473,1.394442429395687,0.4934657940344473,11,6.516870151619571,18.458845647653668,6,756.5397594475822,74.95384796407077,112.14986602170026,48433,0,1,1,True,True,furia-vs-betboom-m2-cache,pro,de_cache,48433,4acdd8fa23,m4a1,True,False,False,False,False,False,0.0,0.0,0.0,rifle,0.39133824146466745,False,48241
111.36773137736172,28.840643817738396,65.04314675249104,5419.70505892906,0.4122535960266006,3.623738093091262,0.3408024774403997,4,3.185110528058112,28.401117178247382,3,440.86140905665513,69.51558243251579,334.64720615848046,221915,6,2,2,True,True,luminosity-vs-nemiga-m2-dust2,pro,de_dust2,221921,f730a5e684,m4a1_silencer,True,False,False,False,False,False,0.0,0.0,1.0,rifle,0.3913307947890478,False,221723
56.036071918780415,12.243326723601117,40.454095548170926,1618.6349108391796,2.19961445357122,3.255044380976421,0.4738527432960451,2,27.95301549294304,41.65583864911023,0,727.5927529127281,226.93722504812527,311.1862388589307,90418,38,7,3,False,True,match730_003833682433258029322_1216037504_161,own,de_dust2,90456,aa97ccafe5,ak47,False,False,False,False,False,False,9.0,0.0,0.0,rifle,0.3913205688398256,False,90226
67.939453125,29.99494109278118,18.63873615345481,1884.9846051458555,0.8515805751639264,1.8977272527043323,0.7415122024011852,10,6.258101405862519,13.98700610228658,8,420.47435677354326,61.880181425900105,32.74950221468044,198442,0,1,1,True,True,luminosity-vs-nemiga-m2-dust2,pro,de_dust2,198442,d61b8b9081,ak47,True,False,False,False,False,False,0.0,0.0,0.0,rifle,0.3912535234038715,False,198250
48.03480082821922,11.874855955325632,24.286051405901787,1951.521270722044,1.7796947054678014,2.2399805168113867,1.7796947054678014,24,27.02669592496744,34.440571044334696,0,869.7277911273379,203.88513079319483,777.8046265012531,93375,19,4,2,True,True,match730_003845721267390906757_0873910189_273,own,de_anubis,93394,dd54131796,m4a1_silencer,False,False,False,False,False,False,24.0,0.0,0.0,rifle,0.3912499560801238,False,93183
198.568258008119,29.25201446572763,35.84360557952669,5911.207868904101,0.9184714165455644,3.746974692824333,0.9184714165455644,4,5.0478974033885,21.203643791157425,4,308.9434559681291,52.38468475714889,209.95351244365568,221142,13,3,3,True,True,furia-vs-betboom-m2-cache,pro,de_cache,221155,c32a6f9c5c,ak47,False,False,False,False,False,False,0.0,0.0,0.0,rifle,0.3911108127897194,False,220950
143.11741700719645,36.50192386617267,38.46925952630414,5554.292657763295,2.702343464415073,3.5780002523395984,1.498339594134285,6,33.72560242686716,44.99975093714716,0,712.3931832726106,187.25308266134425,630.1815855763953,65010,0,1,1,True,True,match730_003846224175849013887_1403891103_383,own,de_anubis,65010,0c250789aa,usp_silencer,True,False,False,False,False,False,62.0,1.0,0.0,pistol,0.3910914628088557,False,64818
205.39790616368103,26.221012552132173,15.790454002939008,13145.465994475588,3.2482765834383613,2.918230207194511,0.3446319024697691,0,23.75464111797176,21.96715208919209,0,418.5356482184706,87.2698869136381,81.46911332477784,3447,13,2,1,False,True,match730_003846095210866016783_0292086677_161,own,de_ancient,3460,7bbb0d4a11,glock,False,False,False,False,False,False,18.0,0.0,0.0,pistol,0.39101578046559987,False,3255
253.7724217721972,45.197848698941016,28.248593091857263,4694.098437285623,1.5521862594996072,2.2442365060173306,1.3783340193612674,8,12.458080924055809,18.37335096714989,6,435.5503596759736,110.72016729476194,160.68076085442368,94076,6,2,1,False,True,match730_003846055312767320440_2034169741_274,own,de_nuke,94082,b9026ee78e,ak47,False,False,False,False,False,False,18.0,0.0,0.0,rifle,0.39095031323390034,False,93884
96.04898452738298,9.179108043738829,10.5191470991027,3942.909958147072,2.508879790801718,2.9390964763001817,2.22187709813792,7,22.04881499994595,25.686466587295467,0,481.2122113101065,183.50954189871743,803.410311299841,31374,46,10,6,False,True,match730_003846095210866016783_0292086677_161,own,de_ancient,31420,cd1c592f75,mp7,False,False,False,False,False,False,46.0,0.2276652455329895,0.0,smg,0.3909282037307853,False,31182
257.15260770737564,36.40377165819116,13.614809761850433,9850.397826588223,1.0838673730574466,2.821671804928733,1.0838673730574466,6,9.361720062794513,24.4576277710594,5,494.65793406388616,85.01291972257397,304.750711045232,218763,7,2,1,False,True,furia-vs-betboom-m2-cache,pro,de_cache,218770,0f3b1e9da0,ak47,True,False,False,False,False,False,0.0,0.0,0.9128588438034058,rifle,0.39090400397227976,False,218571
42.8163057181138,17.400687563263453,11.749975941524063,1915.6203807726204,0.6300087378415262,0.8526693020054094,0.227323004082706,19,10.388968990078878,14.184773209609247,8,944.683632201501,61.00441579241842,123.62015594989828,112909,7,2,1,False,True,luminosity-vs-nemiga-m2-dust2,pro,de_dust2,112916,798c33b296,m4a1_silencer,False,False,False,False,False,False,0.0,0.0,0.1589400172233581,rifle,0.3908966810088857,False,112717
43.82169062800013,15.80838996980566,23.328238637645946,1259.38398944881,0.603438834980218,1.2505867532428645,0.603438834980218,28,7.8392101481036995,16.159117151877208,5,744.1062707822148,226.5591169111111,517.0936103483518,158716,0,1,1,True,True,luminosity-vs-nemiga-m1-cache,pro,de_cache,158716,d61b8b9081,ak47,True,False,False,False,False,False,0.0,0.0,0.0,rifle,0.3908682946819699,False,158524
107.68154782734447,19.326785810765312,11.00332431984665,4263.797198735272,1.8547965504925763,1.4500373851055075,0.4387550090529253,14,14.033510215308564,10.95939326103688,13,432.88106572514187,95.03310989755124,416.2505507467727,11046,0,1,1,True,True,match730_003845721267390906757_0873910189_273,own,de_anubis,11046,2a309cc914,deagle,False,False,False,False,False,False,47.0,0.0,0.0,pistol,0.39083899733275446,False,10854
410.076171875,67.91879860876479,39.40562559147731,9134.66676039353,1.2839330437981078,2.590572429274298,1.079749937528716,6,12.255784934226964,25.03399423064136,4,539.8653232027431,95.69465600047818,707.0978229393875,63368,21,2,2,True,True,astralis-vs-fnatic-m1-dust2,pro,de_dust2,63389,ca06492643,deagle,True,False,False,False,False,False,0.0,0.0,0.0,pistol,0.39083154084057603,False,63176
149.54927572663576,19.918339118282724,18.96610801009829,3135.942067132254,1.1313293271997904,1.1974935141242196,1.0298723284076414,15,9.60649565215853,10.168253456021455,13,480.189667224912,93.67736565872193,186.234801495614,126380,20,4,2,True,True,furia-vs-betboom-m1-mirage,pro,de_mirage,126400,52f704f8ce,ak47,False,False,False,False,False,False,0.0,0.0,0.0659936442971229,rifle,0.3908106167814433,False,126188
90.5271822746672,60.55364199710316,64.8078052805413,2307.051974348289,0.991427647230204,2.7133743818656044,0.7677332129167741,5,9.834612791022431,26.93916537704921,4,568.2339627883339,67.47270542770181,648.0347067481792,77175,30,4,1,False,True,match730_003833682433258029322_1216037504_161,own,de_dust2,77205,aa97ccafe5,glock,False,False,False,False,False,False,9.0,0.0,0.8175598978996277,pistol,0.3907468996332684,False,76983
45.68638891285864,10.558498841972163,6.109245541102617,1132.1188844077365,1.7153005295399266,2.062542701200936,0.318349396641827,11,17.483680697314476,21.53972221956381,5,566.5963367968741,107.21991467677584,297.4622241523801,107519,0,1,1,True,True,aurora-vs-9z-m2-mirage-p1,pro,de_mirage,107519,7a9df6b20d,usp_silencer,True,False,False,False,False,False,0.0,0.0,0.0,pistol,0.39071320985112323,False,107327
114.09549040082103,19.57923421054004,12.2436107409018,4039.2177254238736,1.2799204096570154,0.8958612567189018,0.2386568186467947,15,11.735625662520526,8.226672175945392,13,525.1082289324659,60.72781569572905,607.0906099809301,75124,19,4,1,False,True,match730_003846114907586035842_2006638891_196,own,de_mirage,75143,b372556378,ak47,True,False,False,False,False,False,10.0,0.0,1.0,rifle,0.39070055005803833,False,74932
141.18478207211717,32.81923195447542,29.297587862865267,6097.1380375312165,1.6667058418702565,1.3067096357711818,0.2061233970299396,18,15.942901725645072,12.594910965497975,11,537.0002548935059,161.19965769028153,1022.7111445248888,51037,0,1,1,True,True,match730_003846224175849013887_1403891103_383,own,de_anubis,51037,cd1c592f75,deagle,True,False,False,False,False,False,15.0,0.0,0.0,pistol,0.39069845925295116,False,50845
72.2236328125,13.958723808234318,4.570827821438456,1880.0928101388365,0.4170413988497082,1.1204382464592608,0.4170413988497082,9,6.729637977257478,18.356493775129465,7,924.455202892022,105.52166507359432,251.4240221267762,72282,0,1,1,True,True,furia-vs-betboom-m2-cache,pro,de_cache,72282,52f704f8ce,ak47,True,False,False,False,False,False,0.0,0.0,0.1648671627044677,rifle,0.39063606043367616,False,72090
77.68091957414252,24.546148238466238,18.00871531872052,2564.3827257673547,0.7806302404225639,1.5195291404652251,0.1755115610925812,16,9.781481332920492,19.04502995996639,5,707.6838531520854,109.66647055234196,294.0161564137215,35323,0,1,1,True,True,furia-vs-betboom-m1-mirage,pro,de_mirage,35323,867e1a2fd2,awp,False,False,False,False,False,False,0.0,0.0,0.0,sniper,0.3906309849137621,False,35131
210.95309500005,46.99615866425634,34.7292799774768,5485.668551335957,2.245952334925322,5.900409178629784,0.2995407026930119,2,21.75904779755898,56.283551954225416,0,554.6561674728179,135.7629895947121,713.8407627485858,60115,7,2,1,False,True,match730_003846055312767320440_2034169741_274,own,de_nuke,60122,9f3aebc0e3,m4a1_silencer,False,False,False,False,False,False,13.0,0.0,0.0,rifle,0.3905621306136616,False,59923
81.10107421875,11.50648739400636,9.562330088991562,3605.625,0.7319070790018841,1.1682228158251395,0.7319070790018841,31,11.995175674970572,19.14088322795849,6,938.8723528106382,79.11960388389487,410.9306861332563,48188,21,4,4,True,True,match730_003846114907586035842_2006638891_196,own,de_mirage,48209,e767760b4c,famas,False,False,False,False,False,False,29.0,0.1516685485839843,0.0,rifle,0.39056143639958824,False,47996
167.5635787547815,28.54357338334101,25.049058518724888,10724.069040306016,3.5888836162716924,3.6725294295451256,2.1919080671732862,0,23.55024851625228,24.41918863790588,0,374.5989803580432,90.72146618898546,548.4111978331574,47663,7,2,1,False,True,aurora-vs-9z-m2-mirage-p1,pro,de_mirage,47670,7a9df6b20d,ak47,True,False,False,False,False,False,0.0,0.0,0.0,rifle,0.3904453109145866,False,47471
65.55747422009829,19.842012690686023,6.290226235680152,1939.8574516590124,0.350117380941809,1.153603236336076,0.2410616703952774,24,3.9985062042951744,13.172966222012088,6,653.5883375796029,124.97762635353334,723.9840407093571,35221,17,4,2,False,True,match730_003833682433258029322_1216037504_161,own,de_dust2,35238,296e119cfc,m4a1,False,False,False,False,False,False,98.0,0.0,1.0,rifle,0.3904099042912225,False,35029
112.97143453571408,50.80410127398523,28.78288259575844,2168.848381199995,2.920016985705357,2.1897983220858555,0.8769730298746163,14,24.166786293901293,18.29892191444252,0,469.592854918604,155.6694297795184,619.375623299134,99758,68,15,7,True,True,match730_003833678395988770820_2132169428_161,own,de_dust2,99826,7090249fd0,mac10,False,False,False,False,False,False,38.0,0.0,0.0,smg,0.39037247649356294,False,99566
45.52400790856024,15.59383815559704,32.64115923647457,1227.7606022539107,0.6914736553897732,1.7254661646017602,0.347564726956148,8,6.942504189866694,17.332078815581337,6,570.0268196622822,26.8765772718032,105.83593369917097,47768,0,1,1,True,True,match730_003845721267390906757_0873910189_273,own,de_anubis,47768,88df3b8433,ak47,True,False,False,False,False,False,49.0,0.0,1.0,rifle,0.39036956886940716,False,47576
48.16281950523123,15.33616729278338,19.220191310225736,1612.0281809538762,1.466832754830008,1.2057616915436766,0.8852703022289093,20,19.31931118556389,16.07146206589041,9,754.1727116157216,188.85378390798937,1121.510710780592,28743,13,3,3,True,True,aurora-vs-9z-m1-dust2,pro,de_dust2,28756,9885584175,ak47,False,False,False,False,False,False,0.0,0.0,0.0,rifle,0.3903678398366448,False,28551
57.14509179939936,19.313281461858917,35.52069466229978,2434.3125,0.3602628997974468,1.1641157333967456,0.3311204607419536,19,5.7483150214864,18.56410425516146,4,914.1116688246414,144.70426999661356,618.455922032742,118136,25,5,4,False,True,luminosity-vs-nemiga-m2-dust2,pro,de_dust2,118161,3b306c71b2,ak47,False,False,False,False,False,False,0.0,0.0,0.0,rifle,0.3903492331536135,False,117944
47.65676503387806,14.140213577582658,7.123913220738068,2076.907962168196,1.0461948023981538,0.9764676284350544,0.48277241795416,26,17.6286544414242,16.201883457200253,8,963.6739427139856,232.29559155235796,1008.9516799276264,29562,43,5,5,True,True,luminosity-vs-nemiga-m2-dust2,pro,de_dust2,29605,3b306c71b2,m4a1_silencer,False,False,False,False,False,False,0.0,0.0,0.0,rifle,0.3903058128631581,False,29370
87.3760571722819,21.781525543890023,67.42346964468818,1523.593458504119,2.2150815615808046,5.16668119791668,2.2150815615808046,1,12.829161659056371,29.88778643522328,1,331.0038652470608,5.336028003846209,5.534933933754987,75374,13,3,2,False,True,aurora-vs-9z-m1-dust2,pro,de_dust2,75387,7a9df6b20d,ak47,True,False,False,False,False,False,0.0,0.963909387588501,1.0,rifle,0.3902875140346104,False,75182
101.53295081707977,26.720070846230005,14.450100899013211,6498.108852293104,0.315540763535179,2.378906395096064,0.2527641627817276,6,4.531314189399328,34.569337700433586,4,822.6865288886225,96.84892286925772,396.167012187245,65285,5,2,2,True,True,match730_003846055312767320440_2034169741_274,own,de_nuke,65290,9f3aebc0e3,m4a1,False,False,False,False,False,False,13.0,0.0,0.3556481897830963,rifle,0.3901280072537444,False,65093
158.92192661973542,28.9004693125568,11.528709226957906,5115.736029531493,1.331186362850756,2.117662954992446,0.494558593990862,10,12.022647622739797,19.721674178043635,6,506.14762423813926,237.2388257715622,424.9632724298298,7768,4,2,2,True,True,furia-vs-betboom-m1-mirage,pro,de_mirage,7772,e1ccb1699e,mp9,False,False,False,False,False,False,0.0,0.0,0.0,smg,0.3900510786356155,False,7576
69.36127996267135,22.28421719094839,5.771476813166562,2591.422291005968,0.6882715115884249,0.9087603060913254,0.4322649814319599,16,13.45771650985747,17.784182999035828,5,1120.174539569416,165.02415606283668,665.4019161536081,77273,38,7,3,True,True,match730_003845848209444307084_2046226831_274,own,de_dust2,77311,d9f31878b9,m4a1_silencer,True,False,False,False,False,False,57.0,1.0,0.5252439379692078,rifle,0.38996783371358434,False,77081
154.9684496117227,17.7405673287616,26.441667390787725,6156.350644305059,1.8741709230268329,4.778828990499608,1.2398064847784278,4,17.26163128250638,44.366263109302096,4,508.3842212489316,179.2394023374123,255.1785735225792,10913,48,11,8,True,True,aurora-vs-9z-m2-mirage-p1,pro,de_mirage,10961,6e8537eb46,mac10,False,False,False,False,False,False,0.0,0.0,0.0,smg,0.389953473953976,False,10721
70.33849457098128,11.940521986892929,6.117145501173671,1931.00357973093,2.868124701149275,2.8652205088409457,1.956955282824841,7,31.893022578813014,31.917419011319957,0,634.0113770793081,186.80652566192973,524.9056940543949,27092,35,7,5,False,True,luminosity-vs-nemiga-m1-cache,pro,de_cache,27127,3b306c71b2,galilar,False,False,False,False,False,False,0.0,0.0,0.0,rifle,0.3899335316884767,False,26900
45.29314486990405,22.793319881070477,27.075473802763213,1301.7527234265358,0.8846087051667015,1.7977053067184348,0.3105713329250839,10,8.893029836189893,18.485032110866136,7,575.8664262256875,228.0282670347464,802.615316873214,70459,26,5,4,True,True,match730_003846114907586035842_2006638891_196,own,de_mirage,70485,1c49a0cc75,ak47,True,False,False,False,False,False,20.0,0.0,0.0,rifle,0.38977387770361,False,70267
155.48271133380766,19.199722680047472,94.09400914162164,4400.037176381918,2.456446270062027,5.133898636412543,0.2099114109108145,1,16.2330058978263,32.8513904236593,1,378.1006411242806,214.2341011375105,809.9542386712909,72918,12,3,1,False,True,furia-vs-betboom-m2-cache,pro,de_cache,72930,4acdd8fa23,m4a1,True,False,False,False,False,False,0.0,0.4362296462059021,0.0,rifle,0.3896821015511934,False,72726
33.22695221572606,15.30271214620457,7.494196201296243,1330.5249418064675,1.2499854907577406,1.3671881252298008,1.134009985726403,12,16.464978559112577,18.106454942052068,8,754.587621973797,107.0410914904458,378.38590546075005,21681,17,4,4,True,True,match730_003846114907586035842_2006638891_196,own,de_mirage,21698,8a33bc3a37,m4a1,True,False,False,False,False,False,32.0,0.0,0.0,rifle,0.3896209984428719,False,21489
212.98800117652667,27.637633166153364,6.811076804208333,6669.798753555158,2.2652306068578243,2.580450234326172,1.330545394952651,8,24.07371042696913,28.03307517814972,0,608.568634351375,112.34413147301169,704.5961223200236,69029,35,7,2,False,True,match730_003846224175849013887_1403891103_383,own,de_anubis,69064,2f550dd2cf,m4a1,True,False,False,False,False,False,74.0,0.0,0.0,rifle,0.3895503296915387,False,68837
178.49235095403446,36.31531762447763,72.93479339391065,5276.2437632310575,1.240244840664658,3.05994414037912,0.8954877271434145,4,16.37102275453004,40.44251948353482,2,756.0114017186241,89.49107833000389,318.48339013153657,148860,12,3,2,True,True,furia-vs-betboom-m2-cache,pro,de_cache,148872,0f3b1e9da0,m4a1,False,False,False,False,False,False,0.0,0.8728330731391907,0.0,rifle,0.389500925460821,False,148668
199.50637893708443,28.983039872294498,5.432202139646157,4732.883040783769,2.232621894393744,2.0966333324097604,1.3868055032672144,19,25.61743329616486,24.212017665588625,0,656.9839235342861,209.87904146156967,759.8488596170023,54162,32,6,2,False,True,luminosity-vs-nemiga-m2-dust2,pro,de_dust2,54194,590a913841,m4a1_silencer,False,False,False,False,False,False,0.0,0.099126435816288,0.0,rifle,0.38941595030326775,False,53970
113.1288353875734,17.893869618981583,37.13460124163552,2968.473978631284,1.661574459824165,2.002204571138026,1.661574459824165,16,13.379394258070606,16.439534490249255,11,460.8296449129685,221.05973833762172,1011.9539595734152,57122,13,3,2,True,True,aurora-vs-9z-m1-dust2,pro,de_dust2,57135,6c2b13b080,ak47,True,False,False,False,False,False,0.0,0.0,0.0,rifle,0.3893868342193728,False,56930
242.88671875,48.81787916510156,39.70402063802742,9359.643282674091,1.6852548574425976,3.0029332671495133,1.6852548574425976,3,18.17337607576664,32.441701973691565,1,616.6816375874841,98.31813801784422,236.13129933416408,144152,6,2,1,False,True,furia-vs-betboom-m2-cache,pro,de_cache,144158,a7745f74db,ak47,True,False,False,False,False,False,0.0,0.0,0.0,rifle,0.3893391669011708,False,143960
177.99837210264425,23.703402328387973,17.530679939775528,3404.5801557589,3.4404199635585537,3.997510685461495,1.6227112292904515,0,35.192096205661166,41.55470058712258,0,578.8286743863944,149.21962887769607,821.1847641570188,63288,0,1,1,True,True,astralis-vs-fnatic-m1-dust2,pro,de_dust2,63288,ca06492643,deagle,True,False,False,False,False,False,0.0,1.0,0.0,pistol,0.3892181952083664,False,63096
88.9228515625,50.89859913007023,31.27755385661909,2300.625,3.027480198332191,2.3933430921666474,0.1503525144548028,0,26.083455315506164,20.75682450073152,0,493.015355510071,65.07769812397498,221.10460150329763,53238,0,1,1,True,True,match730_003845735833772490759_0956054515_272,own,de_inferno,53238,c0d4e00ddc,ak47,False,False,False,False,False,False,4.0,1.0,0.7873563766479492,rifle,0.3891610572175976,False,53046
191.2108477465036,22.590323020193367,29.09885508420173,6461.0837134355625,0.9975300389128332,1.6099967737131138,0.903249695496211,9,7.316976703554557,11.546494215211752,9,408.35093565936666,143.2660838700637,615.0722194435034,3487,10,2,2,True,True,furia-vs-betboom-m1-mirage,pro,de_mirage,3497,372a892754,elite,True,False,False,False,False,False,0.0,0.0,0.0,pistol,0.3890817238381695,False,3295
128.76519072831704,49.539995741601736,46.52941467882397,2745.0340179619643,3.2321262643918844,4.215608643302683,3.0575389938303728,0,14.702616427486422,19.42079976447048,6,260.0464920572199,159.3180489393556,448.14105049050056,8147,0,1,1,True,True,match730_003846114907586035842_2006638891_196,own,de_mirage,8147,b372556378,glock,True,False,False,False,False,False,10.0,0.0,0.7192002534866333,pistol,0.3890658472323444,False,7955
69.8008221564199,15.830929718289456,49.39217456556389,1549.1380398855165,1.1658039884809908,1.8720907664515725,0.1457451188284753,22,16.021440043108402,25.8236256219261,1,785.7909270464024,234.33490251192964,1107.340618337278,100409,26,5,4,False,True,astralis-vs-fnatic-m2-ancient,pro,de_ancient,100435,f100e9403c,m4a1_silencer,False,False,False,False,False,False,0.0,0.0,0.0,rifle,0.3889629545734263,False,100217
118.3667087410548,16.110527987247526,11.4017914156479,3075.646278629908,1.5177793235049404,1.0113771903115998,0.8322770775102383,25,25.11017509742129,16.63933373153704,0,947.6060272485424,212.38714921025135,1019.7388312692512,46665,41,8,5,True,True,furia-vs-betboom-m1-mirage,pro,de_mirage,46706,372a892754,m4a1,False,False,False,False,False,False,0.0,0.9735885858535768,0.0,rifle,0.3889615301103166,False,46473
236.3635767915457,35.65518346368434,27.21782270576344,10940.587772860892,1.661239030928035,3.1442503341125043,1.26763911104321,5,20.202565053230032,38.61300409625738,0,696.4921398590316,51.618851672204,925.1560247608674,116931,32,6,3,False,True,match730_003846095210866016783_0292086677_161,own,de_ancient,116963,26d15ffc47,ak47,False,False,False,False,False,False,38.0,0.0,0.0,rifle,0.38887508075244037,False,116739
108.4495613579961,20.93917052720369,14.656555301953029,4310.231106976109,1.1270246080769728,1.4961005498750963,1.1270246080769728,34,15.488844884948366,20.65366076556139,5,787.2725645294261,90.59604622802918,44.223821186162745,82657,29,3,2,True,True,luminosity-vs-nemiga-m1-cache,pro,de_cache,82686,f730a5e684,galilar,False,False,False,False,False,False,0.0,0.0,0.0,rifle,0.38885708427715665,False,82465
206.62621548463028,24.87395409581348,13.705226935420358,7611.304697024108,1.117565776699596,1.6495825947285505,1.117565776699596,9,17.249531848595424,25.4503215858095,4,880.7083621665358,88.54947723069836,467.0099481595698,130777,6,2,1,False,True,furia-vs-betboom-m2-cache,pro,de_cache,130783,c1aa9f613a,galilar,True,False,False,False,False,False,0.0,0.0707038938999176,0.0,rifle,0.38876251803346973,False,130585
210.89555000296943,42.021741216343855,39.78769579046459,9789.998345939184,2.581191184846724,6.524206463841539,0.2522787378314972,1,18.229935165543232,46.717302955225925,1,398.8282028789425,0.0,158.60004537678032,26201,26,5,4,False,True,aurora-vs-9z-m2-mirage-p2,pro,de_mirage,26227,6e8537eb46,ak47,False,False,False,False,False,False,0.0,0.0,0.0,rifle,0.38867856322726413,False,26009
81.70048190386811,18.81050117349981,66.2790110468229,2613.961859560339,4.093311697302797,4.649354262978862,2.7872382505101183,0,19.01993563463921,21.7856584401809,1,265.4684173058263,165.36122284889495,464.1936360692435,10117,6,2,1,False,True,luminosity-vs-nemiga-m1-cache,pro,de_cache,10123,d61b8b9081,ak47,True,False,False,False,False,False,0.0,0.0,0.0,rifle,0.3886397044906195,False,9925
134.7316280183613,17.447073065203522,4.9078659120336585,4442.559546941943,0.9117987434327312,1.079248818809996,0.3761606202977475,28,15.722009240467647,18.561525004652523,2,987.7162836448928,58.074739848433765,95.51957777087156,212539,58,10,4,False,True,furia-vs-betboom-m2-cache,pro,de_cache,212597,6c3df85cda,ak47,False,False,False,False,False,False,0.0,0.0,1.0,rifle,0.38859844123827864,False,212347
85.1220703125,20.241566168453808,3.492421367618048,2460.9375,0.8594241722670204,1.1666537496354543,0.8594241722670204,24,11.69371805023384,16.05799267188136,9,779.4267921165803,123.31300806968734,519.5013206586257,115235,45,8,5,True,True,match730_003829380948349157814_1390656678_161,own,de_dust2,115280,f3383df9e7,ak47,False,False,False,False,False,False,40.0,0.0,0.0,rifle,0.38856859122917153,False,115043
157.4200590800389,38.53193866177123,40.983961625836365,4118.0435200667625,1.223083095011087,2.1867166319845817,1.223083095011087,21,17.91332149552452,32.40888021283492,1,800.0924167575853,140.89937636260305,485.0792009434937,165681,19,4,1,False,True,luminosity-vs-nemiga-m2-dust2,pro,de_dust2,165700,798c33b296,ak47,True,False,False,False,False,False,0.0,0.0,0.0,rifle,0.38855410227090986,False,165489
33.51721001280598,15.342369290487294,5.627870311713783,1418.1432002751876,1.8467767365152457,2.2941412139954984,1.8345836155332185,8,24.22223428565654,30.09481242993067,0,751.217578404978,60.7528719927367,477.1719495044701,60448,32,6,1,False,True,match730_003833682433258029322_1216037504_161,own,de_dust2,60480,1823ad92a3,ak47,False,False,False,False,False,False,20.0,0.0,1.0,rifle,0.3885373265554223,False,60256
94.43621048214165,36.78018810628805,48.57208763974928,2419.217798148009,4.098887234034327,3.830816784180312,1.2609319513192163,0,28.059572030323764,26.27570894344227,0,391.39550360669983,94.63954498586986,390.5725883301798,82620,6,2,1,False,True,match730_003833682433258029322_1216037504_161,own,de_dust2,82626,aa97ccafe5,ak47,False,False,False,False,False,False,9.0,0.0,0.0,rifle,0.388531319739814,False,82428
91.49495014472204,21.395089738006504,34.35261552385113,2037.6477673286768,1.1827682861290174,2.077360841524229,0.6754536715463381,7,7.326261436723525,13.328069456291084,7,349.2536525522788,64.81427612824261,323.3701848260139,71633,6,2,2,True,True,match730_003846114907586035842_2006638891_196,own,de_mirage,71639,1c49a0cc75,ak47,False,False,False,False,False,False,20.0,0.1943542659282684,0.0,rifle,0.38849122923278256,False,71441
53.037437469136286,11.372339803102664,4.451103169030911,1713.2559519097003,0.8230414462818547,1.3244555242451823,0.620002396972706,14,10.010441913939792,16.184032100902073,6,696.6871240057899,116.69552084104564,816.3301283627259,3297,0,1,1,True,True,match730_003845735833772490759_0956054515_272,own,de_inferno,3297,db46f148b7,usp_silencer,False,False,False,False,False,False,43.0,0.0,0.0,pistol,0.38844688022172735,False,3105
194.57969409662545,27.91643926837278,24.504513524103725,7423.5435536842415,0.960471577110648,1.5883057725134833,0.6523740065794317,9,9.67208893313733,16.05454649041339,8,574.5016038634573,39.55515980403344,87.46439940751273,22791,5,2,2,True,True,match730_003846224175849013887_1403891103_383,own,de_anubis,22796,0c250789aa,galilar,False,False,False,False,False,False,61.0,0.0,0.0,rifle,0.38832121987708557,False,22599
221.2243215562796,36.52139795942981,45.2829093984266,4863.774539793943,4.164326983877039,4.190311506792805,2.2180373117382124,0,36.66246640831969,37.91797094168199,0,503.3770988686941,82.22504688864564,515.1589970830186,11983,23,5,3,True,True,furia-vs-betboom-m2-cache,pro,de_cache,12006,6c3df85cda,galilar,False,False,False,False,False,False,0.0,0.0,0.0,rifle,0.38823317628117227,False,11791
160.1336812004486,33.040550150628945,46.07726760684667,7063.447898369952,1.3557769836538516,4.164711666882999,1.3557769836538516,3,15.493786064484976,47.64653017327701,2,653.8534037734701,66.3343048252112,446.1745705030388,122528,25,5,4,False,True,match730_003846095210866016783_0292086677_161,own,de_ancient,122553,b639457643,ak47,False,False,False,False,False,False,42.0,0.0,0.0,rifle,0.38808391794893665,False,122336
76.17773795545367,37.8173468709612,62.58264781419774,1973.194100440644,1.7806006634170732,4.166868930410692,1.7806006634170732,2,12.694123687758948,30.298082784734827,2,405.2714959180456,87.04213002118433,314.8560834142629,44016,18,4,2,False,True,aurora-vs-9z-m1-dust2,pro,de_dust2,44034,9885584175,m4a1,True,False,False,False,False,False,0.0,0.1181058958172798,0.0,rifle,0.38808209340766736,False,43824
107.7013185505392,54.1996704730328,38.8634263302061,3269.363295309554,1.0264306678182904,4.661686272021574,0.5649991302958827,3,9.498998516378409,44.48982754194664,2,530.0267201577085,74.42270670760531,573.7751457281694,16825,0,1,1,True,True,match730_003831793800846508273_1359762374_161,own,de_mirage,16825,8a33bc3a37,usp_silencer,False,False,False,False,False,False,7.0,0.0,0.0,pistol,0.38797182608573727,False,16633
44.75610190618609,14.265047558041571,6.7086935650958,1245.6340913782892,1.1458763982935287,1.40062105349159,0.6382789295404805,25,12.319549111510431,15.378542128307457,5,615.687219274218,223.274259615182,368.491721839342,42003,32,6,2,False,True,luminosity-vs-nemiga-m1-cache,pro,de_cache,42035,f730a5e684,ak47,True,False,False,False,False,False,0.0,0.0,0.0,rifle,0.387963982108838,False,41811
40.01171875,8.397389760152624,24.100254298774075,1064.2064397936338,1.938656455384036,1.7798347768236962,0.1566199691152447,12,23.319034204177303,21.791647692653545,0,688.4699230507566,112.7703583062566,386.4300608430988,20553,7,2,1,False,True,match730_003846087479924883540_0606572273_161,own,de_mirage,20560,8a33bc3a37,ak47,False,False,False,False,False,False,139.0,0.0,0.0,rifle,0.3879116672319047,False,20361
284.2178571421737,57.89714041679501,16.0534722147936,8060.302647481778,2.6034313841820618,2.8673177568241544,0.1859927120407686,6,31.88876675654032,35.17136309875805,0,700.7893895251713,27.579277262514587,223.84031572471568,89793,43,10,3,False,True,match730_003833678395988770820_2132169428_161,own,de_dust2,89836,a8942b953a,mac10,True,False,False,False,False,False,47.0,0.0,0.2174043655395507,smg,0.387837908194466,False,89601
250.89613947735768,47.20532874383965,48.59195144754377,7549.828149519321,3.037360063287607,5.085304708641399,3.037360063287607,0,18.19462843268088,32.53983404881131,2,338.7788008253919,50.26851896772517,694.9100864912374,68168,12,3,1,False,True,match730_003846224175849013887_1403891103_383,own,de_anubis,68180,2f550dd2cf,m4a1,False,False,False,False,False,False,73.0,0.0,0.0,rifle,0.38783071452464707,False,67976
56.60389828281942,14.46514384666714,5.834208812295738,1672.8347344845065,1.177467902004704,1.2087331049696144,0.3249198853966066,24,13.057242355102774,13.803312804259736,9,633.9270783487297,236.17049592205927,961.7665966893368,75708,13,3,1,False,True,match730_003845735833772490759_0956054515_272,own,de_inferno,75721,11a0f5ab5d,ak47,True,False,False,False,False,False,54.0,0.0,0.0,rifle,0.3877200155978776,False,75516
66.21990962901123,8.900286816980131,48.54442000551296,1984.25,1.6380969808598458,3.5529758560274347,0.8521205266548976,3,14.05132070350504,31.120708991914363,2,490.8167534094845,199.63829448151236,596.984913332654,126365,26,5,3,True,True,match730_003846095210866016783_0292086677_161,own,de_ancient,126391,b639457643,ak47,False,False,False,False,False,False,42.0,0.0,0.0,rifle,0.38769654492474587,False,126173
138.70279765759227,36.04812879174942,62.2391764779127,2465.5496257069435,1.7953064063689277,2.6604313444041034,1.7192893709024155,7,14.80449955578364,21.374834102231336,4,472.14574491784913,207.08092023906283,359.2398818319545,48524,0,1,1,True,True,furia-vs-betboom-m2-cache,pro,de_cache,48524,372a892754,ak47,True,False,False,False,False,False,0.0,0.0,0.3058023154735565,rifle,0.38766494957214015,False,48332
229.68641395363989,40.97073454228846,47.36116739910184,7401.034758337155,4.331359789263914,3.135527009245315,2.323954771656604,0,22.71141423733341,16.352816295538503,0,299.73281067545537,132.41846396017348,867.4628400428765,82607,24,3,2,False,True,match730_003846095210866016783_0292086677_161,own,de_ancient,82631,26d15ffc47,glock,True,False,False,False,False,False,38.0,0.0,0.0,pistol,0.38766216997098984,False,82415
144.48208423282406,23.23751968921194,33.82597025939483,3708.610556925536,1.1094635399654278,2.4970390171436034,1.1094635399654278,4,18.97845745019525,42.97431999066183,1,965.4359110812026,45.78212052430527,959.106045067456,133642,26,5,3,False,True,luminosity-vs-nemiga-m1-cache,pro,de_cache,133668,3b306c71b2,m4a1_silencer,False,False,False,False,False,False,0.0,0.0,0.0,rifle,0.38748029822981367,False,133450
61.48140727033992,12.183831155712475,40.28319762062382,1747.3455611254583,2.2989151845015785,2.4343386361792048,1.9791499907921408,15,19.78167058781261,20.87508054371295,1,492.6094198433058,192.1283017884945,443.119071111121,158671,19,4,3,False,True,luminosity-vs-nemiga-m2-dust2,pro,de_dust2,158690,798c33b296,m4a1_silencer,True,False,False,False,False,False,0.0,0.5024706125259399,0.0,rifle,0.3874150033231887,False,158479
86.61502088312749,13.484424012924334,37.9152694647766,2785.938507109289,2.2033020484164227,3.824918048896037,1.7108973114674906,5,10.566011226489122,19.8134665357358,6,274.3446593192952,127.48608859771518,602.3982362615166,56735,0,1,1,True,True,astralis-vs-fnatic-m1-dust2,pro,de_dust2,56735,f100e9403c,m4a1_silencer,False,False,False,False,False,False,0.0,0.0,0.0,rifle,0.38741258465552453,False,56543
107.59561534087844,9.992989633061022,66.03509986056257,3990.493960248152,0.77565053346082,2.465231245717205,0.77565053346082,3,10.45247439776811,33.445923956417296,2,771.9887646210553,221.47145837184,356.98339520706395,22151,0,1,1,True,True,astralis-vs-fnatic-m2-ancient,pro,de_ancient,22151,dd32420517,ak47,True,False,False,False,False,False,0.0,0.0,0.0,rifle,0.3874017941863928,False,21959
204.1474609375,44.76988293989698,60.00315855068663,6307.0,1.5085401083392878,3.4943232482575537,0.361864126953868,5,18.195886828861934,42.29744267002974,4,684.3473462725875,200.27622083904325,1094.710753029272,4354,28,4,1,False,True,match730_003845721267390906757_0873910189_273,own,de_anubis,4382,6b4b6c808f,tec9,False,False,False,False,False,False,30.0,0.0,0.0,pistol,0.38739214655135945,False,4162
87.64620083954834,19.206528050969226,11.018367670111624,2431.59743753443,0.3298202703118417,0.8545428520394329,0.2614741860621888,10,5.339346255407265,14.059056124188908,7,925.155625273648,60.12729669804404,276.34403319261173,7907,46,7,3,False,True,match730_003833682433258029322_1216037504_161,own,de_dust2,7953,296e119cfc,m4a1_silencer,False,False,False,False,False,False,98.0,0.0,0.0,rifle,0.3872679450360654,False,7715
40.8501529709416,17.900117452674476,6.997223186084542,1083.0110907256276,2.2619900474622896,2.527331413439561,1.6988700131170342,17,23.10260733846188,26.24581747215121,0,584.2995812045589,198.28615187173108,300.12529330823304,113215,25,5,4,False,True,match730_003846055312767320440_2034169741_274,own,de_nuke,113240,1c9bd3c08e,ak47,False,False,False,False,False,False,33.0,1.0,0.0,rifle,0.38723786923902453,False,113023
61.85720318023902,7.925028458666045,13.906545304184627,2170.3842402497075,2.025027307636654,2.0487380473313945,0.508348645090481,23,24.718354921605428,25.05197417742465,0,698.3054752392783,152.7207922885943,257.716853838913,119816,19,4,3,True,True,match730_003846095210866016783_0292086677_161,own,de_ancient,119835,b639457643,ak47,True,False,False,False,False,False,42.0,0.0,0.0035169124603271,rifle,0.3871004337324403,False,119624
220.2632874173137,36.320259682009805,34.94651981830287,7987.395335511552,1.3581587067189782,6.813480313773179,1.3581587067189782,3,7.786868230745709,39.965717726848,3,327.0010343803314,63.356502763159696,753.0167401508949,20396,20,4,1,False,True,match730_003846095210866016783_0292086677_161,own,de_ancient,20416,26eeb217ae,ak47,True,False,False,False,False,False,41.0,0.0,0.0,rifle,0.38708664456031605,False,20204
116.13029103292492,20.610906480678725,13.665596142183064,3225.9093013152897,0.7099756941564331,0.9624644012589848,0.5514188702986952,30,12.257647332791292,16.72364465403215,4,988.8956899618656,2.0915315298507218,117.59704166271396,26790,58,10,3,False,True,match730_003845848209444307084_2046226831_274,own,de_dust2,26848,d9f31878b9,ak47,False,False,False,False,False,False,57.0,0.5311908721923828,1.0,rifle,0.3870574532685162,False,26598
79.42719102262274,18.062414013290525,18.7107853213744,3534.265369233266,4.240548714937745,4.112294464252774,0.2706342695711119,0,36.81805538125728,35.722236931607085,0,486.54527625817445,82.33950713792802,420.80541020225024,3627,0,1,1,True,True,furia-vs-betboom-m1-mirage,pro,de_mirage,3627,372a892754,elite,True,False,False,False,False,False,0.0,0.0,0.0,pistol,0.3870414596395429,False,3435
228.120576850129,59.57665726998614,57.05185089989232,3549.3496444699413,2.681270126339918,5.036756434834322,1.9008793751055424,4,20.538602101794588,37.91306571607474,0,438.4572945235281,134.96112007856289,342.2676024312972,97612,84,5,3,False,True,match730_003845735833772490759_0956054515_272,own,de_inferno,97696,11a0f5ab5d,deagle,True,False,False,False,False,False,54.0,0.0,0.0,pistol,0.38703816818569275,False,97420
119.3994140625,24.199813750678167,20.801927221497987,5478.75,1.691666139051219,2.3719631333798583,1.0015813084358347,18,22.816830688229377,32.68246777221491,0,761.0692864472034,52.466796324871645,89.27650530181374,8033,103,9,2,False,True,match730_003846114907586035842_2006638891_196,own,de_mirage,8136,e767760b4c,usp_silencer,True,False,False,False,False,False,29.0,0.0,0.771396815776825,pistol,0.38701534313273755,False,7841
118.07168897549462,43.51306635668026,65.98013784766668,3627.509938814272,2.8062665831881763,4.916716900091829,0.8548741441700278,1,26.23237512765067,45.753327214516695,0,522.5438587802219,90.06111499179649,249.5508897245147,19522,10,2,1,False,True,furia-vs-betboom-m1-mirage,pro,de_mirage,19532,867e1a2fd2,tec9,False,False,False,False,False,False,0.0,0.0,1.0,pistol,0.38699458873872167,False,19330
122.1861427026861,34.07469359576921,13.163406253741629,1851.6751506861456,1.5483575443117004,1.196083961845584,0.1844209950759734,9,17.09328033566891,13.340327139207716,8,630.0417385043127,114.09015453000714,430.4926660068493,10381,17,4,2,True,True,match730_003846095210866016783_0292086677_161,own,de_ancient,10398,bea1536d33,famas,True,False,False,False,False,False,37.0,0.0,0.1911897212266922,rifle,0.38692676889264305,False,10189
214.83262717345755,61.66877742532435,42.78354639100675,4960.388816168639,2.025890080929444,4.452830673382768,2.025890080929444,2,19.06215010612116,41.786983355000864,1,533.1827216885662,100.41792304553272,193.0395618417924,78934,71,12,3,False,True,match730_003845721267390906757_0873910189_273,own,de_anubis,79005,6b4b6c808f,ak47,False,False,False,False,False,False,30.0,0.0,0.0,rifle,0.3869209262570793,False,78742
220.50226411932937,21.29585582850629,20.53902966258519,6890.638308140069,0.9469981880285392,1.7842927171638163,0.8110117628459765,17,10.69634136500519,20.136734171849305,5,646.0494619192887,90.21390057102474,204.4050524184016,47112,0,1,1,True,True,aurora-vs-9z-m2-mirage-p1,pro,de_mirage,47112,b793b85286,ak47,False,False,False,False,False,False,0.0,0.0,0.0,rifle,0.3869139335180473,False,46920
69.00847034708693,30.14939947819313,34.53383212669869,2929.556035533717,3.2153353416662647,4.335162297907322,2.8163132177153267,0,32.84984357227314,44.14188457586519,0,584.3669012806043,89.61147156065587,158.0290785806829,217251,26,5,1,False,True,luminosity-vs-nemiga-m2-dust2,pro,de_dust2,217277,f730a5e684,m4a1_silencer,False,False,False,False,False,False,0.0,0.2996333837509155,0.0,rifle,0.38689514031047867,False,217059
66.19657917807498,20.265156649541897,7.507486979166667,1632.3124236595052,0.6535031065602637,1.2889749155789247,0.6535031065602637,12,9.639152077525068,19.39278285898808,6,840.9750555361896,218.41138123860185,417.3399917852777,5445,0,1,1,True,True,luminosity-vs-nemiga-m2-dust2,pro,de_dust2,5445,f730a5e684,usp_silencer,True,False,False,False,False,False,0.0,0.0,0.0,pistol,0.38689204558650564,False,5253
266.76235954731777,59.78542526142079,25.9424473546221,7385.103059404561,2.363542767138109,3.872996032137232,2.363542767138109,4,24.98324859399721,40.08240476903557,0,587.6136473724861,98.54843000173688,114.65471450187384,5294,12,2,1,False,True,match730_003845735833772490759_0956054515_272,own,de_inferno,5306,11a0f5ab5d,glock,True,False,False,False,False,False,54.0,0.0,0.0,pistol,0.3868447568290197,False,5102
280.5064176485723,44.46316189300804,27.61263020833333,6624.996970810079,1.9292972128289083,3.444937148842534,1.4701453610250514,4,12.609404739178512,22.651617853798843,4,374.11044284212375,146.21938696212902,347.34392866421047,217576,6,2,1,False,True,furia-vs-betboom-m2-cache,pro,de_cache,217582,6c3df85cda,ak47,True,False,False,False,False,False,0.0,0.0,0.0,rifle,0.386790315254991,False,217384
142.24418975548895,32.565851401871186,66.3916454591561,4904.492634894477,3.330376789545673,2.6485324586836585,1.652501040378336,0,30.359085558896485,24.02179802866148,0,521.5433388866458,196.50195813311728,337.8519259080268,35166,47,7,1,False,True,luminosity-vs-nemiga-m1-cache,pro,de_cache,35213,d61b8b9081,m4a1,True,False,False,False,False,False,0.0,0.0,0.0,rifle,0.38678559441435734,False,34974
51.083225708558224,11.920926394016682,10.316182726578022,1857.6390478577864,2.4410967799530896,1.661128536660457,1.168546640811667,15,26.802062937214185,18.41432459284527,0,628.4479757318086,223.7027332733438,441.29518649046383,120110,0,1,1,True,True,match730_003846114907586035842_2006638891_196,own,de_mirage,120110,8a33bc3a37,ak47,True,False,False,False,False,False,32.0,0.0,0.0,rifle,0.3867749015018945,False,119918
146.80293717954046,26.294219622107107,28.587116941223226,3656.843006568447,0.4321806993737486,1.810823612915885,0.4321806993737486,22,5.035048861992266,21.26190979023434,5,667.2954233336583,47.26055283652464,88.20929927935269,207757,20,4,4,True,True,luminosity-vs-nemiga-m2-dust2,pro,de_dust2,207777,3b306c71b2,m4a1_silencer,False,False,False,False,False,False,0.0,1.0,1.0,rifle,0.3867474233866279,False,207565
99.0628518901556,10.060254026005085,31.464047466616623,3935.668242679244,2.060635793273517,2.9850712980567047,1.3860561679663237,6,27.452615512505872,40.44108174743404,0,761.1220804265095,229.77402239642333,429.34943626334825,44663,32,6,2,False,True,aurora-vs-9z-m2-mirage-p1,pro,de_mirage,44695,c1c75a4da6,m4a1_silencer,False,False,False,False,False,False,0.0,0.0,0.0,rifle,0.3867311748356588,False,44471
98.17776227289625,13.746912908687207,7.332243984075023,2586.079135280498,3.382616275223835,2.73962582542867,2.25837518743837,0,24.53565272491347,20.585324316336305,0,415.00258467691,155.13717178239298,682.8350124943272,15565,40,8,5,False,True,luminosity-vs-nemiga-m2-dust2,pro,de_dust2,15605,d61b8b9081,famas,False,False,False,False,False,False,0.0,0.0,0.0,rifle,0.38667520880949685,False,15373
198.53821713738895,34.34549296108665,63.22751605202444,6075.558797568821,1.5072406169885129,3.3058319237180407,1.1944954338088778,4,19.49093721082862,43.3276775049677,2,731.522999109441,102.52264225965244,97.78978733893688,73492,0,1,1,True,True,match730_003846087479924883540_0606572273_161,own,de_mirage,73492,7a2108eafc,deagle,True,False,False,False,False,False,19.0,0.0,0.0,pistol,0.386491436766275,False,73300
164.2531641505859,27.670290292921127,16.802580571597698,4523.368267267162,2.266781991131638,2.801971997882557,1.808094763040203,6,33.663739866490786,41.39473005563822,0,835.5343793187703,185.58533738633508,519.5281930147595,64867,19,4,3,True,True,aurora-vs-9z-m2-mirage-p1,pro,de_mirage,64886,fe43c71f39,m4a1_silencer,True,False,False,False,False,False,0.0,0.0,1.0,rifle,0.38645979040916695,False,64675
116.0663985633456,28.40445081283396,59.45778237951338,3100.905910181345,3.6644569652828327,7.695396445921274,3.6644569652828327,0,17.63650703540725,40.61979312983043,2,273.77132154422867,214.07992320373603,1003.9129970998644,21509,11,3,2,True,True,match730_003833678395988770820_2132169428_161,own,de_dust2,21520,4ccc3c6dfc,m4a1,True,False,False,False,False,False,46.0,0.0,0.0,rifle,0.38639358178617067,False,21317
74.36776357756843,21.00786286939754,46.366033480188605,2744.5374368116263,1.255820099855265,3.665441068546811,1.1414033025249282,5,16.845180812760223,49.44993296254461,3,762.0335760782381,164.60172416907068,848.7051404389958,142408,0,1,1,True,True,match730_003846114907586035842_2006638891_196,own,de_mirage,142408,1c49a0cc75,ak47,True,False,False,False,False,False,20.0,1.0,1.0,rifle,0.3863384993045416,False,142216
226.5067323943072,29.686367193266484,23.771272734361844,7462.34768714955,2.395237165075077,5.456346362838273,2.395237165075077,3,14.604533206200308,35.05976142642962,4,340.72890054606745,113.96352596364434,479.30754830543054,20503,26,5,4,True,True,match730_003845848209444307084_2046226831_274,own,de_dust2,20529,3a84a7ef32,ak47,False,False,False,False,False,False,59.0,0.0,0.0,rifle,0.3862716937819779,False,20311
72.72089638224705,26.02097767408565,16.035724192163944,1941.839345411012,3.359580594840464,3.3312104023939417,0.2287209450071615,0,33.84114720911575,33.507263015947046,0,576.4167990062,123.13509536392776,585.5593744417051,84005,70,6,3,False,True,match730_003846095210866016783_0292086677_161,own,de_ancient,84075,26d15ffc47,glock,False,False,False,False,False,False,38.0,0.0,0.0,pistol,0.38624709149424835,False,83813
69.90893945819617,22.67502841023283,58.97861124344619,2216.2232311200623,1.3704715623758863,4.432401036057284,1.3704715623758863,3,7.970402274780597,26.62235235918202,3,332.9306867979309,114.8434959591532,418.7113274967937,107012,0,1,1,True,True,match730_003846055312767320440_2034169741_274,own,de_nuke,107012,1c9bd3c08e,m4a1,True,False,False,False,False,False,33.0,0.0129036428406834,0.0,rifle,0.38624688828305803,False,106820
106.16606427615152,28.93111125025145,45.23099450494123,2461.0042396058607,0.4107645494524811,3.137084649136306,0.4107645494524811,5,3.729730760983401,28.980472231350085,4,512.621983837577,40.56622628349334,715.5419886853183,14262,0,1,1,True,True,match730_003833682433258029322_1216037504_161,own,de_dust2,14262,916fd9f867,fiveseven,True,False,False,False,False,False,19.0,0.0,0.0,pistol,0.38623300621851986,False,14070
239.31790072149516,38.05292176557609,17.746744791666668,8634.581201844709,3.140940127737871,2.7059039969394307,1.505676932999738,0,25.81805338356698,21.952374522937987,0,458.9131162801624,113.03888323848736,933.029368522198,13251,6,2,1,False,True,aurora-vs-9z-m2-mirage-p2,pro,de_mirage,13257,7a9df6b20d,ak47,True,False,False,False,False,False,0.0,0.0,0.0,rifle,0.3862242555051717,False,13059
77.3149121046205,34.68884762785217,54.60193122256168,2051.6859186959646,2.644322501732966,4.149381572787383,0.8322605878358995,1,24.899646250953165,37.89686184821266,0,539.0235342640938,158.91036657769007,198.1404261189184,101769,26,5,3,False,True,match730_003846095210866016783_0292086677_161,own,de_ancient,101795,abfcba6be4,m4a1_silencer,False,False,False,False,False,False,18.0,0.0,0.0,rifle,0.3862200944046197,False,101577
55.56257263796749,7.997589082921173,31.09095392247344,1591.814906238886,0.802832523900077,2.085655774024635,0.7633414824949626,7,11.85745135900448,31.110148758719856,3,845.9579474152874,177.1054347213925,1041.766578875586,30709,20,4,2,True,True,aurora-vs-9z-m2-mirage-p2,pro,de_mirage,30729,b793b85286,ak47,True,False,False,False,False,False,0.0,0.0,0.0,rifle,0.3861026655561473,False,30517
202.62248028148065,37.5914026584602,31.970905086298032,7666.069710354788,2.918171227606064,6.971066166527332,1.1375492071689652,1,15.59307818841859,38.7579656367043,2,305.59457572053327,33.495724877438555,615.9279042052508,134124,13,3,1,False,True,match730_003846095210866016783_0292086677_161,own,de_ancient,134137,26d15ffc47,ak47,True,False,False,False,False,False,38.0,0.0,1.0,rifle,0.386068580670373,False,133932
72.48016049137831,21.90294540631113,61.860967780330405,2301.3571611906063,2.4395942887918376,5.728864838593146,2.4395942887918376,2,21.00160240573524,50.15186701119431,0,492.2530107255723,109.50258113971368,430.1027093785892,58540,32,6,3,False,True,match730_003846095210866016783_0292086677_161,own,de_ancient,58572,b639457643,ak47,True,False,False,False,False,False,42.0,0.0,0.0,rifle,0.3860431837165645,False,58348
188.17633799146543,45.239258605206885,65.58211346034672,7900.473131453788,3.244881923521576,2.95388095382738,1.9886832605298512,0,22.340643793117174,20.87642343225604,0,391.80459589311647,47.972785140802,136.3906911687654,51456,64,11,4,False,True,match730_003846224175849013887_1403891103_383,own,de_anubis,51520,0c250789aa,ak47,False,False,False,False,False,False,62.0,0.0,0.0,rifle,0.38603015673108515,False,51264
80.27832199346335,21.3858289866282,14.55789002176433,2428.9506203949686,5.752414368954518,5.55142915218932,1.45649077983007,0,36.61800313004595,35.340227495307694,0,363.3358100754976,110.03236828108804,443.2294519275095,49845,0,1,1,True,True,astralis-vs-fnatic-m2-ancient,pro,de_ancient,49845,c023f685ab,deagle,True,False,False,False,False,False,0.0,1.0,0.0,pistol,0.3860046335071074,False,49653
54.91015625,15.55460479499734,7.621224801253831,1352.75,1.8197857986139712,0.9996026310495708,0.3168280056784734,25,21.078011144467705,11.75999266637616,0,661.2232835568284,249.34868791630032,939.1035179987996,62031,7,2,1,False,True,match730_003845721267390906757_0873910189_273,own,de_anubis,62038,a4c1cf00e8,m4a1_silencer,False,False,False,False,False,False,57.0,0.0,0.0,rifle,0.3859195324590145,False,61839
38.961231867762656,14.002228517430169,5.164605994514911,1540.4958231187634,0.879925174495547,1.3356982634584988,0.3728587434630099,15,12.949996637453957,20.08256773833997,5,841.7023646634733,69.88231068513994,79.38811328869951,66361,20,4,3,False,True,match730_003845721267390906757_0873910189_273,own,de_anubis,66381,8a33bc3a37,ak47,False,False,False,False,False,False,19.0,0.0,0.0,rifle,0.3858677828638692,False,66169
152.09875948501642,28.20201949426925,22.64449012358379,5113.770571941852,1.441713312573421,2.5066652352051237,1.441713312573421,7,22.41781620554667,40.1581789973626,0,838.4012441386537,238.83421601786668,1105.8004084873596,75864,76,6,2,False,True,match730_003846055312767320440_2034169741_274,own,de_nuke,75940,657a17d37a,usp_silencer,False,False,False,False,False,False,39.0,0.0,0.0,pistol,0.38584014567596236,False,75672
75.91051166203687,28.4689730543453,37.40929476214523,2031.8512301972548,1.126251770196037,2.8590458692763074,1.126251770196037,6,10.786953575669086,27.59182351099464,4,548.5444314647619,103.99572869175242,171.39251269497203,36196,114,20,6,True,True,match730_003846055312767320440_2034169741_274,own,de_nuke,36310,6a8c9faae0,mp7,False,False,False,False,False,False,43.0,0.0,0.0,smg,0.3857942377803594,False,36004
80.91008164522047,30.039206533014628,22.36020456296221,1516.0,1.9618220917332203,3.245480324974788,1.6602870023901004,4,11.583895059444192,20.04919044464863,4,337.9376273003508,102.3915022560028,410.3938691022482,84053,25,3,3,True,True,match730_003846095210866016783_0292086677_161,own,de_ancient,84078,bea1536d33,usp_silencer,True,False,False,False,False,False,37.0,0.0,0.0,pistol,0.38578323084391,False,83861
78.19905368599434,17.441651448285505,61.809227981301866,2334.42212680908,2.085187418190769,5.7051531284004255,2.085187418190769,1,13.852879191836454,37.90927851192452,1,377.6801825879503,203.31760997569097,518.0905054236113,53453,27,7,5,False,True,match730_003845735833772490759_0956054515_272,own,de_inferno,53480,6f17506be7,p90,False,False,False,False,False,False,40.0,0.0,0.0,smg,0.3856935403519875,False,53261
93.87805975893988,14.781953413781943,25.05019692491003,1725.9261193231678,0.826137352954539,1.298817279093179,0.826137352954539,30,11.710514238070289,18.454616357270424,5,811.9588792431656,113.9801526877008,111.5743357009211,53317,0,1,1,True,True,luminosity-vs-nemiga-m1-cache,pro,de_cache,53317,590a913841,ak47,True,False,False,False,False,False,0.0,0.0,0.0,rifle,0.38568071553223127,False,53125
45.93156107185846,12.176238368645574,25.200875314020404,1439.6773982152486,1.122173604671328,1.4603593969857274,0.9581237532871172,19,13.1107341604981,17.05437810026465,6,660.9809512723855,138.6874156032846,136.50945431679236,56290,0,1,1,True,True,astralis-vs-fnatic-m1-dust2,pro,de_dust2,56290,f100e9403c,m4a1_silencer,True,False,False,False,False,False,0.0,0.0,0.0,rifle,0.3856775799549589,False,56098
106.3046875,13.198682219725852,9.945361737198878,2603.8329205477685,0.6045507215821485,0.9875517694398106,0.6045507215821485,12,8.498427550808527,13.91274433232782,10,805.3074025534213,109.89105819711588,564.2408058520954,100834,0,1,1,True,True,match730_003833678395988770820_2132169428_161,own,de_dust2,100834,4ccc3c6dfc,ak47,True,False,False,False,False,False,46.0,0.0,0.0,rifle,0.38564954216352715,False,100642
120.34302965699946,19.492074134079637,56.92294079246335,7701.953898047966,1.5175959218656958,2.9907150742002475,0.2913782522066862,4,14.436712252140715,28.30479618635369,3,544.5491883760739,99.79686979081092,429.5742175323961,14144,12,3,2,False,True,match730_003845735833772490759_0956054515_272,own,de_inferno,14156,8b02ca5490,m4a1_silencer,False,False,False,False,False,False,32.0,0.0,1.0,rifle,0.3856223645270244,False,13952
55.57245481800294,11.996622859073074,16.40106161948655,1600.924092577569,0.7604525296809959,2.2192225735780804,0.7547869281379007,6,9.968696850804603,29.428773310601517,4,744.5173661091013,75.1966854322294,197.97850117010427,62764,14,2,2,True,True,luminosity-vs-nemiga-m2-dust2,pro,de_dust2,62778,798c33b296,tec9,True,False,False,False,False,False,0.0,0.0,0.0,pistol,0.3855863140860866,False,62572
106.8916329987486,15.083097838728952,28.33906186798612,4661.795552390189,1.2608452615701944,1.29926888205195,1.1387902794911824,17,15.30486388494098,15.74808927213414,11,690.5388916183412,83.78189547595994,420.0716171781494,21768,0,1,1,True,True,luminosity-vs-nemiga-m2-dust2,pro,de_dust2,21768,590a913841,m4a1_silencer,True,False,False,False,False,False,0.0,0.0,0.0,rifle,0.38558420819915945,False,21576
301.7912137473503,40.67182418080482,24.713717584694447,7311.914233621142,1.469902448315016,2.1023622709049308,1.469902448315016,9,17.028099390976408,24.37130503226897,2,659.4071556497519,93.30249342952828,669.6033069288588,63462,0,1,1,True,True,astralis-vs-fnatic-m1-dust2,pro,de_dust2,63462,ca06492643,deagle,True,False,False,False,False,False,0.0,0.0,0.0,pistol,0.38551635326566636,False,63270
203.4727041492751,40.2660614674787,7.137530818416714,3782.1362330603615,1.451910015309838,2.5220098331855847,1.3904646237052591,7,12.892446636624657,22.40378646466196,5,508.3958495373242,93.99591649528054,561.094746346633,69032,19,3,2,True,True,match730_003845848209444307084_2046226831_274,own,de_dust2,69051,bfb8267f0c,tec9,True,False,False,False,False,False,30.0,0.0,1.0,pistol,0.3855055558114063,False,68840
100.34352281438387,36.42969885435837,35.99936474125023,4845.610460120569,1.7603531036484816,4.15692254797016,1.7603531036484816,3,19.045590193923537,46.03540872451214,1,608.2004890944025,220.2582479328679,822.8338053064247,8173,0,1,1,True,True,furia-vs-betboom-m1-mirage,pro,de_mirage,8173,6c3df85cda,m4a1_silencer,True,False,False,False,False,False,0.0,0.0,0.0,rifle,0.38539484363586646,False,7981
44.59866310220005,15.379760690207654,18.54465776969283,1339.7519385408032,0.5738850955234971,2.2930615904221243,0.5738850955234971,6,7.5429403031136175,30.16693280765317,4,751.6360941916181,133.04064244881425,264.47157986833685,12743,0,1,1,True,True,match730_003845848209444307084_2046226831_274,own,de_dust2,12743,d9f31878b9,ak47,True,False,False,False,False,False,57.0,0.0,0.0,rifle,0.3853627611844053,False,12551
95.76716121836228,37.49188882707912,38.836165210674814,3123.6415292962383,6.31334737710814,6.405809172007828,4.047956357113699,0,51.48404465521416,52.2911532232183,0,457.95305104414354,145.2527976181104,427.2801428872726,34276,13,4,4,True,True,luminosity-vs-nemiga-m2-dust2,pro,de_dust2,34289,f730a5e684,mp9,False,False,False,False,False,False,0.0,0.0,0.0,smg,0.3853247686636469,False,34084
118.62345025805858,20.741616081323254,18.894223544519324,5510.9783830825945,4.270472906359096,3.285579486574953,0.6263139284054468,0,22.180167813258347,17.14760924629916,0,296.5585709164438,112.69523815976292,392.9442356538482,240368,32,6,3,False,True,furia-vs-betboom-m2-cache,pro,de_cache,240400,6c3df85cda,ak47,False,False,False,False,False,False,0.0,0.5946706533432007,0.0,rifle,0.3852770827050126,False,240176
161.8004462540111,16.723193835821395,49.98792151263947,5487.806659801475,1.500637058421263,4.47252351167528,1.500637058421263,3,12.572281846252464,38.03247415193992,3,479.7429207249709,173.93340303689118,299.87612746269053,33679,0,1,1,True,True,aurora-vs-9z-m2-mirage-p2,pro,de_mirage,33679,fe43c71f39,ak47,True,False,False,False,False,False,0.0,0.0,0.0,rifle,0.38524396511337083,False,33487
92.84544013560878,21.294125212556697,46.77625454798912,5710.463235437319,3.5808253878755285,3.632802255222291,2.8803361848896234,0,23.2753562356032,23.430336698409416,0,366.76723308180334,156.02378855553232,290.6424937213333,27908,0,1,1,True,True,match730_003846224175849013887_1403891103_383,own,de_anubis,27908,04d29c9bb8,ak47,True,False,False,False,False,False,138.0,0.0,0.118110753595829,rifle,0.38524041742237836,False,27716
235.3047665646189,30.01560512588281,27.145651559710934,4789.410197756645,2.332091017486054,2.737746775127782,2.2046945569154417,7,30.10571553821545,36.24980363000081,0,736.9195358157478,220.4837121947189,542.1672903152967,77682,24,2,2,True,True,match730_003845848209444307084_2046226831_274,own,de_dust2,77706,71f78fbbc6,ak47,True,False,False,False,False,False,28.0,0.0,0.0,rifle,0.3851875567361257,False,77490
163.36559984341335,21.109311351341304,13.508886133738242,3615.238640159399,2.806942197584492,2.503213996994103,1.601133048157063,20,21.00819980054951,18.87184315022017,0,428.29357833176056,101.63533402203146,209.5819627730339,80810,26,5,4,True,True,furia-vs-betboom-m1-mirage,pro,de_mirage,80836,372a892754,ak47,False,False,False,False,False,False,0.0,1.0,0.0,rifle,0.38517736634815325,False,80618
95.76845555938924,34.74775573498276,21.73367610887939,2161.084445828192,2.381216927170132,4.260012536800838,1.0333608973898745,4,28.10133272811082,50.8082009909304,0,675.7538903838886,144.1833185028355,514.7061034861916,21861,71,12,1,False,True,astralis-vs-fnatic-m2-ancient,pro,de_ancient,21932,dd32420517,ak47,True,False,False,False,False,False,0.0,0.0,0.0,rifle,0.3851598043274548,False,21669
94.17401518604262,19.47641554382558,47.30172617370776,2165.466452154298,2.2901092933617417,3.029317622775964,0.8632430953635921,2,26.623842539108225,35.16855315317476,0,665.7416250959207,227.4081807354493,374.9963161303455,6209,24,2,1,False,True,luminosity-vs-nemiga-m2-dust2,pro,de_dust2,6233,d61b8b9081,usp_silencer,True,False,False,False,False,False,0.0,0.0,0.0,pistol,0.3851336877224344,False,6017
64.2041015625,25.575265397895024,5.626068872624328,2111.359918873589,1.3464717754401712,1.8267356187001007,1.144217541241794,9,10.582105907651442,14.93009402137196,8,450.0304776435671,233.92091475877456,796.021548492561,68923,11,2,2,True,True,match730_003845848209444307084_2046226831_274,own,de_dust2,68934,cc23b0e440,p250,True,False,False,False,False,False,28.0,0.0,0.0,pistol,0.38502835332357016,False,68731
158.72270634829965,42.1637564756125,18.38148883667704,9515.536659893716,1.5990872715238265,2.9885445146380407,1.381925495853099,5,13.909589017387525,26.240331033385964,3,498.0909221311953,112.70017899904954,127.4457879886428,240203,7,2,1,False,True,furia-vs-betboom-m2-cache,pro,de_cache,240210,e1ccb1699e,ak47,True,False,False,False,False,False,0.0,0.0,0.0,rifle,0.38502777350110085,False,240011
143.40428162265255,30.780778765630203,9.840472737883683,5362.555064232529,2.628939904089748,2.774762033231325,1.540814667189291,2,38.0257347668543,40.12938812907836,0,828.0767185444089,88.63433196620139,811.7585359027794,16254,72,16,5,False,True,match730_003846055312767320440_2034169741_274,own,de_nuke,16326,657a17d37a,mac10,False,False,False,False,False,False,39.0,0.0,0.0,smg,0.3849403047581236,False,16062
53.44416185759457,12.36609393290354,41.59167133138724,2426.3881497248126,1.9205123644740243,3.017838856387754,1.7767329206426563,2,15.047304255967454,23.56773313471829,2,448.534057017968,111.7988532760192,319.8358489992022,70511,19,4,4,True,True,match730_003829380948349157814_1390656678_161,own,de_dust2,70530,f41ec87e6d,ak47,False,False,False,False,False,False,73.0,0.0,0.0,rifle,0.3849148514921625,False,70319
63.52014901541279,13.764987385549496,10.560087637700546,2118.313933646716,2.4641728711542537,3.1299539250550925,2.1321140571319344,6,19.04131700520323,24.21290961406445,5,424.9688361639468,173.38843110427496,148.13220340724146,3084,0,1,1,True,True,luminosity-vs-nemiga-m1-cache,pro,de_cache,3084,456b773fab,elite,True,False,False,False,False,False,0.0,0.0,0.0,pistol,0.38489190626977493,False,2892
276.33570465141065,35.93022209849728,33.06133431197146,6654.448447786473,1.776766033611379,2.643109612486298,1.773705187385319,3,10.306891463044051,15.398318753786429,4,332.0154886714004,65.47283816299637,375.1233725246192,132915,0,1,1,True,True,aurora-vs-9z-m2-mirage-p1,pro,de_mirage,132915,fea287be28,tec9,True,False,False,False,False,False,0.0,0.0,0.0,pistol,0.3848662096085453,False,132723
131.42822658096708,19.64391351647866,65.98619213478314,4416.765018129252,0.7773978419980034,2.999177828354449,0.7773978419980034,3,6.428198698469918,24.9230088158882,3,465.9518392826136,145.15800393349937,805.8493400323371,98975,0,1,1,True,True,furia-vs-betboom-m1-mirage,pro,de_mirage,98975,0f3b1e9da0,glock,True,False,False,False,False,False,0.0,0.0,0.0,pistol,0.38480083827875033,False,98783
87.91100172862217,13.753326909867177,13.678080373738892,3609.897740284689,3.181666476662816,3.8913119712708406,3.181666476662816,0,29.434511394730304,35.86410508634017,0,528.9924996881024,161.88839723614433,190.6751381100092,69945,110,11,2,False,True,match730_003846224175849013887_1403891103_383,own,de_anubis,70055,bc3a159fd7,usp_silencer,True,False,False,False,False,False,74.0,0.0,0.0,pistol,0.3847909972357475,False,69753
68.88203097974487,21.922370161503643,24.53991420232497,1528.9061523220353,2.244496950125845,2.9560173364377125,0.2885011656063765,6,29.58343643125865,39.042489035808416,0,754.7954270531006,91.66858544379954,144.8943726203069,85566,58,8,3,False,True,match730_003845735833772490759_0956054515_272,own,de_inferno,85624,c0d4e00ddc,m4a1_silencer,False,False,False,False,False,False,4.0,0.0,0.0,rifle,0.384783904256227,False,85374
177.47922104381928,32.06615855419709,10.720980546115069,5454.619496029657,4.1771277818168535,3.2255341769297146,1.7028964410316187,0,34.611870829307385,27.60089094130895,0,473.764904485867,137.60107647048034,666.348817590486,101960,55,4,2,False,True,match730_003845848209444307084_2046226831_274,own,de_dust2,102015,d9f31878b9,deagle,True,False,False,False,False,False,57.0,0.0,0.0,pistol,0.38475085997535446,False,101768
151.0214928621252,29.074154294026428,61.76784128773025,3699.4535081180975,4.789536006334003,4.5481135775745205,2.9547089213019517,0,25.823916551642817,24.79865910098723,0,307.9778756160399,188.0342690889198,1037.8895817629698,27017,25,5,4,True,True,match730_003845735833772490759_0956054515_272,own,de_inferno,27042,11a0f5ab5d,m4a1_silencer,False,False,False,False,False,False,54.0,0.0,0.0,rifle,0.38471416261193075,False,26825
52.628191744678986,11.356827106670927,15.56847644964607,1635.1951247923648,0.8914991183863306,2.0944984075336297,0.7578005274191577,7,14.408303034044405,34.0753987428323,4,925.7835622863724,119.0656868890462,409.6491548416856,81731,25,5,4,True,True,match730_003845848209444307084_2046226831_274,own,de_dust2,81756,d9f31878b9,ak47,False,False,False,False,False,False,57.0,0.0,0.0,rifle,0.38471286583499803,False,81539
85.58635014234733,30.61465761514452,39.32562153412882,2081.3211508477075,0.9389104431598164,3.0398019155178586,0.1787465070846052,5,12.976272266526175,42.30716718229293,4,781.66718283528,83.82597763908896,436.8464316799398,117088,0,1,1,True,True,match730_003846095210866016783_0292086677_161,own,de_ancient,117088,bea1536d33,ak47,True,False,False,False,False,False,37.0,0.0,0.0,rifle,0.38469901148701596,False,116896
84.06375431982704,17.46348320761532,11.07765267811594,3629.130886673497,1.234407241778866,2.216882128613934,1.1699230038668669,8,21.257775004503,38.24706093184704,0,986.470471010599,9.854282488052622,456.737147368208,14458,47,5,3,False,True,match730_003846114907586035842_2006638891_196,own,de_mirage,14505,401def1742,ak47,False,False,False,False,False,False,21.0,0.0,0.0,rifle,0.38468720145881174,False,14266
68.00537109375,12.475456422787268,15.83151043976932,2763.694983574587,3.5897273039787154,3.83514995234066,3.5897273039787154,0,25.98525485475974,27.812165688935966,0,413.8483694881526,196.39928510991004,495.2091063918452,46209,7,2,1,False,True,aurora-vs-9z-m2-mirage-p1,pro,de_mirage,46216,6e8537eb46,ak47,True,False,False,False,False,False,0.0,1.0,0.0,rifle,0.3846864277739863,False,46017
155.5113655303449,44.19985345605377,96.82828132920972,3210.737381732727,1.9204937812514895,4.998742333617741,1.649565940914938,2,12.190919308735646,31.92020994578103,2,357.7447285257497,133.86242150519692,166.84354349937385,93621,0,1,1,True,True,luminosity-vs-nemiga-m1-cache,pro,de_cache,93621,c4ceacecd8,usp_silencer,True,False,False,False,False,False,0.0,0.0,0.0,pistol,0.38460605723119434,False,93429
73.02837701450625,29.21252410267053,13.717042318072147,2254.3927685941044,0.9320698148508714,1.5160203651842157,0.8307340335357464,10,16.17594539883711,26.29091364617137,5,993.9964621698026,33.745229210017214,367.84898884292096,50582,19,4,2,False,True,match730_003845848209444307084_2046226831_274,own,de_dust2,50601,3e06735caf,ak47,False,False,False,False,False,False,38.0,0.0,0.0,rifle,0.3844961518945495,False,50390
186.32296950271507,23.472308029378517,11.45703802709585,5592.503325650983,2.523143466811114,3.329819708816534,2.523143466811114,4,14.153827100504202,17.896711100320644,6,320.8622655054773,207.4348431858182,657.3135405515077,162045,0,1,1,True,True,astralis-vs-fnatic-m1-dust2,pro,de_dust2,162045,fe19e6103c,fiveseven,True,False,False,False,False,False,0.0,0.0,0.0,pistol,0.38445078836963587,False,161853
54.132919754052,15.873735074309916,22.967165875266343,2058.277428496035,0.9779021420308917,1.4448530214356858,0.7727238576318163,12,9.471887723278709,14.264616695884689,8,544.2577730066703,55.58814609103368,86.93491433999715,65375,34,4,3,True,True,match730_003846224175849013887_1403891103_383,own,de_anubis,65409,0c250789aa,usp_silencer,True,False,False,False,False,False,62.0,0.0,0.0,pistol,0.3842784922377235,False,65183
78.7068248043489,9.154951889597772,16.544364449084455,3476.398421970826,1.0396499471855352,2.5893038269985014,0.1194412187546046,6,15.404646375663312,38.99424921433553,3,844.359449243999,130.36700044775046,913.8072017573552,87063,13,3,2,False,True,match730_003846087479924883540_0606572273_161,own,de_mirage,87076,901972cd23,m4a1_silencer,True,False,False,False,False,False,38.0,0.0,0.0,rifle,0.3842395940391284,False,86871
46.890106627952605,15.264358355160288,10.832424386678603,1125.127568113856,1.1552302437179276,1.7367422729407305,1.1552302437179276,22,13.975434797398725,21.112390258661023,3,692.941526653599,99.9931828405454,589.8289210414147,122923,19,4,5,True,True,match730_003845735833772490759_0956054515_272,own,de_inferno,122942,db46f148b7,ak47,True,False,False,False,False,False,43.0,0.0,0.0,rifle,0.3841492049873787,False,122731
56.77151677084828,19.11357821878608,36.01415423709704,1941.6798440331956,0.9271279076218732,2.227519362508344,0.9271279076218732,15,14.57536215223558,35.053150169445054,2,900.5761416931991,57.00972447816961,82.90263011805106,56994,19,4,4,True,True,aurora-vs-9z-m1-dust2,pro,de_dust2,57013,ac7afcf085,m4a1_silencer,False,False,False,False,False,False,0.0,0.0,0.0,rifle,0.3841137071915184,False,56802
161.53902137498645,50.52776366917914,38.778234266108086,4414.121434150638,3.80485654300788,3.6382056643335714,1.5021856619919502,0,28.776467671061145,27.471476056813827,0,429.6015390018971,33.72654919682707,224.8329126224872,72622,7,2,1,False,True,match730_003845848209444307084_2046226831_274,own,de_dust2,72629,71f78fbbc6,ak47,False,False,False,False,False,False,28.0,0.0199572071433067,0.0,rifle,0.38410491230449745,False,72430
123.38880617835612,49.04481453347489,31.20976520222658,3549.0201651603247,0.8244524541183593,2.785751815012186,0.8244524541183593,4,6.530664321612562,22.02216445002113,4,453.672225498125,118.06875073918928,561.3325811758805,60823,40,8,4,False,True,luminosity-vs-nemiga-m2-dust2,pro,de_dust2,60863,74c7d1f104,galilar,True,False,False,False,False,False,0.0,0.0,0.0,rifle,0.38409625551585436,False,60631
85.40079263949117,13.417057457421246,50.22440850737448,3146.347539355996,0.6354142521467343,2.510969360245468,0.3621091487875253,5,5.499745100293241,22.947098784616973,4,472.19752495924456,245.24055189432727,1002.4531697672192,81409,23,5,2,False,True,match730_003846114907586035842_2006638891_196,own,de_mirage,81432,476a8ccf25,m4a1,True,False,False,False,False,False,19.0,0.0,0.0,rifle,0.3840709862258566,False,81217
242.77311375713785,41.77684616246678,94.87046021001692,9817.255290087212,5.648086506777248,6.829490938098354,1.1880846635029754,0,40.69840762104879,52.38236402937831,0,411.3188021099492,229.11835824190308,572.2402110360497,80554,43,10,4,True,True,match730_003846055312767320440_2034169741_274,own,de_nuke,80597,6a8c9faae0,mac10,False,False,False,False,False,False,50.0,0.0,0.0,smg,0.3839956848894238,False,80362
67.71942712914414,19.97105876791461,5.632486979166667,2422.008879037793,3.0425586504413977,4.26130341230253,1.21695777531046,0,18.8149035878205,27.384318234863468,1,351.2544681048102,117.16749403203512,315.2598070139962,82042,48,6,3,False,True,match730_003845721267390906757_0873910189_273,own,de_anubis,82090,2a309cc914,glock,False,False,False,False,False,False,47.0,0.0,0.0,pistol,0.38387698792805053,False,81850
169.23254828584987,24.422674005041088,14.981160072351068,6600.5291577573935,2.1779924571165283,2.063988083535409,1.3598968914889369,11,18.582571282115097,17.571212135177255,1,488.24896306825406,207.8089049765348,757.3939694279304,89435,0,1,1,True,True,match730_003846087479924883540_0606572273_161,own,de_mirage,89435,901972cd23,m4a1_silencer,True,False,False,False,False,False,38.0,0.0,0.0,rifle,0.38380092775332486,False,89243
305.1557468814482,36.95734087828002,38.56512087871264,11256.69902575598,1.619870644798085,3.0899317957163315,0.274859878632856,5,12.417290299818658,23.736987135743057,4,438.9032425896267,101.9500381616302,428.4574355142344,3336,0,1,1,True,True,match730_003846224175849013887_1403891103_383,own,de_anubis,3336,29b1cdb2be,deagle,True,False,False,False,False,False,61.0,0.0,0.0,pistol,0.3837235668960744,False,3144
153.63507511384506,18.88015025498444,12.597766964608162,5387.506574761701,2.315125715098466,3.142498065173464,2.315125715098466,6,14.023969429241053,19.928720928675865,6,346.6463972611664,168.53190993453867,535.1388057022502,149201,48,6,4,False,True,furia-vs-betboom-m2-cache,pro,de_cache,149249,52f704f8ce,fiveseven,False,False,False,False,False,False,0.0,0.0,0.0,pistol,0.38369559743928294,False,149009
100.60872834186354,30.534372303197078,5.236208202972656,2459.4623595164826,1.7981227290279975,1.8086018338436425,0.6075059042249387,9,27.111730735520545,26.879347102544585,0,863.4999563011066,164.7533358234409,548.2103185462505,72886,19,4,3,False,True,match730_003833682433258029322_1216037504_161,own,de_dust2,72905,b85c895d2b,ak47,False,False,False,False,False,False,58.0,0.1326049864292144,0.0,rifle,0.38368898128890455,False,72694
68.642578125,14.221791519924048,17.310246792871084,2837.8125,1.0166850666645804,0.8030586818994617,0.1691160262097499,11,12.040044619616268,9.512530124017246,9,678.3197193405067,82.4759373595829,389.6500642183235,70431,0,1,1,True,True,match730_003846224175849013887_1403891103_383,own,de_anubis,70431,9c0b0079af,deagle,False,False,False,False,False,False,54.0,0.0,1.0,pistol,0.3836879305212753,False,70239
97.21651452981978,15.36713240543505,30.424040980756008,5342.790617261206,0.8769033107103389,1.492285048661818,0.8715911482544385,19,13.685654240005332,23.302046847566267,3,893.988787597718,208.17997077680224,355.6772366100447,23629,0,1,1,True,True,aurora-vs-9z-m1-dust2,pro,de_dust2,23629,6e8537eb46,ak47,True,False,False,False,False,False,0.0,0.0553941242396831,0.0,rifle,0.3836695829649539,False,23437
63.26241030714019,18.370757696039743,37.337569606413744,1650.527267382285,1.9420334912268569,1.8487501410692544,0.3087985605610013,3,27.72380363002952,26.384397170597584,0,817.5775104975143,48.29004234208159,374.574287202452,126534,25,5,1,False,True,match730_003846095210866016783_0292086677_161,own,de_ancient,126559,b639457643,ak47,False,False,False,False,False,False,42.0,0.0,0.0,rifle,0.383584039458284,False,126342
67.587890625,10.14542096414604,18.498417162203992,1808.0947758756329,0.8615787133041847,1.3731684459670883,0.8615787133041847,10,9.41905188296914,15.013550143059044,8,625.5691020441328,8.033684513003724,63.720423291114415,81814,10,2,2,True,True,match730_003833678395988770820_2132169428_161,own,de_dust2,81824,7090249fd0,glock,True,False,False,False,False,False,36.0,0.0,0.0,pistol,0.38353451043951664,False,81622
36.06324443346284,16.642890991806674,19.5633057702575,1614.2828074751949,0.7626177525772376,1.6704447758643006,0.7626177525772376,11,12.148252871804717,26.79372051092741,3,912.4915483073283,92.59570779432484,399.9258424035633,36929,13,3,2,False,True,match730_003845848209444307084_2046226831_274,own,de_dust2,36942,3e06735caf,ak47,False,False,False,False,False,False,38.0,0.0,0.0,rifle,0.3834587249774788,False,36737
66.88671875,14.467339763309784,30.578584096735216,2704.375,2.292783112548665,1.89940072247172,0.8600813840445458,9,24.81411048050974,21.53378054071301,0,619.6287890903538,232.48863831154736,988.9613078352174,80027,29,7,5,False,True,match730_003829380948349157814_1390656678_161,own,de_dust2,80056,f41ec87e6d,mac10,False,False,False,False,False,False,72.0,0.0,0.0,smg,0.383449693508725,False,79835
51.8115234375,12.667117167396016,7.767201264339316,1008.28125,1.0767738513695924,1.8245583305443431,1.0767738513695924,18,13.9535707644986,24.09078228223451,3,742.2670411669187,239.9983657611551,532.7039017186082,108140,7,2,1,False,True,match730_003833678395988770820_2132169428_161,own,de_dust2,108147,b2feea7c7d,ak47,True,False,False,False,False,False,24.0,0.0,0.0,rifle,0.38342245711866446,False,107948
70.62670024749441,7.299892764096207,8.193363684331032,2158.618517227077,1.7344391488728217,1.6994122322734444,0.5109869415428513,11,21.78758810026422,21.614244818829366,0,717.1973546858381,137.10884025961056,499.2612679167817,38212,25,5,4,True,True,furia-vs-betboom-m2-cache,pro,de_cache,38237,c1aa9f613a,ak47,False,False,False,False,False,False,0.0,0.1275891661643982,0.2176507413387298,rifle,0.3833660097642679,False,38020
56.99968559613436,11.377618386512584,12.061619864509192,1855.4171166554595,1.0720735001569563,2.04616861571151,0.5632932112770213,8,17.15844737016945,32.75422953816507,3,916.7924560301756,167.58138099915692,316.8106325418248,41221,45,8,1,False,True,match730_003833682433258029322_1216037504_161,own,de_dust2,41266,c2d6ff7eff,ak47,True,False,False,False,False,False,47.0,0.0,0.9507375359535216,rifle,0.38336219090706947,False,41029
113.55755394518638,25.11944805274102,13.849320459557854,5770.843347501841,3.876866385740251,3.624060310686169,0.888694447238312,0,29.32946553285113,27.87889313996206,0,430.53714186664615,69.4712721132808,628.61101374687,57743,40,8,5,False,True,match730_003846095210866016783_0292086677_161,own,de_ancient,57783,cd1c592f75,m4a1,False,False,False,False,False,False,46.0,0.0577653422951698,0.0,rifle,0.3833570927404833,False,57551
53.67414428044808,16.809940997195774,40.55643366912653,2438.2141520622463,2.737793819630917,2.5216330540808785,1.521876937138338,6,21.4790406128438,20.34633317157038,0,448.77684370388926,223.20441619203737,675.7080387253108,85517,25,5,4,True,True,match730_003845848209444307084_2046226831_274,own,de_dust2,85542,d9f31878b9,m4a1_silencer,False,False,False,False,False,False,57.0,0.0,0.0,rifle,0.3833002650824741,False,85325
206.99317000358036,27.521852033152797,50.78797225248688,3787.798932768539,1.0749925790007733,2.314962020809374,0.7114463074360335,5,15.508841050200417,33.63398834273963,3,826.4059974587288,117.659883869691,210.1506276442173,216314,19,4,4,True,True,furia-vs-betboom-m2-cache,pro,de_cache,216333,c32a6f9c5c,ak47,False,False,False,False,False,False,0.0,0.0,0.2622093260288238,rifle,0.3832561595488252,False,216122
205.2948330644763,29.73672104875576,32.02634740944506,5028.994316126484,0.5585250660432497,2.323837108934212,0.5585250660432497,6,8.069302471747132,33.58775681077253,3,819.9788586735572,52.55436774646699,104.51617744928258,41916,35,7,5,True,True,astralis-vs-fnatic-m1-dust2,pro,de_dust2,41951,d8f9528a3a,famas,False,False,False,False,False,False,0.0,0.0,0.3523740768432617,rifle,0.3832252659905277,False,41724
138.62520572519816,33.27722609043672,19.07373538804967,2792.944368222864,1.8033328291405304,3.28029616925743,1.8033328291405304,7,11.501814380545827,20.873720196166804,7,365.28971637958506,39.255605422641736,156.05941620043276,99547,45,8,4,False,True,match730_003845848209444307084_2046226831_274,own,de_dust2,99592,71f78fbbc6,ak47,False,False,False,False,False,False,28.0,0.0838800519704818,0.0,rifle,0.38319985941808715,False,99355
99.06275463372366,29.403304189417643,20.422691376124728,2411.0105813478804,1.6454376293956274,1.886865920657883,1.1001320446866485,27,20.59436110587479,23.63385517105862,0,703.2193558212296,139.11886758684523,598.2853668351341,15715,0,1,1,True,True,match730_003845735833772490759_0956054515_272,own,de_inferno,15715,baaaf134bc,ak47,True,False,False,False,False,False,15.0,0.0,0.0,rifle,0.38319455827556953,False,15523
76.825395840917,17.812892586083677,7.099428141126404,2641.986750946268,1.428252514801916,2.525938714719228,1.428252514801916,6,22.53004606084773,39.8901519549804,0,903.5498374925992,61.46864607662173,251.87641890084157,31670,0,1,1,True,True,match730_003846087479924883540_0606572273_161,own,de_mirage,31670,27f0cb0ba9,ak47,False,False,False,False,False,False,18.0,0.0,0.06832966953516,rifle,0.3831840748737654,False,31478
99.37000069668802,16.482181781396225,56.37426903768964,2249.8443229414465,3.130914269407195,5.075992231988616,2.373236229073174,0,18.572254682690787,30.888801288026883,2,338.5525435563953,211.4026445909214,344.8867163520369,83816,0,1,1,True,True,match730_003845721267390906757_0873910189_273,own,de_anubis,83816,8a33bc3a37,usp_silencer,True,False,False,False,False,False,20.0,0.0,0.0,pistol,0.3831544833234302,False,83624
130.1733297107163,44.99609428569333,43.16160108354185,5656.404093004841,0.9427301218967656,2.233883627774517,0.9427301218967656,7,10.36209625194167,25.068472833463737,5,628.6130335077233,59.15703339861885,810.6683721649943,73053,61,6,4,False,True,match730_003845735833772490759_0956054515_272,own,de_inferno,73114,8a33bc3a37,glock,False,False,False,False,False,False,20.0,0.0,0.0,pistol,0.3831271802389897,False,72861
93.60138269548376,17.390223662498187,66.07929427338945,3079.377484531147,1.0482192190858393,4.787687097971618,0.6536553082262496,2,7.927753242089732,36.585018974675975,2,433.0944210882584,160.83390385915513,189.24262162726367,40127,0,1,1,True,True,match730_003846055312767320440_2034169741_274,own,de_nuke,40127,657a17d37a,galilar,False,False,False,False,False,False,39.0,0.0,0.0,rifle,0.3831027781606198,False,39935
56.75537109375,15.417087098426522,14.117124616473616,1105.3299854724503,1.954669168862656,1.8872702739714264,1.6668561254587906,15,23.21233038481945,22.730162720728053,0,676.587061598134,239.77768460876692,473.71582725347406,104207,20,4,3,False,True,match730_003845735833772490759_0956054515_272,own,de_inferno,104227,c0d4e00ddc,m4a1_silencer,False,False,False,False,False,False,4.0,0.0,0.0,rifle,0.3830667633321561,False,104015
183.2803844044466,30.329987641583784,34.78882668954051,4783.818987502041,1.117373306087266,4.741092353495408,0.4791630965153,5,10.467693403101135,46.56733330955336,4,536.5905723044553,93.03488261571596,86.40395644829734,6916,0,1,1,True,True,match730_003833678395988770820_2132169428_161,own,de_dust2,6916,f86f118666,glock,True,False,False,False,False,False,7.0,0.0,0.0,pistol,0.3830507339632027,False,6724
110.69934997367749,31.913375197565777,13.03220282639195,4875.170348120821,1.1852764900772366,2.805752283155448,1.1852764900772366,6,15.67008841744432,38.0514170341589,3,756.7194858913813,202.18426735989408,1083.8672418825454,3113,0,1,1,True,True,match730_003833682433258029322_1216037504_161,own,de_dust2,3113,8a33bc3a37,usp_silencer,True,False,False,False,False,False,9.0,0.0,0.0,pistol,0.3830103649008687,False,2921
150.88189332917403,41.08311257342538,12.80765314218784,3794.18041240236,0.5250835199575289,1.7662493657058895,0.2485902276685637,7,5.36129053279156,17.798024344613836,6,582.1818808862498,109.14121510685686,274.16418742231184,83159,33,4,3,True,True,match730_003846095210866016783_0292086677_161,own,de_ancient,83192,26eeb217ae,usp_silencer,False,False,False,False,False,False,41.0,0.0,0.0,pistol,0.3829960762603521,False,82967
126.34952283451386,22.164931732655496,38.12080864546323,4793.181470338343,0.3723497890195966,2.33446274415096,0.3723497890195966,7,4.947745723916868,31.364180795968583,2,761.042637340195,157.87874341033864,975.1176135230298,82480,26,5,2,False,True,astralis-vs-fnatic-m1-dust2,pro,de_dust2,82506,f100e9403c,ak47,False,False,False,False,False,False,0.0,0.0,0.0,rifle,0.3829504893213641,False,82288
145.6928384490947,41.81602777074229,22.876351951578958,7327.9593926991265,1.9267220238462095,4.25552688040374,1.9267220238462095,5,19.771334456902657,43.974336066841424,1,586.0928672615983,112.92800880573856,111.857338675723,84882,0,1,1,True,True,match730_003845721267390906757_0873910189_273,own,de_anubis,84882,dd54131796,usp_silencer,True,False,False,False,False,False,24.0,0.0,0.0,pistol,0.38290470406595717,False,84690
75.29606210333544,21.297537751214616,23.729097970373815,2259.5729746134684,1.6640934703759729,1.9502388585037764,0.457297794413338,7,24.508626599541223,28.760831782108955,0,843.5921974125537,98.01593696083296,138.08144373034787,2826,39,3,2,True,True,match730_003829380948349157814_1390656678_161,own,de_dust2,2865,0ecd5d7027,glock,False,False,False,False,False,False,72.0,0.0,0.0,pistol,0.3828572895056803,False,2634
89.29557739276194,18.32809020959798,67.52072500944551,1617.6641360297026,1.7241757531854234,3.7793003411397215,1.2889630139420856,2,13.620839848321282,29.917899726244304,2,451.300065005484,62.49148953123168,231.18687134162508,124787,19,4,2,True,True,astralis-vs-fnatic-m1-dust2,pro,de_dust2,124806,dd32420517,ak47,True,False,False,False,False,False,0.0,0.0,0.0,rifle,0.38279760175912564,False,124595
102.16639423385897,28.10764751309196,16.073471368295596,2112.747968243779,1.1791573015663526,1.541118384273092,1.1791573015663526,18,14.653519835281728,19.52567910048041,6,711.9200919759568,149.59741666153485,562.8319190058875,105173,0,1,1,True,True,aurora-vs-9z-m2-mirage-p1,pro,de_mirage,105173,7a9df6b20d,usp_silencer,True,False,False,False,False,False,0.0,0.0,0.0,pistol,0.3827960522519695,False,104981
107.33069569642218,13.78380878983441,17.130690187141393,2659.99535848864,0.4323149213689278,1.118290001318505,0.4011743202003434,27,6.053630004255246,15.817304397716322,7,802.1290552201609,154.72217184421172,540.5691647116026,53118,19,4,4,True,True,furia-vs-betboom-m1-mirage,pro,de_mirage,53137,6c3df85cda,m4a1_silencer,False,False,False,False,False,False,0.0,0.0,0.0,rifle,0.3827940441769181,False,52926
84.75758775710624,25.52784494026608,40.56548122583339,1702.2456300382414,1.2754473377817346,4.236326796899801,1.2754473377817346,4,10.5988030569933,36.25422618100998,3,461.21088125922046,141.73880007797283,589.8943391873514,177136,6,2,2,True,True,luminosity-vs-nemiga-m2-dust2,pro,de_dust2,177142,524f4d4415,m4a1_silencer,False,False,False,False,False,False,0.0,0.0,0.0,rifle,0.3827792520728265,False,176944
143.40734045229655,20.401890178945663,19.827666115580517,9178.06978894698,1.3823108991993278,2.6342984658467783,1.261836968038427,6,11.023831147477214,21.57202322584218,4,456.6617580406631,140.9517104197764,609.4615815302542,93089,0,1,1,True,True,luminosity-vs-nemiga-m1-cache,pro,de_cache,93089,d61b8b9081,usp_silencer,True,False,False,False,False,False,0.0,0.0,0.0,pistol,0.38274729740088465,False,92897
106.53743236503348,20.50687434260968,12.219369525049611,3085.117149702947,2.1683335787024074,2.1171144139883595,0.1077240004591061,26,25.668407968701555,25.075768792413548,0,675.6874146929983,104.4697292049818,239.112847132042,32500,51,9,4,False,True,furia-vs-betboom-m2-cache,pro,de_cache,32551,c32a6f9c5c,ak47,False,False,False,False,False,False,0.0,0.0176103115081787,0.0,rifle,0.3827050671472786,False,32308
286.59920474472506,46.4452101629352,28.33927751215221,10364.325679520434,1.47118446492995,2.802421041968149,1.47118446492995,5,10.34405940463857,20.266210776026167,4,402.56092829182194,207.6685855799325,258.04282867885775,111283,0,1,1,True,True,luminosity-vs-nemiga-m1-cache,pro,de_cache,111283,f730a5e684,fiveseven,True,False,False,False,False,False,0.0,0.0,0.0,pistol,0.38265424329775877,False,111091
221.36659095512803,39.37299277546646,39.61842843143,6337.9285462259695,7.806591232255912,12.14593660239047,1.3995046122313517,0,24.175975077834327,38.18584847770551,0,164.89558382846928,218.85619026987385,986.550107295314,94733,4,2,2,True,True,match730_003846114907586035842_2006638891_196,own,de_mirage,94737,401def1742,mp9,False,False,False,False,False,False,21.0,0.0,0.0,smg,0.3826176629954108,False,94541
57.38345101808211,10.059022274629603,34.13120835582629,2208.665865157255,1.2877776655211677,3.010795537996532,1.2877776655211677,5,9.879641463207829,24.06232707095437,4,436.0953510669169,219.7167439437277,640.7554788415006,90572,56,5,1,False,True,luminosity-vs-nemiga-m2-dust2,pro,de_dust2,90628,74c7d1f104,usp_silencer,True,False,False,False,False,False,0.0,0.0,0.0,pistol,0.3825205620756937,False,90380
61.3414230021919,14.432671116764382,15.959135319825783,1627.0473538650026,1.1515736657628035,1.8501526107743544,1.1515736657628035,15,14.716433816657988,23.65412329701471,4,731.8122151373312,0.0,509.1942804409589,48891,0,1,1,True,True,match730_003846087479924883540_0606572273_161,own,de_mirage,48891,9c0b0079af,deagle,True,False,False,False,False,False,7.0,0.0,0.0,pistol,0.3824292560004335,False,48699
170.15267543488474,33.191229439158235,9.603536237827017,4451.697166267742,1.3669790473795824,1.5772657223232358,0.8321768412947157,9,13.598864726907822,15.665603638296698,8,558.5035739920291,86.42061977693788,585.7107170347808,147555,6,2,1,False,True,aurora-vs-9z-m1-dust2,pro,de_dust2,147561,b793b85286,famas,True,False,False,False,False,False,0.0,0.0,0.0,rifle,0.3823490183238721,False,147363
64.1162109375,13.585597613263404,40.0363415816479,3243.031811572943,2.3768882154119164,3.367399525022914,0.1687958019135005,3,17.452981825071834,25.516513720709675,2,420.17501565053857,229.0937700340716,506.8126360579374,9753,0,1,1,True,True,match730_003845735833772490759_0956054515_272,own,de_inferno,9753,6f17506be7,deagle,True,False,False,False,False,False,40.0,0.0,0.0,pistol,0.3822870192903083,False,9561
154.86328125,27.64086778706276,17.79349459625584,4161.125,6.727005773665741,6.859966759054544,0.7744331639385874,0,20.257804017291548,21.412361278368405,0,171.27016793563476,67.03327421019836,296.53517717952803,24324,23,6,4,False,True,match730_003831793800846508273_1359762374_161,own,de_mirage,24347,f86f118666,mac10,False,False,False,False,False,False,8.0,0.0,0.0,smg,0.38222372575735947,False,24132
53.74978769837081,14.782705791238886,16.9917588982977,1639.471727159871,2.7482378634218634,2.6485411775195056,1.9988065330887848,2,28.04941013036556,26.90352375135753,0,568.4829788595742,201.83744139447012,593.8789267305559,102469,9,3,1,False,True,match730_003846095210866016783_0292086677_161,own,de_ancient,102478,8a33bc3a37,mac10,False,False,False,False,False,False,133.0,0.0,0.0,smg,0.3822213411204816,False,102277
98.97952904283952,17.945282506990818,74.78755908412595,3216.975926522711,1.234091284084121,3.0546802880973773,1.2236190774554954,3,12.742385571130448,31.752473862435977,2,581.7500318367463,195.13159136259063,547.5216908557815,102421,0,1,1,True,True,luminosity-vs-nemiga-m2-dust2,pro,de_dust2,102421,524f4d4415,usp_silencer,True,False,False,False,False,False,0.0,0.0,0.0,pistol,0.38214786289018177,False,102229
84.44140625,29.03880989711206,42.31869475556034,2108.0914796963834,4.068951241524301,5.072205535552895,1.517222311687786,0,23.12493147075982,29.892626292945987,0,324.71616049894345,235.57198929787015,949.717010091706,48670,40,8,3,False,True,match730_003833678395988770820_2132169428_161,own,de_dust2,48710,4ccc3c6dfc,m4a1,True,False,False,False,False,False,46.0,0.0,0.0,rifle,0.3821342175162343,False,48478
34.016766074741064,11.921982442488996,24.327678895951333,1822.4851022317048,1.3495308257378016,2.423277092111002,1.3495308257378016,12,13.85507719831372,24.99594468098456,3,583.748126571649,80.59133280802683,434.6032528024544,59049,23,5,2,True,True,match730_003833682433258029322_1216037504_161,own,de_dust2,59072,e2df927a56,galilar,True,False,False,False,False,False,24.0,0.0,0.0,rifle,0.3820908448672294,False,58857
60.48198476063016,9.706359657122936,8.05176068782778,3301.6370458500214,0.7949951997070333,2.025994961326463,0.6991497844009064,7,9.475491151819613,25.095892864921787,5,682.8485934869421,154.84754169405932,112.25599316083232,134118,34,7,4,False,True,match730_003846095210866016783_0292086677_161,own,de_ancient,134152,26eeb217ae,m4a1,False,False,False,False,False,False,40.0,0.0,0.0,rifle,0.3820576831966073,False,133926
62.47695941424512,29.262528311436988,21.18189212304173,2124.363055397789,1.1010338620912716,1.2820951025188108,0.7811325571272051,13,12.658761730550378,14.799997413750932,8,649.7091629975921,124.71631418401144,665.644003005904,8466,35,4,4,True,True,match730_003833678395988770820_2132169428_161,own,de_dust2,8501,8a33bc3a37,glock,False,False,False,False,False,False,9.0,0.0,0.0,pistol,0.38202022226820476,False,8274
71.89453125,21.83930295713418,14.58175286391691,2628.176427173976,0.7132952258107037,1.1841869245581873,0.7132952258107037,12,7.647826074739696,12.669796164964918,8,614.196312969298,60.209341708368285,210.03819367257836,57396,13,3,2,False,True,match730_003845735833772490759_0956054515_272,own,de_inferno,57409,c0d4e00ddc,ak47,False,False,False,False,False,False,4.0,0.0,0.0,rifle,0.3818997153753298,False,57204
67.6065640888957,14.322104695951252,39.894905493653305,2446.2002192106675,1.817330348801848,3.5410577219199557,0.154698478013291,3,22.62185648824292,44.06654606545714,0,712.9666230834204,107.06937625314131,243.77469578995945,105710,0,1,1,True,True,match730_003845735833772490759_0956054515_272,own,de_inferno,105710,6f17506be7,ak47,False,False,False,False,False,False,35.0,0.0,0.0,rifle,0.3818937209052167,False,105518
53.54526445445135,19.21233186097349,35.7594578512984,2344.847401068192,1.9773611999070968,2.95470080374015,1.1652878835865883,5,20.131282374309453,32.090044194213924,0,578.628464415831,223.2831257387658,627.1977124637781,64879,25,6,6,True,True,match730_003845721267390906757_0873910189_273,own,de_anubis,64904,dd54131796,mp7,False,False,False,False,False,False,24.0,0.0,0.0,smg,0.38186188132937665,False,64687
65.95323113001616,29.016716998423583,27.72092575201977,2115.060763136876,3.638269021379462,3.532850571776573,2.0963288147738828,0,25.401158245358115,24.99247692707226,0,399.2489213270721,186.9920125056683,758.9981714631633,115103,19,4,2,False,True,match730_003829380948349157814_1390656678_161,own,de_dust2,115122,f3383df9e7,ak47,True,False,False,False,False,False,41.0,0.0317449085414409,0.0,rifle,0.3818510095850333,False,114911
92.04640736264412,19.4450991061994,40.35987634858097,5147.446717481137,4.412849456835023,4.252011542582926,3.4607924751787493,0,20.373428533455225,20.78508080740724,0,259.524489738367,75.16212085597203,149.2097088003683,161880,0,1,1,True,True,furia-vs-betboom-m2-cache,pro,de_cache,161880,4acdd8fa23,tec9,True,False,False,False,False,False,0.0,0.0,0.0,pistol,0.3817817405311401,False,161688
70.96592612718565,19.74019233774996,8.707625229072804,2459.131772139882,0.8881679138580755,1.3524553970881352,0.2360892633862183,29,12.827429355357742,19.67055977165021,6,827.3958186887404,0.0,20.90306665934495,32009,18,4,1,False,True,match730_003833682433258029322_1216037504_161,own,de_dust2,32027,f86f118666,m4a1,True,False,False,False,False,False,7.0,0.0,0.0,rifle,0.3814605147117567,False,31817
58.15899518076371,16.744771890786936,4.4123975555232775,2374.792647885215,1.8805963557340293,1.9976433533048488,0.6068813507473256,8,25.043496361622267,26.851895844340635,0,762.5966774836866,124.23181166217488,255.62858258197903,43617,58,10,3,False,True,match730_003831793800846508273_1359762374_161,own,de_mirage,43675,60b48394d1,ak47,True,False,False,False,False,False,17.0,0.0,0.0,rifle,0.38145800883344855,False,43425
49.441805231305366,8.99466068636082,33.044187381597936,2142.6705365292173,1.4758670182226987,2.19745492371849,1.2720803315840974,8,19.202778577960206,28.74993376008096,3,745.3206615505048,135.15173694547957,261.03393268282844,46601,29,6,4,False,True,match730_003846087479924883540_0606572273_161,own,de_mirage,46630,bea1536d33,m4a1,False,False,False,False,False,False,37.0,0.0,0.0,rifle,0.3814463890229094,False,46409
146.17146529156074,59.53574638542125,24.27159124344219,3299.8644677343877,3.516472362812955,6.40994343348526,0.5940001661252915,0,17.28102952863299,33.989851171827,2,280.9240461169368,110.85060528066262,220.2164883926453,68231,20,5,5,True,True,match730_003845721267390906757_0873910189_273,own,de_anubis,68251,342f3c4029,mac10,True,False,False,False,False,False,37.0,0.0,0.0,smg,0.3811377882228248,False,68039
245.52808578654617,60.817172050180986,35.46218342030689,6222.109940953638,3.097824140600256,3.5462336876218656,3.097824140600256,0,16.415420413246807,19.02242388014024,3,303.1395777987569,40.11766756698323,173.4006527679051,11108,0,1,1,True,True,aurora-vs-9z-m2-mirage-p1,pro,de_mirage,11108,fe43c71f39,mp9,True,False,False,False,False,False,0.0,0.0,0.0,smg,0.38109656486664817,False,10916
160.35762101691367,25.891975864235203,47.59811174557954,3228.909006003348,2.7150808442615006,5.253430321785347,0.5029893113271913,1,21.626787103318208,41.85854457480474,0,455.73432529201233,120.15427556084616,421.9868921368929,6276,0,1,1,True,True,luminosity-vs-nemiga-m1-cache,pro,de_cache,6276,d61b8b9081,usp_silencer,False,False,False,False,False,False,0.0,1.0,0.0,pistol,0.38109512150655656,False,6084
87.45010593226861,18.49805663768763,12.848450633104411,2552.596093276189,0.7489424221648019,1.2623732835116646,0.5851184062591192,11,12.85155534868418,21.60111227794525,5,982.9983737383948,170.6031891121576,759.8047932685785,21006,44,7,2,True,True,luminosity-vs-nemiga-m2-dust2,pro,de_dust2,21050,3b306c71b2,m4a1_silencer,True,False,False,False,False,False,0.0,0.0,0.0,rifle,0.38101388469997,False,20814
205.38733386003472,36.02974385745162,33.09698559729198,8025.123805207713,2.023872677830122,3.564760984688009,2.023872677830122,3,24.205070908182844,42.4660793884736,0,684.8172505294157,191.17040286921852,324.07267932138365,119438,54,6,2,False,True,aurora-vs-9z-m1-dust2,pro,de_dust2,119492,9885584175,glock,False,False,False,False,False,False,0.0,0.0,0.0,pistol,0.3810037184986705,False,119246
108.90584482038264,35.56359108690695,73.51631982975927,3983.099068504488,6.743885947978316,3.140456591472309,0.5775662358661936,0,43.7090605180616,20.74127776423956,0,369.3236186865664,203.41940238436263,1021.224823126816,32033,82,18,7,False,True,match730_003845848209444307084_2046226831_274,own,de_dust2,32115,6c9253641d,mac10,False,False,False,False,False,False,53.0,0.0,0.0,smg,0.3809778662596665,False,31841
60.93848622624411,18.516999086829408,43.90804147720198,1551.2774895051762,1.1347754500367988,3.009018994009042,1.1347754500367988,4,12.01304837168162,32.40851431886706,2,605.2666919279682,124.85740965975702,537.4925706851752,147126,0,1,1,True,True,aurora-vs-9z-m1-dust2,pro,de_dust2,147126,7a9df6b20d,m4a1_silencer,True,False,False,False,False,False,0.0,0.0,0.0,rifle,0.38093183430644684,False,146934
57.23969313449296,18.84381028816059,44.61197916666666,1620.0667068965845,1.9603479166032,3.4703375346759406,1.9603479166032,2,17.87046844027802,32.412149108387005,1,512.2143164391651,119.31591943389634,589.8118024772971,120442,25,5,3,False,True,match730_003846114907586035842_2006638891_196,own,de_mirage,120467,8a33bc3a37,ak47,False,False,False,False,False,False,31.0,0.0,0.0,rifle,0.3807858335195559,False,120250
80.27832199346335,19.926336092606284,43.70626616452031,2565.0679500398887,4.179836116804262,5.913441396477427,4.179836116804262,0,26.65762014202753,37.1032640143702,0,364.58092427729656,117.41526327564408,185.63643963560835,49868,0,1,1,True,True,astralis-vs-fnatic-m2-ancient,pro,de_ancient,49868,c023f685ab,deagle,True,False,False,False,False,False,0.0,1.0,0.0,pistol,0.3807808200570368,False,49676
134.79811446359693,37.29611621069584,35.92527281637466,1999.386822984503,2.646716565550003,5.677965444873061,0.4627302645280393,1,15.109443973664252,33.366183867222034,2,326.78768461521554,189.7160039637456,236.3996336740057,76098,0,1,1,True,True,match730_003845735833772490759_0956054515_272,own,de_inferno,76098,11a0f5ab5d,deagle,False,False,False,False,False,False,54.0,0.0,0.0,pistol,0.38061240265895324,False,75906
78.9578591064934,15.587086449976296,29.75028225492291,3666.7404828155777,0.8980987159382069,3.886224838848694,0.8980987159382069,4,9.231812192393958,39.88956994797075,3,588.8057493416669,92.00398985466586,625.6582465292572,114418,13,3,3,True,True,match730_003845735833772490759_0956054515_272,own,de_inferno,114431,baaaf134bc,m4a1_silencer,True,False,False,False,False,False,14.0,0.0,0.0,rifle,0.38056800371659977,False,114226
102.7261237552066,13.610939095472505,50.8805367589878,4935.420478223239,1.6030238393855325,3.138953606420885,0.6488589443140318,5,16.872009932542742,33.05829460949281,3,595.9493740682158,133.71170517553307,104.68670157071148,23264,5,2,1,False,True,match730_003846224175849013887_1403891103_383,own,de_anubis,23269,0c250789aa,galilar,True,False,False,False,False,False,61.0,0.0,0.1347885131835937,rifle,0.3805358054556136,False,23072
44.51708780591977,13.71222038143144,19.070516250806797,2036.648119002827,0.7583263698321938,2.247144974072293,0.7583263698321938,6,8.562651552854774,24.887422277739336,4,646.8743425609358,96.73236200615015,368.3654645743306,76377,25,5,4,True,True,match730_003845721267390906757_0873910189_273,own,de_anubis,76402,6b4b6c808f,ak47,False,False,False,False,False,False,31.0,1.0,0.0,rifle,0.38046493974590245,False,76185
105.96842522263432,32.81615316022031,15.075059116713504,4830.548889461159,0.929283815578954,1.9151589726359648,0.929283815578954,8,12.320661729351713,25.791674450363576,5,759.4663495028578,152.2095879951425,793.8091584700026,85398,0,1,1,True,True,match730_003846055312767320440_2034169741_274,own,de_nuke,85398,8a33bc3a37,deagle,False,False,False,False,False,False,18.0,0.0,0.0,pistol,0.38045319008659606,False,85206
133.76953125,42.22095423298219,25.6303133872193,3963.446178881625,2.903362149725546,4.652344830511495,2.3970895045953813,4,26.632437378113277,43.37025800299486,0,524.976065837476,115.53706519785966,267.7786866122297,44594,13,3,2,True,True,match730_003846095210866016783_0292086677_161,own,de_ancient,44607,26eeb217ae,ak47,False,False,False,False,False,False,40.0,0.1145835369825363,0.0,rifle,0.38044754245062573,False,44402
59.960606072221246,17.958559313413527,42.46143189259164,2365.178749143114,1.8110306625858272,2.2408186064213056,1.387835781955651,8,18.20768995195218,21.885932045303555,5,572.7651477991485,62.29457909443119,172.87388320865404,42500,0,1,1,True,True,match730_003846114907586035842_2006638891_196,own,de_mirage,42500,6f05066c08,m4a1,True,False,False,False,False,False,21.0,0.0,0.0,rifle,0.3804330433610118,False,42308
69.53274155977866,18.980082590357316,34.89984800135642,1904.89616983276,0.9023243967189158,1.5407126976416363,0.3893563356682787,23,13.12401366101934,22.63902503123844,2,830.6457088000378,181.7826647623256,199.6562417682336,77937,0,1,1,True,True,aurora-vs-9z-m2-mirage-p1,pro,de_mirage,77937,c1c75a4da6,m4a1_silencer,True,False,False,False,False,False,0.0,0.0,0.0,rifle,0.3803954772598532,False,77745
207.267578125,29.12251322618026,38.50609411614666,6427.074278795621,1.160429200861856,2.6471300979120045,1.160429200861856,5,10.264666648934847,23.468752068378063,3,506.672547697585,32.132611242180495,13.28989270839068,16819,0,1,1,True,True,aurora-vs-9z-m1-dust2,pro,de_dust2,16819,6e8537eb46,galilar,True,False,False,False,False,False,0.0,0.115712359547615,0.0,rifle,0.38037146190715304,False,16627
114.8014100376954,33.656207612422705,16.96445455415234,2638.221961093471,2.151958721778328,2.80225321971968,2.151958721778328,7,14.12416960326898,18.51376690357125,7,374.8973438574475,107.08479252848836,615.8662964653795,56002,26,5,2,False,True,match730_003833682433258029322_1216037504_161,own,de_dust2,56028,aa97ccafe5,ak47,False,False,False,False,False,False,9.0,0.0,0.0,rifle,0.3802619606862297,False,55810
64.28771024072883,13.923075716640348,7.095794488349751,2701.865013206343,1.2405022849470493,1.5543406848975372,1.2405022849470493,10,20.02402772151481,25.336642013978384,0,924.074043464682,113.61392248242652,558.5553020034661,28197,13,3,2,True,True,match730_003845735833772490759_0956054515_272,own,de_inferno,28210,8b02ca5490,m4a1_silencer,False,False,False,False,False,False,32.0,0.0,1.0,rifle,0.3801572678846651,False,28005
239.69661263223657,62.08815693738106,70.77392578125,6865.229550650389,7.091117938354544,8.364533016527677,7.091117938354544,0,46.0109528228364,53.5419316871904,0,367.5237064299065,159.74451108419993,140.1168618660374,100863,67,15,2,False,True,match730_003845735833772490759_0956054515_272,own,de_inferno,100930,db46f148b7,mac10,True,False,False,False,False,False,43.0,0.0,0.0,smg,0.38013801878244513,False,100671
45.74609375,14.930186021501775,18.52764482486268,1688.875,0.973936755074508,1.5851356409452175,0.9294722152743994,15,10.740954882050778,17.50882670244215,6,631.7410719507518,57.23064472153349,252.4654609205585,77020,51,9,4,False,True,luminosity-vs-nemiga-m2-dust2,pro,de_dust2,77071,798c33b296,ak47,False,False,False,False,False,False,0.0,0.0,0.0,rifle,0.38006678350951156,False,76828
142.60247981418502,23.35336004647673,22.5821883523007,5448.433133952194,2.557625258117066,2.6794780979123898,0.4042207353876363,7,35.04874701658562,36.52973791706843,0,782.476197189408,179.7757244886033,319.24327865106443,17816,33,6,1,False,True,astralis-vs-fnatic-m1-dust2,pro,de_dust2,17849,ca06492643,mp9,False,False,False,False,False,False,0.0,0.0,0.0,smg,0.3800415502393298,False,17624
143.78542657600994,19.069183400849237,29.02000494537211,4394.25453583145,3.895840311863038,5.128306425110789,2.504540598232607,0,27.58304662305485,36.62597910287843,0,404.4776849277648,89.37403767345549,165.01790960407703,5612,0,1,1,True,True,astralis-vs-fnatic-m2-ancient,pro,de_ancient,5612,dd32420517,glock,True,False,False,False,False,False,0.0,1.0,0.0,pistol,0.37999356023585734,False,5420
130.86531121753137,24.961846480247537,20.39344351111556,8375.379917922008,6.448983486685253,6.485478025122729,6.032998231537206,0,43.39833968869812,42.53384607095282,0,383.6144324479549,224.40083620872397,839.0460823981131,87259,46,10,4,False,True,match730_003846095210866016783_0292086677_161,own,de_ancient,87305,cd1c592f75,mp7,False,False,False,False,False,False,46.0,0.0,0.0,smg,0.37996113960348427,False,87067
236.27089526298383,63.02438544911479,59.03896732265301,5812.149880745291,6.11234691795591,11.296708349207742,5.58407923877489,0,31.73733877423543,61.23085548572321,0,294.1026898383388,101.40413019221307,269.8651762588314,100057,20,5,1,False,True,match730_003833678395988770820_2132169428_161,own,de_dust2,100077,8a33bc3a37,mp7,False,False,False,False,False,False,10.0,0.0,0.0,smg,0.37987508244837936,False,99865
122.2761783615609,29.47247830969209,21.64554731110755,4291.451997998207,2.838028839797285,3.773931108432225,2.838028839797285,1,14.269254043391287,19.00342449099399,2,287.56407242082776,101.06049656924012,217.76023541548037,17632,57,10,3,False,True,match730_003846055312767320440_2034169741_274,own,de_nuke,17689,0218c18796,ak47,False,False,False,False,False,False,33.0,0.0,0.0,rifle,0.3797713418686594,False,17440
108.78412468105486,20.05437673124259,9.307517868933958,2163.739950786832,4.012997733104993,4.381977849710767,2.835411176655952,0,29.88423296464693,32.67355636670972,0,425.8759055826134,35.7406082945091,184.72057967974067,132399,34,8,5,False,True,match730_003846095210866016783_0292086677_161,own,de_ancient,132433,9c0b0079af,mac10,False,False,False,False,False,False,8.0,0.0,0.0,smg,0.37975728599912406,False,132207
76.97030607718975,32.75858020169612,14.098412982458564,2100.908530822797,0.588644138649691,1.9676463947696945,0.588644138649691,8,6.910766508223154,22.84037271956939,4,672.5254341095097,125.70395952541328,804.1454499328606,31355,17,4,3,False,True,match730_003833682433258029322_1216037504_161,own,de_dust2,31372,916fd9f867,famas,False,False,False,False,False,False,19.0,0.0,0.0,rifle,0.37958904086291234,False,31163
59.74735321982043,18.0740664089685,16.569171104222537,2401.0512659102205,2.037193325261554,2.315483750940859,1.1829773432246913,11,22.136712554962784,25.91560465633778,0,618.2759025678602,229.2289848186003,755.7264877004236,82603,0,1,1,True,True,match730_003845721267390906757_0873910189_273,own,de_anubis,82603,8a33bc3a37,usp_silencer,False,False,False,False,False,False,19.0,0.0,0.0,pistol,0.379540692031852,False,82411
125.68800575082513,37.53979396516215,16.793485480401824,3095.9932969109286,1.5805427016338405,4.463043105946932,1.5805427016338405,3,13.806676129166243,39.33280062413282,2,492.7440108257304,85.26313276091065,248.64429176811183,32558,26,5,3,False,True,match730_003829380948349157814_1390656678_161,own,de_dust2,32584,40a412aa4d,ak47,False,False,False,False,False,False,90.0,0.0,0.3996427059173584,rifle,0.3793890234749938,False,32366
91.5723706702384,22.47080361722396,8.549907387137807,2158.0388128596314,0.4685676033100047,2.4406954315011062,0.4685676033100047,6,6.259721931867584,33.35630672531075,4,764.1528243607739,236.22060563873637,899.6134000469762,75776,12,3,1,False,True,match730_003845735833772490759_0956054515_272,own,de_inferno,75788,11a0f5ab5d,ak47,False,False,False,False,False,False,54.0,0.0,0.0,rifle,0.3791664967635304,False,75584
74.970703125,18.88633217125563,19.28474908003013,1884.3922612855768,1.5800300477372906,2.3694789974263144,1.5800300477372906,8,18.696274807906004,28.77611400862613,3,666.0519021602105,223.1934572678262,898.8689798083533,85868,0,1,1,True,True,match730_003846087479924883540_0606572273_161,own,de_mirage,85868,9c0b0079af,deagle,True,False,False,False,False,False,6.0,0.0,0.0,pistol,0.3791490058676469,False,85676
93.923845264443,19.145604660001265,20.5610541940663,3110.7894036347147,2.4306692596493047,1.6891479454388836,0.1130328139744451,18,24.181057270908767,16.803583117749167,0,569.3538470454309,91.36512026858288,88.4695713797734,35151,32,6,2,False,True,luminosity-vs-nemiga-m1-cache,pro,de_cache,35183,c4ceacecd8,ak47,True,False,False,False,False,False,0.0,0.0,0.0,rifle,0.3790256489413536,False,34959
74.58439109592054,13.467824597614907,9.976068774342073,3386.993475160714,0.8319371270584973,1.3249515261843952,0.8319371270584973,11,12.650133542307085,20.279193420209072,7,871.115792795385,150.4433808943503,359.8011225089224,66154,13,3,2,True,True,aurora-vs-9z-m1-dust2,pro,de_dust2,66167,7a9df6b20d,m4a1_silencer,False,False,False,False,False,False,0.0,0.0,0.0,rifle,0.3789994083594535,False,65962
78.95383988597884,26.49400216488231,8.530364511887546,1989.5652360262825,2.896469627978909,2.8892592453286494,2.750776384818414,5,31.367943243685144,30.688743811632303,0,619.9497631289368,127.82676862302374,429.579192940616,117875,38,9,5,True,True,aurora-vs-9z-m2-mirage-p1,pro,de_mirage,117913,c1c75a4da6,mac10,True,False,False,False,False,False,0.0,1.0,0.0,smg,0.37897739784031015,False,117683
160.75875261128925,26.327220433200623,42.780253991993455,4333.559149839915,2.8905169254824674,3.698987764596537,2.211671655640594,2,29.89857035392929,38.147171946385605,0,585.3245636137635,72.85848719758775,123.03835374519444,63558,6,2,1,False,True,astralis-vs-fnatic-m1-dust2,pro,de_dust2,63564,3f5c0f1ef2,ak47,True,False,False,False,False,False,0.0,0.0,0.0,rifle,0.3788385519565069,False,63366
143.75383907333236,43.14831036673324,40.49485857777682,3450.713360196268,2.517865741556479,3.820935916777512,0.9048512931810708,3,17.72744110752339,27.42310010300889,2,402.7321569157,119.94105914748803,560.7595143308386,117030,19,4,2,True,True,match730_003846095210866016783_0292086677_161,own,de_ancient,117049,9c0b0079af,ak47,True,False,False,False,False,False,8.0,0.0,0.0,rifle,0.3788271263126669,False,116838
59.76497641217719,8.749793670361916,13.603685779647668,1652.2853049920584,1.578413995126822,2.0142095066506185,1.578413995126822,10,19.38456329101373,24.73107666401849,1,695.5750882162407,95.22595675105252,414.4519562908093,187626,6,2,1,False,True,luminosity-vs-nemiga-m2-dust2,pro,de_dust2,187632,f730a5e684,ak47,True,False,False,False,False,False,0.0,0.0,0.0,rifle,0.37881062148955036,False,187434
109.02814884865066,20.579272577210503,24.030314133829798,2885.5055386243657,1.157558321714116,1.2973454990623774,0.887093799740965,19,18.813315463599544,21.090244318207034,4,930.9579126039462,118.7078302742642,116.92251436175196,17607,25,5,1,False,True,aurora-vs-9z-m1-dust2,pro,de_dust2,17632,9885584175,ak47,True,False,False,False,False,False,0.0,0.0411908626556396,0.0,rifle,0.37876729378141755,False,17415
46.311357079945104,16.95230325984837,18.972908323513987,1929.9214556188365,1.6900595347434997,1.5869254509272896,0.658790529305952,10,16.05189460051345,15.625505555691962,7,543.8734004604638,206.5048085628501,340.2697667036313,86707,80,11,2,False,True,match730_003833678395988770820_2132169428_161,own,de_dust2,86787,b2feea7c7d,ak47,False,False,False,False,False,False,24.0,0.0,0.0,rifle,0.3787071159945454,False,86515
174.65751542448416,33.88278980474423,12.227963982259178,8617.299737166986,5.096759083989237,4.878652521499514,2.216975151272638,0,44.00705117864305,43.06401018855737,0,473.2964874597336,213.2423165626273,537.4006139778672,68379,87,18,3,False,True,match730_003829380948349157814_1390656678_161,own,de_dust2,68466,8a33bc3a37,mp7,False,False,False,False,False,False,6.0,0.0,0.0,smg,0.37857950942814783,False,68187
98.81152131900706,17.204550948204666,35.35217311857276,3573.6858799992424,2.5055554484644307,4.620900149645269,0.9838548250028804,5,13.78217712438965,28.260896358027843,5,314.2528603672492,189.83257404239583,296.8777199725041,81691,25,5,4,False,True,match730_003846114907586035842_2006638891_196,own,de_mirage,81716,8a33bc3a37,ak47,False,False,False,False,False,False,33.0,0.0,0.0,rifle,0.37851103062404484,False,81499
88.11507272740388,36.49207223721013,30.203909831714967,2394.216515961983,1.9308121130370308,2.910152297305396,1.9308121130370308,4,16.84340147564963,25.96503208819344,2,499.4779635936549,125.52531698632694,569.064811014242,118362,26,5,1,False,True,match730_003846055312767320440_2034169741_274,own,de_nuke,118388,6a8c9faae0,ak47,True,False,False,False,False,False,43.0,0.0,0.0,rifle,0.3783204959064525,False,118170
86.27172978099789,16.671353455221457,23.591058942030497,2743.420975422271,1.8079227836941565,3.18638301344573,1.5433134133457855,6,13.705426147510902,23.90042231516173,6,416.3562604846665,60.26364958238848,230.85436491798444,72754,6,2,1,False,True,furia-vs-betboom-m2-cache,pro,de_cache,72760,52f704f8ce,ak47,True,False,False,False,False,False,0.0,0.0,0.0,rifle,0.3783196086237191,False,72562
73.44967028476987,29.228830306443182,21.69617580113576,3190.045134492292,1.6249837159217748,2.5590357309703835,1.6249837159217748,7,10.457404556469488,17.14200491045106,6,368.4606877610363,121.80049137334076,260.26657427127407,3613,0,1,1,True,True,match730_003829380948349157814_1390656678_161,own,de_dust2,3613,8a33bc3a37,usp_silencer,True,False,False,False,False,False,6.0,0.0,0.0,pistol,0.3783004221552281,False,3421
113.74156637681808,43.40431115722744,23.65154207201807,3266.271487332604,1.7974913567916242,2.9033013995302297,1.2377077870584436,5,15.01529008484802,24.812461705933494,5,474.7066208785064,110.49887403015263,178.8544272024049,43341,19,4,2,False,True,match730_003846224175849013887_1403891103_383,own,de_anubis,43360,2f550dd2cf,ak47,False,False,False,False,False,False,73.0,0.0,0.0,rifle,0.378268384054362,False,43149
102.51571127805494,27.95812688381893,58.67830982128542,4087.788952931072,3.4721061311011128,4.685108068956401,1.9078448384828304,0,22.449220643380656,30.635383719869655,0,369.7198607281463,205.36771096329315,811.9391855617073,85604,32,6,4,False,True,match730_003845848209444307084_2046226831_274,own,de_dust2,85636,d9f31878b9,m4a1_silencer,False,False,False,False,False,False,57.0,0.0,0.0,rifle,0.3781286945573439,False,85412
126.16016916211828,28.8839369118826,8.029303149699762,2393.987546641796,1.7773392127989067,2.691103109108873,1.7682761855770024,5,19.64448559190352,29.806425781376447,3,619.4719396289096,37.78471597817804,331.6974037374439,33644,0,1,1,True,True,aurora-vs-9z-m2-mirage-p1,pro,de_mirage,33644,ac7afcf085,ak47,True,False,False,False,False,False,0.0,0.0,0.0,rifle,0.3779702912788597,False,33452
120.97408850323124,31.933363704967736,24.103641020525163,2821.0946428563857,2.532271354136244,4.109579037863592,2.532271354136244,3,15.645431770217735,26.591448842101624,4,350.27266016782744,124.79988924393784,690.9732571071607,36230,7,2,1,False,True,match730_003845848209444307084_2046226831_274,own,de_dust2,36237,d9f31878b9,ak47,True,False,False,False,False,False,57.0,0.0,0.0,rifle,0.37789495904728054,False,36038
148.95761146779537,17.360133963504527,51.44703948052367,3407.588442573594,1.443745409197625,2.6469743862631305,0.969026763434542,4,18.26854611273992,33.75422057165053,2,723.4593086401294,224.66566179140293,650.0817914542935,12336,34,7,5,True,True,astralis-vs-fnatic-m1-dust2,pro,de_dust2,12370,d8f9528a3a,famas,False,False,False,False,False,False,0.0,0.0,0.0,rifle,0.37783648833982625,False,12144
71.37781705491363,18.851165341154623,22.277749146879906,3098.7882058019923,2.695565595476724,3.198716805878827,0.5732916284929738,1,25.017239864835627,29.803416232453863,0,531.2090846597575,189.8029443907461,337.4712261152062,122147,0,1,1,True,True,aurora-vs-9z-m2-mirage-p1,pro,de_mirage,122147,7a9df6b20d,fiveseven,True,False,False,False,False,False,0.0,1.0,1.0,pistol,0.3777224834335504,False,121955
135.710754377718,33.37456430684115,14.410248608534593,2557.777679702924,1.593389156058575,2.3530429537223405,0.6320740550652022,8,16.597530338018604,24.521286733606694,3,596.3024858338778,140.56592725764938,998.5213405866702,140089,0,1,1,True,True,luminosity-vs-nemiga-m2-dust2,pro,de_dust2,140089,798c33b296,m4a1_silencer,False,False,False,False,False,False,0.0,0.0,0.7909426689147949,rifle,0.37768701721027126,False,139897
93.98419481166648,34.11338267708048,47.75398556421127,4071.613467946655,3.247049016700205,2.730393705668246,0.6251477805151449,0,22.131389446240394,19.050744834600074,0,389.9515771343518,105.33431091782047,276.4347477930563,42927,23,2,1,False,True,match730_003846114907586035842_2006638891_196,own,de_mirage,42950,8a33bc3a37,deagle,False,False,False,False,False,False,32.0,1.0,0.0,pistol,0.37767615205211985,False,42735
82.39628905416654,29.28579737202176,34.51632875858136,1937.14928570139,2.3169771863628665,3.475566648321238,2.3169771863628665,4,17.73980269189097,25.933984851182917,2,438.2558050696903,167.06432926203786,134.72725392899977,58138,17,4,2,False,True,luminosity-vs-nemiga-m1-cache,pro,de_cache,58155,95f0d4db09,m4a1,False,False,False,False,False,False,0.0,0.0,0.0,rifle,0.3775734488488689,False,57946
104.92735142848568,23.783368719020576,18.952413953751496,4422.134272025913,4.392983269575263,5.6641209678695805,1.020597009819365,0,21.977302981364552,28.333609334933907,0,284.9664829840472,84.16755891816884,337.16950888707623,35641,54,7,3,False,True,match730_003845721267390906757_0873910189_273,own,de_anubis,35695,dd54131796,ak47,True,False,False,False,False,False,24.0,0.0,0.0,rifle,0.37745395529485376,False,35449
269.6223154761134,38.97133346263404,75.48750240233349,7118.470539472235,4.366951924452307,6.702757714246954,2.117245727330078,0,35.43128702536008,55.07447318533464,0,463.7924939108922,120.9966484739832,231.4561434887492,115700,41,10,2,False,True,aurora-vs-9z-m2-mirage-p1,pro,de_mirage,115741,9885584175,mp9,True,False,False,False,False,False,0.0,0.0,0.0,smg,0.37721065900058587,False,115508
99.13524462181353,29.16073877643053,30.32362115461474,3509.247605356059,3.675156459734239,5.833310970877428,2.0195225485900994,0,16.484365148895133,27.651768047982387,2,256.44318262598006,118.73474819456511,429.3740146651168,4047,0,1,1,True,True,match730_003846224175849013887_1403891103_383,own,de_anubis,4047,2f550dd2cf,glock,True,False,False,False,False,False,73.0,0.0,0.0,pistol,0.3769220925327356,False,3855
106.69781257028195,17.34060254787679,15.601234662361437,4157.16842016613,3.347939361902358,3.1862822563055824,0.5216692637881313,0,19.030275277713017,18.14261235709755,1,321.70889278719505,233.00868532619975,875.5999388005533,75204,0,1,1,True,True,match730_003829380948349157814_1390656678_161,own,de_dust2,75204,ba3ac6a90d,p250,True,False,False,False,False,False,44.0,0.0,0.0,pistol,0.37687822693326944,False,75012
193.91183804460695,37.76376902499916,15.586839845469608,4595.450600658918,0.9964938868061316,2.5801388590498058,0.9964938868061316,7,9.121383474807612,24.204683266484302,4,523.2097112324336,168.36665941646675,907.738572139186,80263,0,1,1,True,True,match730_003833678395988770820_2132169428_161,own,de_dust2,80263,4ccc3c6dfc,glock,True,False,False,False,False,False,46.0,0.0,0.0,pistol,0.3767269940543158,False,80071
130.22074478485402,17.37835335797626,56.1396582017735,3612.989982234352,1.696328813070777,2.7563799979638803,0.4868192993293145,5,14.070688741061282,23.46889382149893,4,474.86807468387536,230.1638925400997,314.70841698848983,102820,12,2,2,True,True,aurora-vs-9z-m1-dust2,pro,de_dust2,102832,9885584175,usp_silencer,True,False,False,False,False,False,0.0,0.0,0.0,pistol,0.37671870825694764,False,102628
119.9892530715194,38.39468672311888,19.392072092176026,2551.0794081271883,1.243509953050343,2.435166106052212,1.243509953050343,6,16.989473289176534,34.04162610528748,2,773.440921578693,223.06719050669315,821.2805395517897,55873,7,2,1,False,True,match730_003846087479924883540_0606572273_161,own,de_mirage,55880,7b600d11e9,ak47,True,False,False,False,False,False,5.0,0.0,0.0,rifle,0.3765320156098323,False,55681
123.06884765625,16.235718019008104,11.443475026821623,4457.130995972661,0.9553246168471622,1.866286046418692,0.9553246168471622,12,13.986892047644854,27.32665390600266,2,837.918523136462,1.3602503947530546,198.45297398083528,148651,13,3,2,False,True,luminosity-vs-nemiga-m1-cache,pro,de_cache,148664,524f4d4415,ak47,False,False,False,False,False,False,0.0,0.0,0.0,rifle,0.37651931457252286,False,148459
243.50021356224704,59.71253027334016,37.31047385271964,4748.8195813727525,6.141304129248746,7.662894601323612,5.972675089017232,0,41.27152453267358,53.40185254722646,0,383.4449996211565,97.39750985969404,645.7415048331414,38535,10,3,1,False,True,match730_003845721267390906757_0873910189_273,own,de_anubis,38545,6b4b6c808f,mac10,False,False,False,False,False,False,30.0,0.0,0.0,smg,0.3762967093707604,False,38343
95.76716121836228,38.132544886105165,16.893596728269063,2955.7992995786763,5.322148517551595,4.455384456026627,3.499606120006829,0,39.68279890586454,32.91968754835655,0,420.5833450619416,162.91820057890686,207.42328848470345,34271,0,1,1,True,True,luminosity-vs-nemiga-m2-dust2,pro,de_dust2,34271,f730a5e684,mp9,False,False,False,False,False,False,0.0,0.0,0.0,smg,0.3761507001106399,False,34079
82.06442410144673,22.774686798668498,15.392691305285725,3369.890321977286,1.462344201716686,3.3048146496400603,0.568077528971694,5,17.91641912931979,40.93958907778951,2,701.6488867080359,111.18535465782011,577.0281976692181,46192,0,1,1,True,True,match730_003846224175849013887_1403891103_383,own,de_anubis,46192,0c250789aa,ak47,True,False,False,False,False,False,62.0,0.0,0.0,rifle,0.3758906619412968,False,46000
93.77010093854396,22.052807770266007,10.385458572552086,2109.489371899335,2.3195858325503718,2.724977452274478,2.2549121993333103,7,25.768704164984698,30.766461619470057,0,617.5383859521626,116.74558193445304,255.21143461838284,20299,32,6,5,False,True,match730_003846114907586035842_2006638891_196,own,de_mirage,20331,a0aa94d8fe,m4a1_silencer,False,False,False,False,False,False,36.0,0.0,0.0,rifle,0.37582535509605475,False,20107
141.19377924721388,31.37646399622971,25.90938624149806,2970.0,1.6877842918887935,3.469928510355546,1.5785512013573368,5,20.13644918556068,42.99773808454371,0,683.2023055806297,182.80541565430207,1016.7413988506564,31502,61,13,6,True,True,match730_003829380948349157814_1390656678_161,own,de_dust2,31563,0ecd5d7027,mp7,False,False,False,False,False,False,73.0,0.0,0.0,smg,0.37580748513680207,False,31310
56.83550890154656,11.536123795739494,25.79308766172096,1948.2110339035728,1.4587773623714646,2.911136623995854,1.4587773623714646,5,16.770067211311858,33.90452660062331,1,658.4040733822724,111.09746305749928,375.8917622213592,77409,23,5,4,False,True,match730_003845721267390906757_0873910189_273,own,de_anubis,77432,2a309cc914,m4a1,False,False,False,False,False,False,48.0,0.0,0.0,rifle,0.37572378557585306,False,77217
91.88638032768912,20.350812878484085,9.940408842887049,3045.640102947965,2.5723654924052144,2.323417672512882,0.3485055318050508,11,22.07817065004263,19.753161887546334,0,479.7602463180948,68.42400328612177,346.7492037918664,50480,19,4,4,True,True,match730_003829380948349157814_1390656678_161,own,de_dust2,50499,0ecd5d7027,ak47,True,False,False,False,False,False,73.0,0.0,0.0,rifle,0.37560095413466305,False,50288
83.35091556716705,18.853157354145573,15.960279739990382,2766.098987886154,0.5961409820329238,1.7351251386962805,0.4625742592000519,8,9.042959699841878,26.42508226220179,5,858.4625492657384,86.94296859245745,117.11764374688252,134603,12,3,2,True,True,luminosity-vs-nemiga-m2-dust2,pro,de_dust2,134615,d61b8b9081,ak47,True,False,False,False,False,False,0.0,0.0,0.0,rifle,0.3755780180729795,False,134411
98.20109098963692,22.346413339927103,24.28285779282623,3449.386083481654,1.2690728050481743,3.959563322418072,1.2690728050481743,4,8.779547740401256,26.951369124408835,4,376.1491086678407,62.404083198775766,57.78364522061952,65100,58,10,4,True,True,match730_003831793800846508273_1359762374_161,own,de_mirage,65158,237144b7d2,ak47,False,False,False,False,False,False,44.0,0.0,0.0,rifle,0.3753180961283729,False,64908
139.46055134465547,36.04509374094426,31.74365099689176,6803.056158476171,3.598278951196242,2.049008317711187,1.1965509803076162,0,39.50203304699224,22.64774084628169,0,628.0637100050254,103.14357020095537,131.68637720106264,109113,148,34,4,False,True,match730_003845735833772490759_0956054515_272,own,de_inferno,109261,8a33bc3a37,p90,True,False,False,False,False,False,20.0,0.0,0.0,smg,0.3751844825773734,False,108921
91.6893068277287,28.02659149695713,35.60226710245433,1621.4383964677163,1.1746644884714792,2.019346660259882,1.0805904301570963,9,16.118036973045594,27.752925245717552,3,785.6149538737617,177.2497417742054,193.84738500627043,215455,20,4,4,True,True,luminosity-vs-nemiga-m2-dust2,pro,de_dust2,215475,95f0d4db09,ak47,False,False,False,False,False,False,0.0,0.0,0.0,rifle,0.3750290388355517,False,215263
117.78667118655746,32.220064878234886,20.77572055721201,2784.25,0.8899625780123356,2.668586650419508,0.3366422549474537,6,9.246213783678826,29.043798862386154,5,595.11019071076,156.04724164151764,774.8142076312453,86549,19,3,3,True,True,match730_003833678395988770820_2132169428_161,own,de_dust2,86568,39c6a8b9b8,tec9,True,False,False,False,False,False,144.0,0.0,0.0,pistol,0.37492253316335766,False,86357
113.54687997637669,28.175596438509267,21.76847652557501,2577.188784173267,1.533526225732127,2.552926310987098,0.5150221360788149,6,12.5334770812979,20.88941348988442,4,467.8718086615618,111.77644423004558,181.38877882421716,21740,14,4,2,True,True,match730_003833682433258029322_1216037504_161,own,de_dust2,21754,c2d6ff7eff,mac10,False,False,False,False,False,False,48.0,0.0,0.0,smg,0.37451473555909726,False,21548
75.81933406963033,16.375750260271893,11.205304107416366,2711.526559920859,1.778854579332798,1.9365361318327765,1.5574362337263004,13,20.49277841611068,22.308291187759984,0,654.5858648070827,87.46298334255468,90.89998611411028,130422,0,1,1,True,True,aurora-vs-9z-m1-dust2,pro,de_dust2,130422,c1c75a4da6,famas,True,False,False,False,False,False,0.0,0.0,0.0,rifle,0.37416601332254096,False,130230
78.11909024431311,19.12822867807469,14.98917611203113,2277.400149861727,2.0234857201924874,2.041465196909072,0.372865985391994,15,24.098047292320704,24.4109415491992,0,680.390687081474,73.73814044185143,43.53868941448056,241473,12,3,1,False,True,furia-vs-betboom-m2-cache,pro,de_cache,241485,372a892754,ak47,True,False,False,False,False,False,0.0,0.0,0.5848401784896851,rifle,0.37412896890594044,False,241281
131.564522861324,30.690682926744667,16.65460111266985,4210.03351103751,1.4507822718166494,2.55149757731721,1.3626709561114274,6,11.94442763383236,21.952533269941696,5,471.1015710956916,198.72392146126427,341.27410730829547,19991,41,8,4,True,True,match730_003846095210866016783_0292086677_161,own,de_ancient,20032,c8d7238405,galilar,False,False,False,False,False,False,25.0,0.0,0.0,rifle,0.37402052454332313,False,19799
156.29150390625,38.64982875026004,28.247678113571684,4452.084283031546,1.3197180452201411,4.525565519168227,1.3197180452201411,4,10.235237113403963,36.38604625959696,4,439.3918447547099,54.46362917317603,107.41174862139748,111652,37,4,1,False,True,furia-vs-betboom-m2-cache,pro,de_cache,111689,c32a6f9c5c,glock,True,False,False,False,False,False,0.0,0.0,0.0,pistol,0.3739079413386707,False,111460
119.7371694583952,35.17551487909455,22.294921875,3159.342884652044,5.778039517828951,3.934890192228376,2.500060339821553,0,26.228184759701385,18.67835682613539,0,257.36329692838683,71.3219008017908,596.8826702523588,70493,34,8,4,False,True,match730_003845721267390906757_0873910189_273,own,de_anubis,70527,6b4b6c808f,mac10,False,False,False,False,False,False,31.0,0.0,0.0,smg,0.3739048558278349,False,70301
231.24419355577515,40.24504574897512,37.90735594064152,6898.941043806015,1.853800560982515,3.532771343892576,0.7929794643325419,5,15.860872081362338,30.62336264387138,4,419.06749355582497,131.4783891718577,257.55684725894884,92403,20,3,1,False,True,luminosity-vs-nemiga-m2-dust2,pro,de_dust2,92423,3b306c71b2,glock,True,False,False,False,False,False,0.0,0.0,0.0,pistol,0.373880987629898,False,92211
62.23506546116363,14.256683547251058,21.063893172693685,2626.812251270685,1.3873322171447535,2.934203759917488,1.3873322171447535,6,16.970344707376842,35.47280654559973,1,700.2716307053696,134.15297697617584,239.05801511824245,47796,23,5,2,False,True,match730_003831793800846508273_1359762374_161,own,de_mirage,47819,34f759c543,m4a1,False,False,False,False,False,False,67.0,0.0,0.0,rifle,0.37362748273255053,False,47604
100.38775016022954,29.52326208400035,22.59457749598617,3721.494162449402,2.353798967968477,2.2035289701336565,1.2899607983764865,9,21.242871248878387,20.35301782778961,0,516.7338073427438,86.66019504398349,413.7826195131477,138342,19,4,4,True,True,match730_003846095210866016783_0292086677_161,own,de_ancient,138361,26d15ffc47,ak47,False,False,False,False,False,False,38.0,1.0,0.0,rifle,0.3732937960850147,False,138150
99.185546875,16.112121074037404,29.716061164064712,3601.522860079192,1.252000823062225,3.236489378745323,1.252000823062225,4,11.99228620632173,31.300869779932054,3,548.6646131344409,2.732673470718653,186.6604940411572,16357,38,7,3,False,True,match730_003829380948349157814_1390656678_161,own,de_dust2,16395,0ecd5d7027,ak47,True,False,False,False,False,False,72.0,0.0,0.0,rifle,0.37317908878278905,False,16165
146.62716151576808,34.44673522718057,49.234422255137055,3763.7176774299296,1.4772480967235957,4.1122521360081405,0.287335836255406,3,12.481156828278545,35.012064720294305,3,466.9659513988519,30.77023035803445,242.82187912479895,122756,10,2,1,False,True,aurora-vs-9z-m2-mirage-p1,pro,de_mirage,122766,4044fff327,fiveseven,True,False,False,False,False,False,0.0,0.0,0.0,pistol,0.37296072798662405,False,122564
119.70638074830391,23.075232349264866,48.28870106172831,4143.591230206722,1.549887708245107,3.1024822108803463,0.8315780207166842,4,17.16846514714305,34.1858993798825,1,631.6041659377092,176.38905539012012,617.1963881792681,54269,19,4,3,True,True,match730_003846224175849013887_1403891103_383,own,de_anubis,54288,0c250789aa,ak47,True,False,False,False,False,False,62.0,0.0,0.0,rifle,0.3728055827032963,False,54077
73.13676204149363,17.85778404841904,37.7923021521091,2670.4033737462264,1.909320695067953,2.657850055768671,1.909320695067953,2,21.309052747435715,29.38637165655629,0,638.9034777546498,160.50252210244997,330.83294497879774,31805,19,4,2,False,True,match730_003833678395988770820_2132169428_161,own,de_dust2,31824,343338d9f7,ak47,True,False,False,False,False,False,40.0,0.0,0.0,rifle,0.37272542269629727,False,31613
101.73570652041889,21.28100868186855,8.845415871560562,4181.034636667557,4.1784045606463485,3.3771378645859045,1.5663860996850645,0,31.00921461652361,25.21520518904283,0,424.3888833150247,69.25986448619804,127.81922198692445,114321,15,4,2,False,True,match730_003833678395988770820_2132169428_161,own,de_dust2,114336,343338d9f7,mp7,False,False,False,False,False,False,38.0,0.0,0.0,smg,0.3723922033157244,False,114129
63.466586505748445,17.224950212150766,31.2361548823494,2543.1134292566367,0.8682125091157379,1.6610606083418638,0.6167345057998775,10,10.748946162144254,20.60341349220449,5,709.1833186042718,137.39113569595335,529.3850620735079,75342,26,5,4,False,True,furia-vs-betboom-m1-mirage,pro,de_mirage,75368,0f3b1e9da0,m4a1_silencer,False,False,False,False,False,False,0.0,0.0,0.0,rifle,0.3723014261451948,False,75150
119.06005216069669,30.895154961255983,23.972611110431767,2974.7792663671685,3.423418668786315,4.1485735481954125,0.6180596495137027,0,22.81075475343925,28.00403308360753,0,378.214378207725,19.59005231737973,178.52647757550145,7111,10,2,1,False,True,astralis-vs-fnatic-m1-dust2,pro,de_dust2,7121,7097f9c9f2,glock,True,False,False,False,False,False,0.0,0.0,0.0,pistol,0.3722964344116507,False,6919
78.33293029059213,19.41935894713805,22.54683547630675,3116.138416198204,2.414396290976195,2.7649447871446555,0.9888866481647892,8,22.404940105333875,26.10613946850481,0,531.0265302226453,118.40505406534687,439.8849773539613,82673,14,4,2,False,True,match730_003846055312767320440_2034169741_274,own,de_nuke,82687,f9d25d950a,mac10,False,False,False,False,False,False,20.0,0.0,0.0,smg,0.3720022200015899,False,82481
126.26432797549752,29.871088525454127,19.119853080370792,4703.283753214359,1.9095681511395488,2.8178351698079496,1.3299749435923405,6,23.391061495839555,34.13882398342696,0,699.1577616486313,37.8517797867107,116.32806388880276,30366,45,8,4,False,True,match730_003846095210866016783_0292086677_161,own,de_ancient,30411,26eeb217ae,ak47,False,False,False,False,False,False,41.0,0.1753154844045639,0.0,rifle,0.3717594289323,False,30174
198.1668157234733,55.97000612261694,44.74514387371681,9309.264535488714,2.835697994355772,3.7724903404175407,2.835697994355772,2,22.790947277145847,30.13403522226272,0,460.0806745058539,158.8486003448523,373.68325360233536,63706,34,8,4,False,True,match730_003845735833772490759_0956054515_272,own,de_inferno,63740,c0d4e00ddc,mac10,False,False,False,False,False,False,4.0,0.0,0.0,smg,0.37104932377111577,False,63514
146.53461093021664,30.57416382794536,26.136340451919736,4110.4201161499295,1.4534009315261338,3.0851709482315286,0.6538315024440252,3,13.774191216035176,29.849825898683367,2,542.7369554304867,143.5716343102687,214.45959031954752,60418,40,8,4,True,True,match730_003846055312767320440_2034169741_274,own,de_nuke,60458,657a17d37a,galilar,False,False,False,False,False,False,39.0,0.0,0.0,rifle,0.3705200230431257,False,60226
87.296875,19.32093514482247,17.277358177065874,2989.6290587728427,1.2322924111591067,2.1248873721843955,0.2534781364449869,7,12.170040884869795,21.536915245581103,6,565.5415256850434,83.62899840424343,229.1412926242846,87503,6,2,2,True,True,furia-vs-betboom-m2-cache,pro,de_cache,87509,c1aa9f613a,m4a1,True,False,False,False,False,False,0.0,0.0,0.0,rifle,0.37041396644186225,False,87311
69.03990935500903,21.735717442348605,25.7913693935988,2320.3056581310016,1.3717345868377706,2.518101205224242,1.0801637141075469,5,13.963415164408108,25.57670876136421,4,582.882332024895,132.6053909428342,295.6928018043238,3775,11,2,1,False,True,luminosity-vs-nemiga-m1-cache,pro,de_cache,3786,f730a5e684,glock,True,False,False,False,False,False,0.0,0.0,0.0,pistol,0.3697990836479163,False,3583
89.3193359375,36.90284541029634,27.2248456049857,3008.612084693223,4.660553887476601,4.912061749278951,1.365306232769037,0,28.96438838802236,31.08891164197915,0,355.0652107072512,146.16923241433807,374.0983642949074,15733,10,3,2,False,True,match730_003845721267390906757_0873910189_273,own,de_anubis,15743,ba2f9f431e,mac10,True,False,False,False,False,False,23.0,0.0,0.0,smg,0.369452987006161,False,15541
201.51113535448135,50.39204443595087,22.500204162790197,8442.272855034224,4.614865921891278,3.3077576758594183,1.5421490936135431,0,37.84982796223935,26.91251202281104,0,468.3438491930815,193.0795107855747,323.1133326635619,9051,0,1,1,True,True,match730_003829380948349157814_1390656678_161,own,de_dust2,9051,0ecd5d7027,mac10,False,False,False,False,False,False,73.0,0.0,0.0,smg,0.3675364471536993,False,8859
240.43377634273227,52.91549891123809,26.346606973047276,5431.842203258762,4.535114367805308,4.188070460776958,3.708425472492034,0,37.22894758311742,33.91643078609618,0,469.1579258798413,46.174137838028415,52.03092690249965,23221,34,8,3,False,True,furia-vs-betboom-m2-cache,pro,de_cache,23255,e1ccb1699e,mac10,True,False,False,False,False,False,0.0,0.0,0.0,smg,0.36733883681446444,False,23029
182.0888356897049,28.45510243706963,45.16199844609228,5821.78857334742,3.0191874268934096,3.6481000457054287,2.5993681901492955,0,26.805055305998778,32.84513143377675,0,488.3209123064597,160.24022047562747,801.1574676574246,86187,36,8,4,False,True,match730_003846055312767320440_2034169741_274,own,de_nuke,86223,30df2fc581,mp5sd,False,False,False,False,False,False,25.0,0.0,0.0,smg,0.36463781766216596,False,85995
